codice_belfiore,nome_comune,provincia,sigla,regione
A001,Abano Terme,Padova,PD,Veneto
A004,Abbadia Cerreto,Lodi,LO,Lombardia
A005,Abbadia Lariana,Lecco,LC,Lombardia
A006,Abbadia San Salvatore,Siena,SI,Toscana
A007,Abbasanta,Oristano,OR,Sardegna
A008,Abbateggio,Pescara,PE,Abruzzo
A010,Abbiategrasso,Milano,MI,Lombardia
A013,Abriola,Potenza,PZ,Basilicata
A014,Acate,Ragusa,RG,Sicilia
A015,Accadia,Foggia,FG,Puglia
A016,Acceglio,Cuneo,CN,Piemonte
A017,Accettura,Matera,MT,Basilicata
A018,Acciano,L'Aquila,AQ,Abruzzo
A019,Accumoli,Rieti,RI,Lazio
A020,Acerenza,Potenza,PZ,Basilicata
A022,Cermes,Bolzano/Bozen,BZ,Trentino-Alto Adige/Südtirol
A023,Acerno,Salerno,SA,Campania
A024,Acerra,Napoli,NA,Campania
A025,Aci Bonaccorsi,Catania,CT,Sicilia
A026,Aci Castello,Catania,CT,Sicilia
A027,Aci Catena,Catania,CT,Sicilia
A028,Acireale,Catania,CT,Sicilia
A029,Aci Sant'Antonio,Catania,CT,Sicilia
A032,Acquafondata,Frosinone,FR,Lazio
A033,Acquaformosa,Cosenza,CS,Calabria
A034,Acquafredda,Brescia,BS,Lombardia
A035,Acqualagna,Pesaro e Urbino,PU,Marche
A038,Acquanegra sul Chiese,Mantova,MN,Lombardia
A039,Acquanegra Cremonese,Cremona,CR,Lombardia
A040,Acquapendente,Viterbo,VT,Lazio
A041,Acquappesa,Cosenza,CS,Calabria
A043,Acquaro,Vibo Valentia,VV,Calabria
A044,Acquasanta Terme,Ascoli Piceno,AP,Marche
A045,Acquasparta,Terni,TR,Umbria
A047,Acquaviva Picena,Ascoli Piceno,AP,Marche
A048,Acquaviva delle Fonti,Bari,BA,Puglia
A049,Acquaviva Platani,Caltanissetta,CL,Sicilia
A050,Acquaviva Collecroce,Campobasso,CB,Molise
A051,Acquaviva d'Isernia,Isernia,IS,Molise
A052,Acqui Terme,Alessandria,AL,Piemonte
A053,Acri,Cosenza,CS,Calabria
A054,Acuto,Frosinone,FR,Lazio
A055,Adelfia,Bari,BA,Puglia
A056,Adrano,Catania,CT,Sicilia
A057,Adrara San Martino,Bergamo,BG,Lombardia
A058,Adrara San Rocco,Bergamo,BG,Lombardia
A059,Adria,Rovigo,RO,Veneto
A060,Adro,Brescia,BS,Lombardia
A061,Affi,Verona,VR,Veneto
A062,Affile,Roma,RM,Lazio
A064,Afragola,Napoli,NA,Campania
A065,Africo,Reggio Calabria,RC,Calabria
A067,Agazzano,Piacenza,PC,Emilia-Romagna
A068,Agerola,Napoli,NA,Campania
A069,Aggius,Sassari,SS,Sardegna
A070,Agira,Enna,EN,Sicilia
A071,Agliana,Pistoia,PT,Toscana
A072,Agliano Terme,Asti,AT,Piemonte
A074,Agliè,Torino,TO,Piemonte
A075,Agna,Padova,PD,Veneto
A076,Agnadello,Cremona,CR,Lombardia
A077,Agnana Calabra,Reggio Calabria,RC,Calabria
A080,Agnone,Isernia,IS,Molise
A081,Villa Latina,Frosinone,FR,Lazio
A082,Agnosine,Brescia,BS,Lombardia
A083,Agordo,Belluno,BL,Veneto
A084,Agosta,Roma,RM,Lazio
A085,Agra,Varese,VA,Lombardia
A087,Agrate Brianza,Monza e della Brianza,MB,Lombardia
A088,Agrate Conturbia,Novara,NO,Piemonte
A089,Agrigento,Agrigento,AG,Sicilia
A091,Agropoli,Salerno,SA,Campania
A092,Agugliano,Ancona,AN,Marche
A093,Agugliaro,Vicenza,VI,Veneto
A094,Ayas,Valle d'Aosta/Vallée d'Aoste,AO,Valle d'Aosta/Vallée d'Aoste
A096,Aicurzio,Monza e della Brianza,MB,Lombardia
A097,Aidomaggiore,Oristano,OR,Sardegna
A098,Aidone,Enna,EN,Sicilia
A100,Aielli,L'Aquila,AQ,Abruzzo
A101,Aiello del Sabato,Avellino,AV,Campania
A102,Aiello Calabro,Cosenza,CS,Calabria
A103,Aiello del Friuli,Udine,UD,Friuli-Venezia Giulia
A105,Aieta,Cosenza,CS,Calabria
A106,Ailano,Caserta,CE,Campania
A107,Ailoche,Biella,BI,Piemonte
A108,Aymavilles,Valle d'Aosta/Vallée d'Aoste,AO,Valle d'Aosta/Vallée d'Aoste
A109,Airasca,Torino,TO,Piemonte
A110,Airola,Benevento,BN,Campania
A111,Airole,Imperia,IM,Liguria
A112,Airuno,Lecco,LC,Lombardia
A113,Aisone,Cuneo,CN,Piemonte
A115,Alà dei Sardi,Sassari,SS,Sardegna
A116,Ala,Trento,TN,Trentino-Alto Adige/Südtirol
A117,Ala di Stura,Torino,TO,Piemonte
A118,Alagna,Pavia,PV,Lombardia
A119,Alagna Valsesia,Vercelli,VC,Piemonte
A120,Alanno,Pescara,PE,Abruzzo
A122,Alassio,Savona,SV,Liguria
A123,Alatri,Frosinone,FR,Lazio
A124,Alba,Cuneo,CN,Piemonte
A125,Alba Adriatica,Teramo,TE,Abruzzo
A126,Albagiara,Oristano,OR,Sardegna
A127,Albairate,Milano,MI,Lombardia
A128,Albanella,Salerno,SA,Campania
A129,Albano Sant'Alessandro,Bergamo,BG,Lombardia
A130,Albano Vercellese,Vercelli,VC,Piemonte
A131,Albano di Lucania,Potenza,PZ,Basilicata
A132,Albano Laziale,Roma,RM,Lazio
A135,Albaredo per San Marco,Sondrio,SO,Lombardia
A137,Albaredo d'Adige,Verona,VR,Veneto
A138,Albareto,Parma,PR,Emilia-Romagna
A139,Albaretto della Torre,Cuneo,CN,Piemonte
A143,Albavilla,Como,CO,Lombardia
A145,Albenga,Savona,SV,Liguria
A146,Albera Ligure,Alessandria,AL,Piemonte
A149,Alberobello,Bari,BA,Puglia
A150,Alberona,Foggia,FG,Puglia
A153,Albese con Cassano,Como,CO,Lombardia
A154,Albettone,Vicenza,VI,Veneto
A155,Albi,Catanzaro,CZ,Calabria
A157,Albiano d'Ivrea,Torino,TO,Piemonte
A158,Albiano,Trento,TN,Trentino-Alto Adige/Südtirol
A159,Albiate,Monza e della Brianza,MB,Lombardia
A160,Albidona,Cosenza,CS,Calabria
A161,Albignasego,Padova,PD,Veneto
A162,Albinea,Reggio nell'Emilia,RE,Emilia-Romagna
A163,Albino,Bergamo,BG,Lombardia
A164,Albiolo,Como,CO,Lombardia
A165,Albissola Marina,Savona,SV,Liguria
A166,Albisola Superiore,Savona,SV,Liguria
A167,Albizzate,Varese,VA,Lombardia
A171,Albonese,Pavia,PV,Lombardia
A172,Albosaggia,Sondrio,SO,Lombardia
A173,Albugnano,Asti,AT,Piemonte
A175,Albuzzano,Pavia,PV,Lombardia
A176,Alcamo,Trapani,TP,Sicilia
A177,Alcara li Fusi,Messina,ME,Sicilia
A178,Aldeno,Trento,TN,Trentino-Alto Adige/Südtirol
A179,Aldino,Bolzano/Bozen,BZ,Trentino-Alto Adige/Südtirol
A180,Ales,Oristano,OR,Sardegna
A181,Alessandria della Rocca,Agrigento,AG,Sicilia
A182,Alessandria,Alessandria,AL,Piemonte
A183,Alessandria del Carretto,Cosenza,CS,Calabria
A184,Alessano,Lecce,LE,Puglia
A185,Alezio,Lecce,LE,Puglia
A186,Alfano,Salerno,SA,Campania
A187,Alfedena,L'Aquila,AQ,Abruzzo
A188,Alfianello,Brescia,BS,Lombardia
A189,Alfiano Natta,Alessandria,AL,Piemonte
A191,Alfonsine,Ravenna,RA,Emilia-Romagna
A192,Alghero,Sassari,SS,Sardegna
A193,Algua,Bergamo,BG,Lombardia
A194,Alì,Messina,ME,Sicilia
A195,Alia,Palermo,PA,Sicilia
A196,Aliano,Matera,MT,Basilicata
A197,Alice Bel Colle,Alessandria,AL,Piemonte
A198,Alice Castello,Vercelli,VC,Piemonte
A200,Alife,Caserta,CE,Campania
A201,Alì Terme,Messina,ME,Sicilia
A202,Alimena,Palermo,PA,Sicilia
A203,Aliminusa,Palermo,PA,Sicilia
A204,Allai,Oristano,OR,Sardegna
A205,Allein,Valle d'Aosta/Vallée d'Aoste,AO,Valle d'Aosta/Vallée d'Aoste
A206,Alleghe,Belluno,BL,Veneto
A207,Allerona,Terni,TR,Umbria
A208,Alliste,Lecce,LE,Puglia
A210,Allumiere,Roma,RM,Lazio
A214,Almè,Bergamo,BG,Lombardia
A215,Villa d'Almè,Bergamo,BG,Lombardia
A216,Almenno San Bartolomeo,Bergamo,BG,Lombardia
A217,Almenno San Salvatore,Bergamo,BG,Lombardia
A218,Almese,Torino,TO,Piemonte
A220,Alonte,Vicenza,VI,Veneto
A221,Alpette,Torino,TO,Piemonte
A222,Alpignano,Torino,TO,Piemonte
A223,Alseno,Piacenza,PC,Emilia-Romagna
A224,Alserio,Como,CO,Lombardia
A225,Altamura,Bari,BA,Puglia
A226,Altare,Savona,SV,Liguria
A227,Altavilla Monferrato,Alessandria,AL,Piemonte
A228,Altavilla Irpina,Avellino,AV,Campania
A229,Altavilla Milicia,Palermo,PA,Sicilia
A230,Altavilla Silentina,Salerno,SA,Campania
A231,Altavilla Vicentina,Vicenza,VI,Veneto
A233,Altidona,Fermo,FM,Marche
A234,Altilia,Cosenza,CS,Calabria
A235,Altino,Chieti,CH,Abruzzo
A236,Altissimo,Vicenza,VI,Veneto
A237,Altivole,Treviso,TV,Veneto
A238,Alto,Cuneo,CN,Piemonte
A239,Altofonte,Palermo,PA,Sicilia
A240,Altomonte,Cosenza,CS,Calabria
A241,Altopascio,Lucca,LU,Toscana
A242,Alviano,Terni,TR,Umbria
A243,Alvignano,Caserta,CE,Campania
A244,Alvito,Frosinone,FR,Lazio
A245,Alzano Scrivia,Alessandria,AL,Piemonte
A246,Alzano Lombardo,Bergamo,BG,Lombardia
A249,Alzate Brianza,Como,CO,Lombardia
A251,Amalfi,Salerno,SA,Campania
A252,Amandola,Fermo,FM,Marche
A253,Amantea,Cosenza,CS,Calabria
A254,Amaro,Udine,UD,Friuli-Venezia Giulia
A255,Amaroni,Catanzaro,CZ,Calabria
A256,Amaseno,Frosinone,FR,Lazio
A257,Amato,Catanzaro,CZ,Calabria
A258,Amatrice,Rieti,RI,Lazio
A259,Ambivere,Bergamo,BG,Lombardia
A261,Ameglia,La Spezia,SP,Liguria
A262,Amelia,Terni,TR,Umbria
A263,Amendolara,Cosenza,CS,Calabria
A264,Ameno,Novara,NO,Piemonte
A265,Amorosi,Benevento,BN,Campania
A266,Cortina d'Ampezzo,Belluno,BL,Veneto
A267,Ampezzo,Udine,UD,Friuli-Venezia Giulia
A268,Anacapri,Napoli,NA,Campania
A269,Anagni,Frosinone,FR,Lazio
A270,Ancarano,Teramo,TE,Abruzzo
A271,Ancona,Ancona,AN,Marche
A272,Andali,Catanzaro,CZ,Calabria
A273,Andalo Valtellino,Sondrio,SO,Lombardia
A274,Andalo,Trento,TN,Trentino-Alto Adige/Südtirol
A275,Andezeno,Torino,TO,Piemonte
A278,Andora,Savona,SV,Liguria
A280,Andorno Micca,Biella,BI,Piemonte
A281,Andrano,Lecce,LE,Puglia
A282,Andrate,Torino,TO,Piemonte
A283,Andreis,Pordenone,PN,Friuli-Venezia Giulia
A284,Andretta,Avellino,AV,Campania
A285,Andria,Barletta-Andria-Trani,BT,Puglia
A286,Andriano,Bolzano/Bozen,BZ,Trentino-Alto Adige/Südtirol
A287,Anela,Sassari,SS,Sardegna
A288,Anfo,Brescia,BS,Lombardia
A290,Angera,Varese,VA,Lombardia
A291,Anghiari,Arezzo,AR,Toscana
A292,Angiari,Verona,VR,Veneto
A293,Angolo Terme,Brescia,BS,Lombardia
A294,Angri,Salerno,SA,Campania
A295,Angrogna,Torino,TO,Piemonte
A296,Anguillara Veneta,Padova,PD,Veneto
A297,Anguillara Sabazia,Roma,RM,Lazio
A299,Annicco,Cremona,CR,Lombardia
A300,Castello di Annone,Asti,AT,Piemonte
A301,Annone di Brianza,Lecco,LC,Lombardia
A302,Annone Veneto,Venezia,VE,Veneto
A303,Anoia,Reggio Calabria,RC,Calabria
A304,Antegnate,Bergamo,BG,Lombardia
A305,Antey-Saint-André,Valle d'Aosta/Vallée d'Aoste,AO,Valle d'Aosta/Vallée d'Aoste
A306,Anterivo,Bolzano/Bozen,BZ,Trentino-Alto Adige/Südtirol
A308,La Magdeleine,Valle d'Aosta/Vallée d'Aoste,AO,Valle d'Aosta/Vallée d'Aoste
A309,Anticoli Corrado,Roma,RM,Lazio
A310,Fiuggi,Frosinone,FR,Lazio
A312,Antignano,Asti,AT,Piemonte
A313,Antillo,Messina,ME,Sicilia
A314,Antonimina,Reggio Calabria,RC,Calabria
A315,Antrodoco,Rieti,RI,Lazio
A317,Antrona Schieranco,Verbano-Cusio-Ossola,VB,Piemonte
A318,Anversa degli Abruzzi,L'Aquila,AQ,Abruzzo
A319,Anzano del Parco,Como,CO,Lombardia
A320,Anzano di Puglia,Foggia,FG,Puglia
A321,Anzi,Potenza,PZ,Basilicata
A323,Anzio,Roma,RM,Lazio
A324,Anzola dell'Emilia,Bologna,BO,Emilia-Romagna
A325,Anzola d'Ossola,Verbano-Cusio-Ossola,VB,Piemonte
A326,Aosta,Valle d'Aosta/Vallée d'Aoste,AO,Valle d'Aosta/Vallée d'Aoste
A327,Apecchio,Pesaro e Urbino,PU,Marche
A328,Apice,Benevento,BN,Campania
A329,Apiro,Macerata,MC,Marche
A330,Apollosa,Benevento,BN,Campania
A332,Appiano sulla strada del vino,Bolzano/Bozen,BZ,Trentino-Alto Adige/Südtirol
A333,Appiano Gentile,Como,CO,Lombardia
A334,Appignano,Macerata,MC,Marche
A335,Appignano del Tronto,Ascoli Piceno,AP,Marche
A337,Aprica,Sondrio,SO,Lombardia
A338,Apricale,Imperia,IM,Liguria
A339,Apricena,Foggia,FG,Puglia
A340,Aprigliano,Cosenza,CS,Calabria
A341,Aprilia,Latina,LT,Lazio
A343,Aquara,Salerno,SA,Campania
A344,Aquila d'Arroscia,Imperia,IM,Liguria
A345,L'Aquila,L'Aquila,AQ,Abruzzo
A346,Aquileia,Udine,UD,Friuli-Venezia Giulia
A347,Aquilonia,Avellino,AV,Campania
A348,Aquino,Frosinone,FR,Lazio
A350,Aradeo,Lecce,LE,Puglia
A351,Aragona,Agrigento,AG,Sicilia
A352,Aramengo,Asti,AT,Piemonte
A354,Arba,Pordenone,PN,Friuli-Venezia Giulia
A355,Tortolì,Nuoro,NU,Sardegna
A357,Arborea,Oristano,OR,Sardegna
A358,Arborio,Vercelli,VC,Piemonte
A359,Arbus,Sud Sardegna,SU,Sardegna
A360,Arcade,Treviso,TV,Veneto
A363,Arce,Frosinone,FR,Lazio
A365,Arcene,Bergamo,BG,Lombardia
A366,Arcevia,Ancona,AN,Marche
A367,Archi,Chieti,CH,Abruzzo
A368,San Nicolò d'Arcidano,Oristano,OR,Sardegna
A369,Arcidosso,Grosseto,GR,Toscana
A370,Arcinazzo Romano,Roma,RM,Lazio
A371,Arcisate,Varese,VA,Lombardia
A372,Arco,Trento,TN,Trentino-Alto Adige/Südtirol
A373,Arcola,La Spezia,SP,Liguria
A374,Arcole,Verona,VR,Veneto
A375,Arconate,Milano,MI,Lombardia
A376,Arcore,Monza e della Brianza,MB,Lombardia
A377,Arcugnano,Vicenza,VI,Veneto
A379,Ardara,Sassari,SS,Sardegna
A380,Ardauli,Oristano,OR,Sardegna
A382,Ardenno,Sondrio,SO,Lombardia
A383,Ardesio,Bergamo,BG,Lombardia
A385,Ardore,Reggio Calabria,RC,Calabria
A386,Arena,Vibo Valentia,VV,Calabria
A387,Arena Po,Pavia,PV,Lombardia
A388,Arenzano,Genova,GE,Liguria
A389,Arese,Milano,MI,Lombardia
A390,Arezzo,Arezzo,AR,Toscana
A391,Argegno,Como,CO,Lombardia
A392,Argelato,Bologna,BO,Emilia-Romagna
A393,Argenta,Ferrara,FE,Emilia-Romagna
A394,Argentera,Cuneo,CN,Piemonte
A396,Arguello,Cuneo,CN,Piemonte
A397,Argusto,Catanzaro,CZ,Calabria
A398,Ari,Chieti,CH,Abruzzo
A399,Ariano Irpino,Avellino,AV,Campania
A400,Ariano nel Polesine,Rovigo,RO,Veneto
A401,Ariccia,Roma,RM,Lazio
A402,Arielli,Chieti,CH,Abruzzo
A403,Arienzo,Caserta,CE,Campania
A405,Arignano,Torino,TO,Piemonte
A407,Aritzo,Nuoro,NU,Sardegna
A409,Arizzano,Verbano-Cusio-Ossola,VB,Piemonte
A412,Arlena di Castro,Viterbo,VT,Lazio
A413,Arluno,Milano,MI,Lombardia
A414,Armeno,Novara,NO,Piemonte
A415,Armento,Potenza,PZ,Basilicata
A418,Armo,Imperia,IM,Liguria
A419,Armungia,Sud Sardegna,SU,Sardegna
A421,Arnara,Frosinone,FR,Lazio
A422,Arnasco,Savona,SV,Liguria
A424,Arnad,Valle d'Aosta/Vallée d'Aoste,AO,Valle d'Aosta/Vallée d'Aoste
A425,Arnesano,Lecce,LE,Puglia
A427,Arola,Verbano-Cusio-Ossola,VB,Piemonte
A429,Arona,Novara,NO,Piemonte
A430,Arosio,Como,CO,Lombardia
A431,Arpaia,Benevento,BN,Campania
A432,Arpaise,Benevento,BN,Campania
A433,Arpino,Frosinone,FR,Lazio
A434,Arquà Petrarca,Padova,PD,Veneto
A435,Arquà Polesine,Rovigo,RO,Veneto
A436,Arquata Scrivia,Alessandria,AL,Piemonte
A437,Arquata del Tronto,Ascoli Piceno,AP,Marche
A438,Arre,Padova,PD,Veneto
A439,Arrone,Terni,TR,Umbria
A440,Arzago d'Adda,Bergamo,BG,Lombardia
A441,Arsago Seprio,Varese,VA,Lombardia
A443,Arsiè,Belluno,BL,Veneto
A444,Arsiero,Vicenza,VI,Veneto
A445,Arsita,Teramo,TE,Abruzzo
A446,Arsoli,Roma,RM,Lazio
A447,Arta Terme,Udine,UD,Friuli-Venezia Giulia
A448,Artegna,Udine,UD,Friuli-Venezia Giulia
A449,Artena,Roma,RM,Lazio
A451,Artogne,Brescia,BS,Lombardia
A452,Arvier,Valle d'Aosta/Vallée d'Aoste,AO,Valle d'Aosta/Vallée d'Aoste
A453,Arzachena,Sassari,SS,Sardegna
A454,Arzana,Nuoro,NU,Sardegna
A455,Arzano,Napoli,NA,Campania
A458,Arzergrande,Padova,PD,Veneto
A459,Arzignano,Vicenza,VI,Veneto
A460,Ascea,Salerno,SA,Campania
A461,Asciano,Siena,SI,Toscana
A462,Ascoli Piceno,Ascoli Piceno,AP,Marche
A463,Ascoli Satriano,Foggia,FG,Puglia
A464,Ascrea,Rieti,RI,Lazio
A465,Asiago,Vicenza,VI,Veneto
A466,Asigliano Vercellese,Vercelli,VC,Piemonte
A467,Asigliano Veneto,Vicenza,VI,Veneto
A468,Sinalunga,Siena,SI,Toscana
A470,Asola,Mantova,MN,Lombardia
A471,Asolo,Treviso,TV,Veneto
A472,Casperia,Rieti,RI,Lazio
A473,Assago,Milano,MI,Lombardia
A474,Assemini,Cagliari,CA,Sardegna
A475,Assisi,Perugia,PG,Umbria
A476,Asso,Como,CO,Lombardia
A477,Assolo,Oristano,OR,Sardegna
A478,Assoro,Enna,EN,Sicilia
A479,Asti,Asti,AT,Piemonte
A480,Asuni,Oristano,OR,Sardegna
A481,Ateleta,L'Aquila,AQ,Abruzzo
A482,Atella,Potenza,PZ,Basilicata
A484,Atena Lucana,Salerno,SA,Campania
A485,Atessa,Chieti,CH,Abruzzo
A486,Atina,Frosinone,FR,Lazio
A487,Atrani,Salerno,SA,Campania
A488,Atri,Teramo,TE,Abruzzo
A489,Atripalda,Avellino,AV,Campania
A490,Attigliano,Terni,TR,Umbria
A491,Attimis,Udine,UD,Friuli-Venezia Giulia
A492,Atzara,Nuoro,NU,Sardegna
A494,Augusta,Siracusa,SR,Sicilia
A495,Auletta,Salerno,SA,Campania
A496,Aulla,Massa-Carrara,MS,Toscana
A497,Aurano,Verbano-Cusio-Ossola,VB,Piemonte
A499,Aurigo,Imperia,IM,Liguria
A501,Auronzo di Cadore,Belluno,BL,Veneto
A502,Ausonia,Frosinone,FR,Lazio
A503,Austis,Nuoro,NU,Sardegna
A506,Avegno,Genova,GE,Liguria
A507,Avelengo,Bolzano/Bozen,BZ,Trentino-Alto Adige/Südtirol
A508,Avella,Avellino,AV,Campania
A509,Avellino,Avellino,AV,Campania
A511,Averara,Bergamo,BG,Lombardia
A512,Aversa,Caserta,CE,Campania
A514,Avetrana,Taranto,TA,Puglia
A515,Avezzano,L'Aquila,AQ,Abruzzo
A516,Aviano,Pordenone,PN,Friuli-Venezia Giulia
A517,Aviatico,Bergamo,BG,Lombardia
A518,Avigliana,Torino,TO,Piemonte
A519,Avigliano,Potenza,PZ,Basilicata
A520,Avio,Trento,TN,Trentino-Alto Adige/Südtirol
A521,Avise,Valle d'Aosta/Vallée d'Aoste,AO,Valle d'Aosta/Vallée d'Aoste
A522,Avola,Siracusa,SR,Sicilia
A523,Avolasca,Alessandria,AL,Piemonte
A525,Azeglio,Torino,TO,Piemonte
A526,Azzanello,Cremona,CR,Lombardia
A527,Azzano d'Asti,Asti,AT,Piemonte
A528,Azzano San Paolo,Bergamo,BG,Lombardia
A529,Azzano Mella,Brescia,BS,Lombardia
A530,Azzano Decimo,Pordenone,PN,Friuli-Venezia Giulia
A531,Azzate,Varese,VA,Lombardia
A532,Azzio,Varese,VA,Lombardia
A533,Azzone,Bergamo,BG,Lombardia
A534,Baceno,Verbano-Cusio-Ossola,VB,Piemonte
A535,Bacoli,Napoli,NA,Campania
A536,Badalucco,Imperia,IM,Liguria
A537,Badia,Bolzano/Bozen,BZ,Trentino-Alto Adige/Südtirol
A538,Badia Pavese,Pavia,PV,Lombardia
A539,Badia Polesine,Rovigo,RO,Veneto
A540,Badia Calavena,Verona,VR,Veneto
A541,Badia Tedalda,Arezzo,AR,Toscana
A542,Badolato,Catanzaro,CZ,Calabria
A544,Bagaladi,Reggio Calabria,RC,Calabria
A546,Bagheria,Palermo,PA,Sicilia
A547,Bagnacavallo,Ravenna,RA,Emilia-Romagna
A550,Bagnaria,Pavia,PV,Lombardia
A551,Bagnara di Romagna,Ravenna,RA,Emilia-Romagna
A552,Bagnara Calabra,Reggio Calabria,RC,Calabria
A553,Bagnaria Arsa,Udine,UD,Friuli-Venezia Giulia
A555,Bagnasco,Cuneo,CN,Piemonte
A557,Bagnatica,Bergamo,BG,Lombardia
A560,Bagni di Lucca,Lucca,LU,Toscana
A561,Montecatini-Terme,Pistoia,PT,Toscana
A562,San Giuliano Terme,Pisa,PI,Toscana
A564,Bagno a Ripoli,Firenze,FI,Toscana
A565,Bagno di Romagna,Forlì-Cesena,FC,Emilia-Romagna
A566,Bagnoli Irpino,Avellino,AV,Campania
A567,Bagnoli del Trigno,Isernia,IS,Molise
A568,Bagnoli di Sopra,Padova,PD,Veneto
A569,Bagnolo Mella,Brescia,BS,Lombardia
A570,Bagnolo Cremasco,Cremona,CR,Lombardia
A571,Bagnolo Piemonte,Cuneo,CN,Piemonte
A572,Bagnolo del Salento,Lecce,LE,Puglia
A573,Bagnolo in Piano,Reggio nell'Emilia,RE,Emilia-Romagna
A574,Bagnolo di Po,Rovigo,RO,Veneto
A575,Bagnolo San Vito,Mantova,MN,Lombardia
A576,Bagnone,Massa-Carrara,MS,Toscana
A577,Bagnoregio,Viterbo,VT,Lazio
A578,Bagolino,Brescia,BS,Lombardia
A579,Baia e Latina,Caserta,CE,Campania
A580,Baiano,Avellino,AV,Campania
A581,Bajardo,Imperia,IM,Liguria
A584,Bairo,Torino,TO,Piemonte
A586,Baiso,Reggio nell'Emilia,RE,Emilia-Romagna
A587,Balangero,Torino,TO,Piemonte
A588,Baldichieri d'Asti,Asti,AT,Piemonte
A589,Baldissero d'Alba,Cuneo,CN,Piemonte
A590,Baldissero Canavese,Torino,TO,Piemonte
A591,Baldissero Torinese,Torino,TO,Piemonte
A592,Balestrate,Palermo,PA,Sicilia
A593,Balestrino,Savona,SV,Liguria
A594,Ballabio,Lecco,LC,Lombardia
A597,Ballao,Sud Sardegna,SU,Sardegna
A599,Balme,Torino,TO,Piemonte
A600,Balmuccia,Vercelli,VC,Piemonte
A601,Balocco,Vercelli,VC,Piemonte
A603,Balsorano,L'Aquila,AQ,Abruzzo
A604,Balvano,Potenza,PZ,Basilicata
A605,Balzola,Alessandria,AL,Piemonte
A606,Banari,Sassari,SS,Sardegna
A607,Banchette,Torino,TO,Piemonte
A609,Villa Verde,Oristano,OR,Sardegna
A610,Bannio Anzino,Verbano-Cusio-Ossola,VB,Piemonte
A612,Banzi,Potenza,PZ,Basilicata
A613,Baone,Padova,PD,Veneto
A614,Baradili,Oristano,OR,Sardegna
A615,Baragiano,Potenza,PZ,Basilicata
A616,Baranello,Campobasso,CB,Molise
A617,Barano d'Ischia,Napoli,NA,Campania
A618,Baranzate,Milano,MI,Lombardia
A619,Barasso,Varese,VA,Lombardia
A621,Baratili San Pietro,Oristano,OR,Sardegna
A625,Barbania,Torino,TO,Piemonte
A626,Barbara,Ancona,AN,Marche
A628,Barbarano Romano,Viterbo,VT,Lazio
A629,Barbaresco,Cuneo,CN,Piemonte
A630,Barbariga,Brescia,BS,Lombardia
A631,Barbata,Bergamo,BG,Lombardia
A632,Barberino di Mugello,Firenze,FI,Toscana
A634,Barbianello,Pavia,PV,Lombardia
A635,Barbiano,Bolzano/Bozen,BZ,Trentino-Alto Adige/Südtirol
A637,Barbona,Padova,PD,Veneto
A638,Barcellona Pozzo di Gotto,Messina,ME,Sicilia
A640,Barcis,Pordenone,PN,Friuli-Venezia Giulia
A643,Bard,Valle d'Aosta/Vallée d'Aoste,AO,Valle d'Aosta/Vallée d'Aoste
A646,Bardi,Parma,PR,Emilia-Romagna
A647,Bardineto,Savona,SV,Liguria
A650,Bardolino,Verona,VR,Veneto
A651,Bardonecchia,Torino,TO,Piemonte
A652,Bareggio,Milano,MI,Lombardia
A653,Barengo,Novara,NO,Piemonte
A655,Baressa,Oristano,OR,Sardegna
A656,Barete,L'Aquila,AQ,Abruzzo
A657,Barga,Lucca,LU,Toscana
A658,Bargagli,Genova,GE,Liguria
A660,Barge,Cuneo,CN,Piemonte
A661,Barghe,Brescia,BS,Lombardia
A662,Bari,Bari,BA,Puglia
A663,Bari Sardo,Nuoro,NU,Sardegna
A664,Bariano,Bergamo,BG,Lombardia
A665,Baricella,Bologna,BO,Emilia-Romagna
A666,Barile,Potenza,PZ,Basilicata
A667,Barisciano,L'Aquila,AQ,Abruzzo
A668,Barlassina,Monza e della Brianza,MB,Lombardia
A669,Barletta,Barletta-Andria-Trani,BT,Puglia
A670,Barni,Como,CO,Lombardia
A671,Barolo,Cuneo,CN,Piemonte
A673,Barone Canavese,Torino,TO,Piemonte
A674,Baronissi,Salerno,SA,Campania
A676,Barrafranca,Enna,EN,Sicilia
A677,Barrali,Sud Sardegna,SU,Sardegna
A678,Barrea,L'Aquila,AQ,Abruzzo
A681,Barumini,Sud Sardegna,SU,Sardegna
A683,Barzago,Lecco,LC,Lombardia
A684,Barzana,Bergamo,BG,Lombardia
A686,Barzanò,Lecco,LC,Lombardia
A687,Barzio,Lecco,LC,Lombardia
A689,Basaluzzo,Alessandria,AL,Piemonte
A690,Bascapè,Pavia,PV,Lombardia
A691,Baschi,Terni,TR,Umbria
A692,Basciano,Teramo,TE,Abruzzo
A694,Baselga di Pinè,Trento,TN,Trentino-Alto Adige/Südtirol
A696,Baselice,Benevento,BN,Campania
A697,Basiano,Milano,MI,Lombardia
A698,Basicò,Messina,ME,Sicilia
A699,Basiglio,Milano,MI,Lombardia
A700,Basiliano,Udine,UD,Friuli-Venezia Giulia
A701,Vasanello,Viterbo,VT,Lazio
A702,Bassano Bresciano,Brescia,BS,Lombardia
A703,Bassano del Grappa,Vicenza,VI,Veneto
A704,Bassano Romano,Viterbo,VT,Lazio
A705,Tronzano Lago Maggiore,Varese,VA,Lombardia
A706,Bassano in Teverina,Viterbo,VT,Lazio
A707,Bassiano,Latina,LT,Lazio
A708,Bassignana,Alessandria,AL,Piemonte
A709,Bastia Mondovì,Cuneo,CN,Piemonte
A710,Bastia Umbra,Perugia,PG,Umbria
A712,Bastida Pancarana,Pavia,PV,Lombardia
A713,Bastiglia,Modena,MO,Emilia-Romagna
A714,Battaglia Terme,Padova,PD,Veneto
A716,Battifollo,Cuneo,CN,Piemonte
A717,Battipaglia,Salerno,SA,Campania
A718,Battuda,Pavia,PV,Lombardia
A719,Baucina,Palermo,PA,Sicilia
A720,Boville Ernica,Frosinone,FR,Lazio
A721,Bauladu,Oristano,OR,Sardegna
A722,Baunei,Nuoro,NU,Sardegna
A725,Baveno,Verbano-Cusio-Ossola,VB,Piemonte
A728,Bedero Valcuvia,Varese,VA,Lombardia
A729,Bedizzole,Brescia,BS,Lombardia
A730,Bedollo,Trento,TN,Trentino-Alto Adige/Südtirol
A731,Bedonia,Parma,PR,Emilia-Romagna
A732,Bedulita,Bergamo,BG,Lombardia
A733,Bee,Verbano-Cusio-Ossola,VB,Piemonte
A734,Beinasco,Torino,TO,Piemonte
A735,Beinette,Cuneo,CN,Piemonte
A736,Belcastro,Catanzaro,CZ,Calabria
A737,Belfiore,Verona,VR,Veneto
A738,Belforte Monferrato,Alessandria,AL,Piemonte
A739,Belforte del Chienti,Macerata,MC,Marche
A740,Belforte all'Isauro,Pesaro e Urbino,PU,Marche
A741,Belgioioso,Pavia,PV,Lombardia
A742,Belgirate,Verbano-Cusio-Ossola,VB,Piemonte
A743,Bella,Potenza,PZ,Basilicata
A745,Bellano,Lecco,LC,Lombardia
A746,Bellante,Teramo,TE,Abruzzo
A747,Bellaria-Igea Marina,Rimini,RN,Emilia-Romagna
A749,Bellegra,Roma,RM,Lazio
A750,Bellino,Cuneo,CN,Piemonte
A751,Bellinzago Lombardo,Milano,MI,Lombardia
A752,Bellinzago Novarese,Novara,NO,Piemonte
A755,Bellona,Caserta,CE,Campania
A756,Bellosguardo,Salerno,SA,Campania
A757,Belluno,Belluno,BL,Veneto
A759,Bellusco,Monza e della Brianza,MB,Lombardia
A760,Belmonte Piceno,Fermo,FM,Marche
A761,Belmonte del Sannio,Isernia,IS,Molise
A762,Belmonte Calabro,Cosenza,CS,Calabria
A763,Belmonte Castello,Frosinone,FR,Lazio
A764,Belmonte Mezzagno,Palermo,PA,Sicilia
A765,Belmonte in Sabina,Rieti,RI,Lazio
A766,Belpasso,Catania,CT,Sicilia
A768,Belsito,Cosenza,CS,Calabria
A769,Belvedere Ostrense,Ancona,AN,Marche
A770,Belveglio,Asti,AT,Piemonte
A771,Lizzano in Belvedere,Bologna,BO,Emilia-Romagna
A772,Belvedere di Spinello,Crotone,KR,Calabria
A773,Belvedere Marittimo,Cosenza,CS,Calabria
A774,Belvedere Langhe,Cuneo,CN,Piemonte
A776,Belvì,Nuoro,NU,Sardegna
A777,Bema,Sondrio,SO,Lombardia
A778,Bene Lario,Como,CO,Lombardia
A779,Bene Vagienna,Cuneo,CN,Piemonte
A780,Benestare,Reggio Calabria,RC,Calabria
A781,Benetutti,Sassari,SS,Sardegna
A782,Benevello,Cuneo,CN,Piemonte
A783,Benevento,Benevento,BN,Campania
A784,Benna,Biella,BI,Piemonte
A785,Bentivoglio,Bologna,BO,Emilia-Romagna
A786,Berbenno,Bergamo,BG,Lombardia
A787,Berbenno di Valtellina,Sondrio,SO,Lombardia
A788,Berceto,Parma,PR,Emilia-Romagna
A789,Berchidda,Sassari,SS,Sardegna
A791,Beregazzo con Figliaro,Como,CO,Lombardia
A792,Bereguardo,Pavia,PV,Lombardia
A793,Bergamasco,Alessandria,AL,Piemonte
A794,Bergamo,Bergamo,BG,Lombardia
A795,Bergantino,Rovigo,RO,Veneto
A796,Bergeggi,Savona,SV,Liguria
A798,Bergolo,Cuneo,CN,Piemonte
A799,Berlingo,Brescia,BS,Lombardia
A801,Bernalda,Matera,MT,Basilicata
A802,Bernareggio,Monza e della Brianza,MB,Lombardia
A804,Bernate Ticino,Milano,MI,Lombardia
A805,Bernezzo,Cuneo,CN,Piemonte
A809,Bertinoro,Forlì-Cesena,FC,Emilia-Romagna
A810,Bertiolo,Udine,UD,Friuli-Venezia Giulia
A811,Bertonico,Lodi,LO,Lombardia
A812,Berzano di San Pietro,Asti,AT,Piemonte
A813,Berzano di Tortona,Alessandria,AL,Piemonte
A815,Berzo San Fermo,Bergamo,BG,Lombardia
A816,Berzo Demo,Brescia,BS,Lombardia
A817,Berzo Inferiore,Brescia,BS,Lombardia
A818,Besana in Brianza,Monza e della Brianza,MB,Lombardia
A819,Besano,Varese,VA,Lombardia
A820,Besate,Milano,MI,Lombardia
A821,Besenello,Trento,TN,Trentino-Alto Adige/Südtirol
A823,Besenzone,Piacenza,PC,Emilia-Romagna
A825,Besnate,Varese,VA,Lombardia
A826,Besozzo,Varese,VA,Lombardia
A827,Bessude,Sassari,SS,Sardegna
A831,Bettola,Piacenza,PC,Emilia-Romagna
A832,Bettona,Perugia,PG,Umbria
A834,Beura-Cardezza,Verbano-Cusio-Ossola,VB,Piemonte
A835,Bevagna,Perugia,PG,Umbria
A836,Beverino,La Spezia,SP,Liguria
A837,Bevilacqua,Verona,VR,Veneto
A841,Biancavilla,Catania,CT,Sicilia
A842,Bianchi,Cosenza,CS,Calabria
A843,Bianco,Reggio Calabria,RC,Calabria
A844,Biandrate,Novara,NO,Piemonte
A845,Biandronno,Varese,VA,Lombardia
A846,Bianzano,Bergamo,BG,Lombardia
A847,Bianzè,Vercelli,VC,Piemonte
A848,Bianzone,Sondrio,SO,Lombardia
A849,Biassono,Monza e della Brianza,MB,Lombardia
A850,Bibbiano,Reggio nell'Emilia,RE,Emilia-Romagna
A851,Bibbiena,Arezzo,AR,Toscana
A852,Bibbona,Livorno,LI,Toscana
A853,Bibiana,Torino,TO,Piemonte
A854,Biccari,Foggia,FG,Puglia
A855,Bicinicco,Udine,UD,Friuli-Venezia Giulia
A856,Bidonì,Oristano,OR,Sardegna
A857,Blera,Viterbo,VT,Lazio
A859,Biella,Biella,BI,Piemonte
A861,Bienno,Brescia,BS,Lombardia
A863,Bieno,Trento,TN,Trentino-Alto Adige/Südtirol
A864,Bientina,Pisa,PI,Toscana
A870,Binago,Como,CO,Lombardia
A872,Binasco,Milano,MI,Lombardia
A874,Binetto,Bari,BA,Puglia
A876,Bioglio,Biella,BI,Piemonte
A877,Bionaz,Valle d'Aosta/Vallée d'Aoste,AO,Valle d'Aosta/Vallée d'Aoste
A878,Bione,Brescia,BS,Lombardia
A880,Birori,Nuoro,NU,Sardegna
A881,Bisaccia,Avellino,AV,Campania
A882,Bisacquino,Palermo,PA,Sicilia
A883,Bisceglie,Barletta-Andria-Trani,BT,Puglia
A884,Bisegna,L'Aquila,AQ,Abruzzo
A885,Bisenti,Teramo,TE,Abruzzo
A887,Bisignano,Cosenza,CS,Calabria
A889,Bistagno,Alessandria,AL,Piemonte
A891,Bisuschio,Varese,VA,Lombardia
A892,Bitetto,Bari,BA,Puglia
A893,Bitonto,Bari,BA,Puglia
A894,Bitritto,Bari,BA,Puglia
A895,Bitti,Nuoro,NU,Sardegna
A896,Bivona,Agrigento,AG,Sicilia
A897,Bivongi,Reggio Calabria,RC,Calabria
A898,Bizzarone,Como,CO,Lombardia
A902,Bleggio Superiore,Trento,TN,Trentino-Alto Adige/Südtirol
A903,Blello,Bergamo,BG,Lombardia
A904,Blessagno,Como,CO,Lombardia
A905,Blevio,Como,CO,Lombardia
A906,Boara Pisani,Padova,PD,Veneto
A909,Bobbio,Piacenza,PC,Emilia-Romagna
A910,Bobbio Pellice,Torino,TO,Piemonte
A911,Boca,Novara,NO,Piemonte
A912,Bocchigliero,Cosenza,CS,Calabria
A914,Boccioleto,Vercelli,VC,Piemonte
A916,Bocenago,Trento,TN,Trentino-Alto Adige/Südtirol
A918,Bodio Lomnago,Varese,VA,Lombardia
A919,Boffalora d'Adda,Lodi,LO,Lombardia
A920,Boffalora sopra Ticino,Milano,MI,Lombardia
A922,Bogliasco,Genova,GE,Liguria
A925,Bognanco,Verbano-Cusio-Ossola,VB,Piemonte
A929,Bogogno,Novara,NO,Piemonte
A930,Bojano,Campobasso,CB,Molise
A931,Boissano,Savona,SV,Liguria
A932,Bolano,La Spezia,SP,Liguria
A937,Bolgare,Bergamo,BG,Lombardia
A940,Bollate,Milano,MI,Lombardia
A941,Bollengo,Torino,TO,Piemonte
A942,Nova Siri,Matera,MT,Basilicata
A944,Bologna,Bologna,BO,Emilia-Romagna
A945,Bolognano,Pescara,PE,Abruzzo
A946,Bolognetta,Palermo,PA,Sicilia
A947,Bolognola,Macerata,MC,Marche
A948,Bolotana,Nuoro,NU,Sardegna
A949,Bolsena,Viterbo,VT,Lazio
A950,Boltiere,Bergamo,BG,Lombardia
A952,Bolzano,Bolzano/Bozen,BZ,Trentino-Alto Adige/Südtirol
A953,Bolzano Novarese,Novara,NO,Piemonte
A954,Bolzano Vicentino,Vicenza,VI,Veneto
A955,Bomarzo,Viterbo,VT,Lazio
A956,Bomba,Chieti,CH,Abruzzo
A957,Bompensiere,Caltanissetta,CL,Sicilia
A958,Bompietro,Palermo,PA,Sicilia
A959,Bomporto,Modena,MO,Emilia-Romagna
A960,Bonarcado,Oristano,OR,Sardegna
A961,Bonassola,La Spezia,SP,Liguria
A962,Bonate Sotto,Bergamo,BG,Lombardia
A963,Bonate Sopra,Bergamo,BG,Lombardia
A964,Bonavigo,Verona,VR,Veneto
A965,Bondeno,Ferrara,FE,Emilia-Romagna
A968,Bondone,Trento,TN,Trentino-Alto Adige/Südtirol
A970,Bonea,Benevento,BN,Campania
A971,Bonefro,Campobasso,CB,Molise
A972,Bonemerse,Cremona,CR,Lombardia
A973,Bonifati,Cosenza,CS,Calabria
A975,Bonito,Avellino,AV,Campania
A976,Bonnanaro,Sassari,SS,Sardegna
A977,Bono,Sassari,SS,Sardegna
A978,Bonorva,Sassari,SS,Sardegna
A979,Bonvicino,Cuneo,CN,Piemonte
A981,Borbona,Rieti,RI,Lazio
A982,Borca di Cadore,Belluno,BL,Veneto
A983,Bordano,Udine,UD,Friuli-Venezia Giulia
A984,Bordighera,Imperia,IM,Liguria
A986,Bordolano,Cremona,CR,Lombardia
A987,Bore,Parma,PR,Emilia-Romagna
A988,Boretto,Reggio nell'Emilia,RE,Emilia-Romagna
A989,Borgarello,Pavia,PV,Lombardia
A990,Borgaro Torinese,Torino,TO,Piemonte
A991,Borgetto,Palermo,PA,Sicilia
A992,Borghetto di Vara,La Spezia,SP,Liguria
A993,Borghetto d'Arroscia,Imperia,IM,Liguria
A995,Borghetto Lodigiano,Lodi,LO,Lombardia
A996,Borgo Velino,Rieti,RI,Lazio
A998,Borghetto di Borbera,Alessandria,AL,Piemonte
A999,Borghetto Santo Spirito,Savona,SV,Liguria
B001,Borghi,Forlì-Cesena,FC,Emilia-Romagna
B002,Borgia,Catanzaro,CZ,Calabria
B003,Borgiallo,Torino,TO,Piemonte
B005,Borgio Verezzi,Savona,SV,Liguria
B006,Borgo Valsugana,Trento,TN,Trentino-Alto Adige/Südtirol
B007,Borgo a Mozzano,Lucca,LU,Toscana
B008,Borgorose,Rieti,RI,Lazio
B009,Borgo d'Ale,Vercelli,VC,Piemonte
B010,Borgo di Terzo,Bergamo,BG,Lombardia
B012,Motteggiana,Mantova,MN,Lombardia
B014,Suardi,Pavia,PV,Lombardia
B015,Borgofranco d'Ivrea,Torino,TO,Piemonte
B016,Borgolavezzaro,Novara,NO,Piemonte
B017,Borgo San Giovanni,Lodi,LO,Lombardia
B018,Borgomale,Cuneo,CN,Piemonte
B019,Borgomanero,Novara,NO,Piemonte
B020,Borgomaro,Imperia,IM,Liguria
B021,Borgomasino,Torino,TO,Piemonte
B024,Borgone Susa,Torino,TO,Piemonte
B025,Borgonovo Val Tidone,Piacenza,PC,Emilia-Romagna
B026,Borgo Pace,Pesaro e Urbino,PU,Marche
B028,Borgo Priolo,Pavia,PV,Lombardia
B029,Borgoratto Alessandrino,Alessandria,AL,Piemonte
B030,Borgoratto Mormorolo,Pavia,PV,Lombardia
B031,Borgoricco,Padova,PD,Veneto
B033,Borgo San Dalmazzo,Cuneo,CN,Piemonte
B034,Fidenza,Parma,PR,Emilia-Romagna
B035,Borgo San Giacomo,Brescia,BS,Lombardia
B036,Borgo San Lorenzo,Firenze,FI,Toscana
B037,Borgo San Martino,Alessandria,AL,Piemonte
B038,Borgo San Siro,Pavia,PV,Lombardia
B040,Borgosatollo,Brescia,BS,Lombardia
B041,Borgosesia,Vercelli,VC,Piemonte
B042,Borgo Val di Taro,Parma,PR,Emilia-Romagna
B043,Borgo Ticino,Novara,NO,Piemonte
B044,Borgo Tossignano,Bologna,BO,Emilia-Romagna
B046,Borgo Vercelli,Vercelli,VC,Piemonte
B048,Bormida,Savona,SV,Liguria
B049,Bormio,Sondrio,SO,Lombardia
B051,Bornasco,Pavia,PV,Lombardia
B054,Borno,Brescia,BS,Lombardia
B055,Boroneddu,Oristano,OR,Sardegna
B056,Borore,Nuoro,NU,Sardegna
B057,Borrello,Chieti,CH,Abruzzo
B058,Borriana,Biella,BI,Piemonte
B061,Borso del Grappa,Treviso,TV,Veneto
B062,Bortigali,Nuoro,NU,Sardegna
B063,Bortigiadas,Sassari,SS,Sardegna
B064,Borutta,Sassari,SS,Sardegna
B067,Borzonasca,Genova,GE,Liguria
B068,Bosa,Oristano,OR,Sardegna
B069,Bosaro,Rovigo,RO,Veneto
B070,Boschi Sant'Anna,Verona,VR,Veneto
B071,Bosco Marengo,Alessandria,AL,Piemonte
B073,Bosco Chiesanuova,Verona,VR,Veneto
B075,Bosconero,Torino,TO,Piemonte
B076,Boscoreale,Napoli,NA,Campania
B077,Boscotrecase,Napoli,NA,Campania
B079,Bosia,Cuneo,CN,Piemonte
B080,Bosio,Alessandria,AL,Piemonte
B081,Bosisio Parini,Lecco,LC,Lombardia
B082,Bosnasco,Pavia,PV,Lombardia
B083,Bossico,Bergamo,BG,Lombardia
B084,Bossolasco,Cuneo,CN,Piemonte
B085,Botricello,Catanzaro,CZ,Calabria
B086,Botrugno,Lecce,LE,Puglia
B088,Bottanuco,Bergamo,BG,Lombardia
B091,Botticino,Brescia,BS,Lombardia
B094,Bottidda,Sassari,SS,Sardegna
B097,Bova,Reggio Calabria,RC,Calabria
B098,Bovalino,Reggio Calabria,RC,Calabria
B099,Bova Marina,Reggio Calabria,RC,Calabria
B100,Bovegno,Brescia,BS,Lombardia
B101,Boves,Cuneo,CN,Piemonte
B102,Bovezzo,Brescia,BS,Lombardia
B104,Bovino,Foggia,FG,Puglia
B105,Bovisio-Masciago,Monza e della Brianza,MB,Lombardia
B106,Bovolenta,Padova,PD,Veneto
B107,Bovolone,Verona,VR,Veneto
B109,Bozzole,Alessandria,AL,Piemonte
B110,Bozzolo,Mantova,MN,Lombardia
B111,Bra,Cuneo,CN,Piemonte
B112,Bracca,Bergamo,BG,Lombardia
B114,Bracciano,Roma,RM,Lazio
B115,Bracigliano,Salerno,SA,Campania
B116,Braies,Bolzano/Bozen,BZ,Trentino-Alto Adige/Südtirol
B117,Brallo di Pregola,Pavia,PV,Lombardia
B118,Brancaleone,Reggio Calabria,RC,Calabria
B120,Brandico,Brescia,BS,Lombardia
B121,Brandizzo,Torino,TO,Piemonte
B123,Branzi,Bergamo,BG,Lombardia
B124,Braone,Brescia,BS,Lombardia
B126,Brebbia,Varese,VA,Lombardia
B128,Breda di Piave,Treviso,TV,Veneto
B129,Castelverde,Cremona,CR,Lombardia
B132,Breganze,Vicenza,VI,Veneto
B134,Bregnano,Como,CO,Lombardia
B137,Brembate,Bergamo,BG,Lombardia
B138,Brembate di Sopra,Bergamo,BG,Lombardia
B141,Brembio,Lodi,LO,Lombardia
B142,Breme,Pavia,PV,Lombardia
B143,Brendola,Vicenza,VI,Veneto
B144,Brenna,Como,CO,Lombardia
B145,Brennero,Bolzano/Bozen,BZ,Trentino-Alto Adige/Südtirol
B149,Breno,Brescia,BS,Lombardia
B150,Brenta,Varese,VA,Lombardia
B152,Brentino Belluno,Verona,VR,Veneto
B153,Brentonico,Trento,TN,Trentino-Alto Adige/Südtirol
B154,Brenzone sul Garda,Verona,VR,Veneto
B156,Brescello,Reggio nell'Emilia,RE,Emilia-Romagna
B157,Brescia,Brescia,BS,Lombardia
B158,Bresimo,Trento,TN,Trentino-Alto Adige/Südtirol
B159,Bressana Bottarone,Pavia,PV,Lombardia
B160,Bressanone,Bolzano/Bozen,BZ,Trentino-Alto Adige/Südtirol
B161,Bressanvido,Vicenza,VI,Veneto
B162,Bresso,Milano,MI,Lombardia
B166,Brezzo di Bedero,Varese,VA,Lombardia
B167,Briaglia,Cuneo,CN,Piemonte
B169,Briatico,Vibo Valentia,VV,Calabria
B171,Bricherasio,Torino,TO,Piemonte
B172,Brienno,Como,CO,Lombardia
B173,Brienza,Potenza,PZ,Basilicata
B175,Briga Alta,Cuneo,CN,Piemonte
B176,Briga Novarese,Novara,NO,Piemonte
B178,Brignano Gera d'Adda,Bergamo,BG,Lombardia
B179,Brignano-Frascata,Alessandria,AL,Piemonte
B180,Brindisi,Brindisi,BR,Puglia
B181,Brindisi Montagna,Potenza,PZ,Basilicata
B182,Brinzio,Varese,VA,Lombardia
B183,Briona,Novara,NO,Piemonte
B184,Brione,Brescia,BS,Lombardia
B187,Briosco,Monza e della Brianza,MB,Lombardia
B188,Brisighella,Ravenna,RA,Emilia-Romagna
B191,Brissago-Valtravaglia,Varese,VA,Lombardia
B192,Brissogne,Valle d'Aosta/Vallée d'Aoste,AO,Valle d'Aosta/Vallée d'Aoste
B193,Brittoli,Pescara,PE,Abruzzo
B194,Brivio,Lecco,LC,Lombardia
B195,Broccostella,Frosinone,FR,Lazio
B196,Brogliano,Vicenza,VI,Veneto
B197,Brognaturo,Vibo Valentia,VV,Calabria
B198,Brolo,Messina,ME,Sicilia
B200,Brondello,Cuneo,CN,Piemonte
B201,Broni,Pavia,PV,Lombardia
B202,Bronte,Catania,CT,Sicilia
B203,Bronzolo,Bolzano/Bozen,BZ,Trentino-Alto Adige/Südtirol
B204,Brossasco,Cuneo,CN,Piemonte
B205,Brosso,Torino,TO,Piemonte
B207,Brovello-Carpugnino,Verbano-Cusio-Ossola,VB,Piemonte
B209,Brozolo,Torino,TO,Piemonte
B212,Brugherio,Monza e della Brianza,MB,Lombardia
B213,Brugine,Padova,PD,Veneto
B214,Brugnato,La Spezia,SP,Liguria
B215,Brugnera,Pordenone,PN,Friuli-Venezia Giulia
B216,Bruino,Torino,TO,Piemonte
B217,Brumano,Bergamo,BG,Lombardia
B218,Brunate,Como,CO,Lombardia
B219,Brunello,Varese,VA,Lombardia
B220,Brunico,Bolzano/Bozen,BZ,Trentino-Alto Adige/Südtirol
B221,Bruno,Asti,AT,Piemonte
B223,Brusaporto,Bergamo,BG,Lombardia
B225,Brusasco,Torino,TO,Piemonte
B227,Brusciano,Napoli,NA,Campania
B228,Brusimpiano,Varese,VA,Lombardia
B229,Brusnengo,Biella,BI,Piemonte
B230,Brusson,Valle d'Aosta/Vallée d'Aoste,AO,Valle d'Aosta/Vallée d'Aoste
B232,Bruzolo,Torino,TO,Piemonte
B234,Bruzzano Zeffirio,Reggio Calabria,RC,Calabria
B235,Bubbiano,Milano,MI,Lombardia
B236,Bubbio,Asti,AT,Piemonte
B237,Buccheri,Siracusa,SR,Sicilia
B238,Bucchianico,Chieti,CH,Abruzzo
B239,Bucciano,Benevento,BN,Campania
B240,Buccinasco,Milano,MI,Lombardia
B242,Buccino,Salerno,SA,Campania
B243,Bucine,Arezzo,AR,Toscana
B246,Buddusò,Sassari,SS,Sardegna
B247,Budoia,Pordenone,PN,Friuli-Venezia Giulia
B248,Budoni,Sassari,SS,Sardegna
B249,Budrio,Bologna,BO,Emilia-Romagna
B250,Buggerru,Sud Sardegna,SU,Sardegna
B251,Buggiano,Pistoia,PT,Toscana
B255,Buglio in Monte,Sondrio,SO,Lombardia
B256,Bugnara,L'Aquila,AQ,Abruzzo
B258,Buguggiate,Varese,VA,Lombardia
B259,Buja,Udine,UD,Friuli-Venezia Giulia
B261,Bulciago,Lecco,LC,Lombardia
B262,Bulgarograsso,Como,CO,Lombardia
B264,Bultei,Sassari,SS,Sardegna
B265,Bulzi,Sassari,SS,Sardegna
B266,Buonabitacolo,Salerno,SA,Campania
B267,Buonalbergo,Benevento,BN,Campania
B268,Montebello sul Sangro,Chieti,CH,Abruzzo
B269,Buonconvento,Siena,SI,Toscana
B270,Buonvicino,Cosenza,CS,Calabria
B272,Burago di Molgora,Monza e della Brianza,MB,Lombardia
B274,Burcei,Sud Sardegna,SU,Sardegna
B275,Burgio,Agrigento,AG,Sicilia
B276,Burgos,Sassari,SS,Sardegna
B278,Buriasco,Torino,TO,Piemonte
B279,Burolo,Torino,TO,Piemonte
B280,Buronzo,Vercelli,VC,Piemonte
B281,Busachi,Oristano,OR,Sardegna
B282,Busalla,Genova,GE,Liguria
B284,Busano,Torino,TO,Piemonte
B285,Busca,Cuneo,CN,Piemonte
B286,Buscate,Milano,MI,Lombardia
B287,Buscemi,Siracusa,SR,Sicilia
B288,Buseto Palizzolo,Trapani,TP,Sicilia
B289,Busnago,Monza e della Brianza,MB,Lombardia
B292,Bussero,Milano,MI,Lombardia
B293,Busseto,Parma,PR,Emilia-Romagna
B294,Bussi sul Tirino,Pescara,PE,Abruzzo
B295,Busso,Campobasso,CB,Molise
B296,Bussolengo,Verona,VR,Veneto
B297,Bussoleno,Torino,TO,Piemonte
B300,Busto Arsizio,Varese,VA,Lombardia
B301,Busto Garolfo,Milano,MI,Lombardia
B302,Butera,Caltanissetta,CL,Sicilia
B303,Buti,Pisa,PI,Toscana
B304,Buttapietra,Verona,VR,Veneto
B305,Buttigliera Alta,Torino,TO,Piemonte
B306,Buttigliera d'Asti,Asti,AT,Piemonte
B309,Buttrio,Udine,UD,Friuli-Venezia Giulia
B310,San Paolo d'Argon,Bergamo,BG,Lombardia
B311,Cabella Ligure,Alessandria,AL,Piemonte
B312,Castello Cabiaglio,Varese,VA,Lombardia
B313,Cabiate,Como,CO,Lombardia
B314,Cabras,Oristano,OR,Sardegna
B315,Caccamo,Palermo,PA,Sicilia
B317,Poggio Sannita,Isernia,IS,Molise
B319,Caccuri,Crotone,KR,Calabria
B326,Cadegliano-Viconago,Varese,VA,Lombardia
B328,Cadelbosco di Sopra,Reggio nell'Emilia,RE,Emilia-Romagna
B332,Cadeo,Piacenza,PC,Emilia-Romagna
B335,Caderzone Terme,Trento,TN,Trentino-Alto Adige/Südtirol
B345,Cadoneghe,Padova,PD,Veneto
B346,Cadorago,Como,CO,Lombardia
B349,Caerano di San Marco,Treviso,TV,Veneto
B350,Cafasse,Torino,TO,Piemonte
B351,Caggiano,Salerno,SA,Campania
B352,Cagli,Pesaro e Urbino,PU,Marche
B354,Cagliari,Cagliari,CA,Sardegna
B355,Caglio,Como,CO,Lombardia
B357,Cagnano Varano,Foggia,FG,Puglia
B358,Cagnano Amiterno,L'Aquila,AQ,Abruzzo
B361,Caianello,Caserta,CE,Campania
B362,Caiazzo,Caserta,CE,Campania
B364,Caines,Bolzano/Bozen,BZ,Trentino-Alto Adige/Südtirol
B365,Caino,Brescia,BS,Lombardia
B366,Caiolo,Sondrio,SO,Lombardia
B367,Cairano,Avellino,AV,Campania
B368,Cairate,Varese,VA,Lombardia
B369,Cairo Montenotte,Savona,SV,Liguria
B371,Caivano,Napoli,NA,Campania
B374,Calabritto,Avellino,AV,Campania
B375,Calalzo di Cadore,Belluno,BL,Veneto
B376,Calamandrana,Asti,AT,Piemonte
B377,Calamonaci,Agrigento,AG,Sicilia
B378,Calangianus,Sassari,SS,Sardegna
B379,Calanna,Reggio Calabria,RC,Calabria
B380,Calasca-Castiglione,Verbano-Cusio-Ossola,VB,Piemonte
B381,Calascibetta,Enna,EN,Sicilia
B382,Calascio,L'Aquila,AQ,Abruzzo
B383,Calasetta,Sud Sardegna,SU,Sardegna
B384,Calatabiano,Catania,CT,Sicilia
B385,Calatafimi-Segesta,Trapani,TP,Sicilia
B387,Lungavilla,Pavia,PV,Lombardia
B388,Calcata,Viterbo,VT,Lazio
B389,Calceranica al Lago,Trento,TN,Trentino-Alto Adige/Südtirol
B390,Calci,Pisa,PI,Toscana
B391,Calciano,Matera,MT,Basilicata
B392,Calcinaia,Pisa,PI,Toscana
B393,Calcinate,Bergamo,BG,Lombardia
B394,Calcinato,Brescia,BS,Lombardia
B395,Calcio,Bergamo,BG,Lombardia
B396,Calco,Lecco,LC,Lombardia
B397,Caldaro sulla strada del vino,Bolzano/Bozen,BZ,Trentino-Alto Adige/Südtirol
B398,Caldarola,Macerata,MC,Marche
B399,Calderara di Reno,Bologna,BO,Emilia-Romagna
B400,Caldes,Trento,TN,Trentino-Alto Adige/Südtirol
B402,Caldiero,Verona,VR,Veneto
B403,Caldogno,Vicenza,VI,Veneto
B404,Caldonazzo,Trento,TN,Trentino-Alto Adige/Südtirol
B405,Calendasco,Piacenza,PC,Emilia-Romagna
B406,Calenzano,Firenze,FI,Toscana
B408,Calestano,Parma,PR,Emilia-Romagna
B409,Calice Ligure,Savona,SV,Liguria
B410,Calice al Cornoviglio,La Spezia,SP,Liguria
B413,Calimera,Lecce,LE,Puglia
B415,Calitri,Avellino,AV,Campania
B416,Calizzano,Savona,SV,Liguria
B417,Callabiana,Biella,BI,Piemonte
B418,Calliano Monferrato,Asti,AT,Piemonte
B419,Calliano,Trento,TN,Trentino-Alto Adige/Südtirol
B423,Calolziocorte,Lecco,LC,Lombardia
B424,Calopezzati,Cosenza,CS,Calabria
B425,Calosso,Asti,AT,Piemonte
B426,Caloveto,Cosenza,CS,Calabria
B427,Caltabellotta,Agrigento,AG,Sicilia
B428,Caltagirone,Catania,CT,Sicilia
B429,Caltanissetta,Caltanissetta,CL,Sicilia
B430,Caltavuturo,Palermo,PA,Sicilia
B431,Caltignaga,Novara,NO,Piemonte
B432,Calto,Rovigo,RO,Veneto
B433,Caltrano,Vicenza,VI,Veneto
B434,Calusco d'Adda,Bergamo,BG,Lombardia
B435,Caluso,Torino,TO,Piemonte
B436,Calvagese della Riviera,Brescia,BS,Lombardia
B437,Calvanico,Salerno,SA,Campania
B439,Calvatone,Cremona,CR,Lombardia
B440,Calvello,Potenza,PZ,Basilicata
B441,Calvene,Vicenza,VI,Veneto
B442,Calvenzano,Bergamo,BG,Lombardia
B443,Calvera,Potenza,PZ,Basilicata
B444,Calvi,Benevento,BN,Campania
B445,Calvi Risorta,Caserta,CE,Campania
B446,Calvi dell'Umbria,Terni,TR,Umbria
B447,Calvignano,Pavia,PV,Lombardia
B448,Calvignasco,Milano,MI,Lombardia
B450,Calvisano,Brescia,BS,Lombardia
B452,Calvizzano,Napoli,NA,Campania
B453,Camagna Monferrato,Alessandria,AL,Piemonte
B455,Camaiore,Lucca,LU,Toscana
B457,Camandona,Biella,BI,Piemonte
B460,Camastra,Agrigento,AG,Sicilia
B461,Cambiago,Milano,MI,Lombardia
B462,Cambiano,Torino,TO,Piemonte
B463,Cambiasca,Verbano-Cusio-Ossola,VB,Piemonte
B465,Camburzano,Biella,BI,Piemonte
B466,Sant'Elena Sannita,Isernia,IS,Molise
B467,Camerana,Cuneo,CN,Piemonte
B468,Camerano,Ancona,AN,Marche
B469,Camerano Casasco,Asti,AT,Piemonte
B470,Camerata Picena,Ancona,AN,Marche
B471,Camerata Cornello,Bergamo,BG,Lombardia
B472,Camerata Nuova,Roma,RM,Lazio
B473,Cameri,Novara,NO,Piemonte
B474,Camerino,Macerata,MC,Marche
B476,Camerota,Salerno,SA,Campania
B477,Camigliano,Caserta,CE,Campania
B481,Camini,Reggio Calabria,RC,Calabria
B482,Camino,Alessandria,AL,Piemonte
B483,Camino al Tagliamento,Udine,UD,Friuli-Venezia Giulia
B484,Camisano,Cremona,CR,Lombardia
B485,Camisano Vicentino,Vicenza,VI,Veneto
B486,Cammarata,Agrigento,AG,Sicilia
B490,Camogli,Genova,GE,Liguria
B491,Chamois,Valle d'Aosta/Vallée d'Aoste,AO,Valle d'Aosta/Vallée d'Aoste
B492,Campagna,Salerno,SA,Campania
B493,Campagna Lupia,Venezia,VE,Veneto
B494,Castel Campagnano,Caserta,CE,Campania
B496,Campagnano di Roma,Roma,RM,Lazio
B497,Campagnatico,Grosseto,GR,Toscana
B498,Campagnola Cremasca,Cremona,CR,Lombardia
B499,Campagnola Emilia,Reggio nell'Emilia,RE,Emilia-Romagna
B500,Campana,Cosenza,CS,Calabria
B501,Camparada,Monza e della Brianza,MB,Lombardia
B502,Campegine,Reggio nell'Emilia,RE,Emilia-Romagna
B504,Campello sul Clitunno,Perugia,PG,Umbria
B505,Campertogno,Vercelli,VC,Piemonte
B506,Campi Salentina,Lecce,LE,Puglia
B507,Campi Bisenzio,Firenze,FI,Toscana
B509,Campiglia Marittima,Livorno,LI,Toscana
B510,Valprato Soana,Torino,TO,Piemonte
B511,Campiglia dei Berici,Vicenza,VI,Veneto
B512,Campiglione Fenile,Torino,TO,Piemonte
B513,Campione d'Italia,Como,CO,Lombardia
B514,Campitello di Fassa,Trento,TN,Trentino-Alto Adige/Südtirol
B515,Campli,Teramo,TE,Abruzzo
B516,Campo Calabro,Reggio Calabria,RC,Calabria
B519,Campobasso,Campobasso,CB,Molise
B520,Campobello di Licata,Agrigento,AG,Sicilia
B521,Campobello di Mazara,Trapani,TP,Sicilia
B522,Campochiaro,Campobasso,CB,Molise
B524,Campodarsego,Padova,PD,Veneto
B525,Campodenno,Trento,TN,Trentino-Alto Adige/Südtirol
B526,Campo di Giove,L'Aquila,AQ,Abruzzo
B527,Campodimele,Latina,LT,Lazio
B528,Campodipietra,Campobasso,CB,Molise
B529,Campo di Trens,Bolzano/Bozen,BZ,Trentino-Alto Adige/Südtirol
B530,Campodolcino,Sondrio,SO,Lombardia
B531,Campodoro,Padova,PD,Veneto
B532,Campofelice di Roccella,Palermo,PA,Sicilia
B533,Campofelice di Fitalia,Palermo,PA,Sicilia
B534,Campofilone,Fermo,FM,Marche
B535,Campofiorito,Palermo,PA,Sicilia
B536,Campoformido,Udine,UD,Friuli-Venezia Giulia
B537,Campofranco,Caltanissetta,CL,Sicilia
B538,Campo Ligure,Genova,GE,Liguria
B539,Campogalliano,Modena,MO,Emilia-Romagna
B540,Champorcher,Valle d'Aosta/Vallée d'Aoste,AO,Valle d'Aosta/Vallée d'Aoste
B541,Campolattaro,Benevento,BN,Campania
B542,Campoli del Monte Taburno,Benevento,BN,Campania
B543,Campoli Appennino,Frosinone,FR,Lazio
B544,Campolieto,Campobasso,CB,Molise
B546,Campolongo Maggiore,Venezia,VE,Veneto
B549,Campomaggiore,Potenza,PZ,Basilicata
B550,Campomarino,Campobasso,CB,Molise
B551,Campomorone,Genova,GE,Liguria
B553,Campo nell'Elba,Livorno,LI,Toscana
B554,Camponogara,Venezia,VE,Veneto
B555,Campora,Salerno,SA,Campania
B556,Camporeale,Palermo,PA,Sicilia
B557,Camporgiano,Lucca,LU,Toscana
B559,Camporosso,Imperia,IM,Liguria
B561,Camporotondo Etneo,Catania,CT,Sicilia
B562,Camporotondo di Fiastrone,Macerata,MC,Marche
B563,Camposampiero,Padova,PD,Veneto
B564,Campo San Martino,Padova,PD,Veneto
B565,Camposano,Napoli,NA,Campania
B566,Camposanto,Modena,MO,Emilia-Romagna
B567,Campospinoso Albaredo,Pavia,PV,Lombardia
B569,Campotosto,L'Aquila,AQ,Abruzzo
B570,Campo Tures,Bolzano/Bozen,BZ,Trentino-Alto Adige/Südtirol
B572,Camugnano,Bologna,BO,Emilia-Romagna
B573,Canale,Cuneo,CN,Piemonte
B574,Canale d'Agordo,Belluno,BL,Veneto
B576,Canale Monterano,Roma,RM,Lazio
B577,Canal San Bovo,Trento,TN,Trentino-Alto Adige/Südtirol
B578,Canaro,Rovigo,RO,Veneto
B579,Canazei,Trento,TN,Trentino-Alto Adige/Südtirol
B580,Cancellara,Potenza,PZ,Basilicata
B581,Cancello ed Arnone,Caserta,CE,Campania
B582,Canda,Rovigo,RO,Veneto
B584,Candela,Foggia,FG,Puglia
B586,Candelo,Biella,BI,Piemonte
B587,Candia Lomellina,Pavia,PV,Lombardia
B588,Candia Canavese,Torino,TO,Piemonte
B589,Candiana,Padova,PD,Veneto
B590,Candida,Avellino,AV,Campania
B591,Candidoni,Reggio Calabria,RC,Calabria
B592,Candiolo,Torino,TO,Piemonte
B593,Canegrate,Milano,MI,Lombardia
B594,Canelli,Asti,AT,Piemonte
B595,Orvinio,Rieti,RI,Lazio
B597,Canepina,Viterbo,VT,Lazio
B598,Caneva,Pordenone,PN,Friuli-Venezia Giulia
B602,Canicattì,Agrigento,AG,Sicilia
B603,Canicattini Bagni,Siracusa,SR,Sicilia
B604,Canino,Viterbo,VT,Lazio
B605,Canischio,Torino,TO,Piemonte
B606,Canistro,L'Aquila,AQ,Abruzzo
B607,Canna,Cosenza,CS,Calabria
B608,Cannalonga,Salerno,SA,Campania
B609,Cannara,Perugia,PG,Umbria
B610,Cannero Riviera,Verbano-Cusio-Ossola,VB,Piemonte
B612,Canneto sull'Oglio,Mantova,MN,Lombardia
B613,Canneto Pavese,Pavia,PV,Lombardia
B615,Cannobio,Verbano-Cusio-Ossola,VB,Piemonte
B616,Cannole,Lecce,LE,Puglia
B617,Canolo,Reggio Calabria,RC,Calabria
B618,Canonica d'Adda,Bergamo,BG,Lombardia
B619,Canosa di Puglia,Barletta-Andria-Trani,BT,Puglia
B620,Canosa Sannita,Chieti,CH,Abruzzo
B621,Canosio,Cuneo,CN,Piemonte
B624,Cansano,L'Aquila,AQ,Abruzzo
B626,Cantagallo,Prato,PO,Toscana
B627,Cantalice,Rieti,RI,Lazio
B628,Cantalupa,Torino,TO,Piemonte
B629,Cantalupo Ligure,Alessandria,AL,Piemonte
B630,Cantalupo nel Sannio,Isernia,IS,Molise
B631,Cantalupo in Sabina,Rieti,RI,Lazio
B632,Mandela,Roma,RM,Lazio
B633,Cantarana,Asti,AT,Piemonte
B634,Cantello,Varese,VA,Lombardia
B635,Canterano,Roma,RM,Lazio
B636,Cantiano,Pesaro e Urbino,PU,Marche
B637,Cantoira,Torino,TO,Piemonte
B639,Cantù,Como,CO,Lombardia
B640,Canzano,Teramo,TE,Abruzzo
B641,Canzo,Como,CO,Lombardia
B642,Caorle,Venezia,VE,Veneto
B643,Caorso,Piacenza,PC,Emilia-Romagna
B644,Capaccio Paestum,Salerno,SA,Campania
B645,Capaci,Palermo,PA,Sicilia
B646,Capalbio,Grosseto,GR,Toscana
B647,Capannoli,Pisa,PI,Toscana
B648,Capannori,Lucca,LU,Toscana
B649,Capena,Roma,RM,Lazio
B650,Capergnanica,Cremona,CR,Lombardia
B651,Capestrano,L'Aquila,AQ,Abruzzo
B653,Capiago Intimiano,Como,CO,Lombardia
B655,Capistrano,Vibo Valentia,VV,Calabria
B656,Capistrello,L'Aquila,AQ,Abruzzo
B658,Capitignano,L'Aquila,AQ,Abruzzo
B660,Capizzi,Messina,ME,Sicilia
B661,Capizzone,Bergamo,BG,Lombardia
B662,Ponte nelle Alpi,Belluno,BL,Veneto
B663,Capodimonte,Viterbo,VT,Lazio
B664,Capo di Ponte,Brescia,BS,Lombardia
B666,Capo d'Orlando,Messina,ME,Sicilia
B667,Capodrise,Caserta,CE,Campania
B669,Capoliveri,Livorno,LI,Toscana
B670,Capolona,Arezzo,AR,Toscana
B671,Caponago,Monza e della Brianza,MB,Lombardia
B672,Caporciano,L'Aquila,AQ,Abruzzo
B674,Caposele,Avellino,AV,Campania
B675,Capoterra,Cagliari,CA,Sardegna
B676,Capovalle,Brescia,BS,Lombardia
B677,Cappadocia,L'Aquila,AQ,Abruzzo
B678,Cappella Maggiore,Treviso,TV,Veneto
B679,Cappella Cantone,Cremona,CR,Lombardia
B680,Cappella de' Picenardi,Cremona,CR,Lombardia
B681,Cappelle sul Tavo,Pescara,PE,Abruzzo
B682,Capracotta,Isernia,IS,Molise
B684,Capraia e Limite,Firenze,FI,Toscana
B685,Capraia Isola,Livorno,LI,Toscana
B686,Capralba,Cremona,CR,Lombardia
B687,Capranica Prenestina,Roma,RM,Lazio
B688,Capranica,Viterbo,VT,Lazio
B689,Marzabotto,Bologna,BO,Emilia-Romagna
B690,Caprarica di Lecce,Lecce,LE,Puglia
B691,Caprarola,Viterbo,VT,Lazio
B692,Caprauna,Cuneo,CN,Piemonte
B693,Caprese Michelangelo,Arezzo,AR,Toscana
B694,Caprezzo,Verbano-Cusio-Ossola,VB,Piemonte
B695,Capri Leone,Messina,ME,Sicilia
B696,Capri,Napoli,NA,Campania
B697,Capriana,Trento,TN,Trentino-Alto Adige/Südtirol
B698,Capriano del Colle,Brescia,BS,Lombardia
B701,Capriata d'Orba,Alessandria,AL,Piemonte
B703,Capriate San Gervasio,Bergamo,BG,Lombardia
B704,Capriati a Volturno,Caserta,CE,Campania
B705,Caprie,Torino,TO,Piemonte
B706,Capriglia Irpina,Avellino,AV,Campania
B707,Capriglio,Asti,AT,Piemonte
B708,Caprile,Biella,BI,Piemonte
B709,Caprino Veronese,Verona,VR,Veneto
B710,Caprino Bergamasco,Bergamo,BG,Lombardia
B711,Capriolo,Brescia,BS,Lombardia
B712,Capriva del Friuli,Gorizia,GO,Friuli-Venezia Giulia
B715,Capua,Caserta,CE,Campania
B716,Capurso,Bari,BA,Puglia
B717,Caraffa di Catanzaro,Catanzaro,CZ,Calabria
B718,Caraffa del Bianco,Reggio Calabria,RC,Calabria
B719,Caraglio,Cuneo,CN,Piemonte
B720,Caramagna Piemonte,Cuneo,CN,Piemonte
B722,Caramanico Terme,Pescara,PE,Abruzzo
B724,Carapelle,Foggia,FG,Puglia
B725,Carapelle Calvisio,L'Aquila,AQ,Abruzzo
B726,Carasco,Genova,GE,Liguria
B727,Carassai,Ascoli Piceno,AP,Marche
B729,Carate Brianza,Monza e della Brianza,MB,Lombardia
B730,Carate Urio,Como,CO,Lombardia
B731,Caravaggio,Bergamo,BG,Lombardia
B732,Caravate,Varese,VA,Lombardia
B733,Caravino,Torino,TO,Piemonte
B734,Caravonica,Imperia,IM,Liguria
B735,Carbognano,Viterbo,VT,Lazio
B736,Carbonara Scrivia,Alessandria,AL,Piemonte
B738,Villasimius,Sud Sardegna,SU,Sardegna
B740,Carbonara di Nola,Napoli,NA,Campania
B741,Carbonara al Ticino,Pavia,PV,Lombardia
B742,Carbonate,Como,CO,Lombardia
B743,Carbone,Potenza,PZ,Basilicata
B744,Carbonera,Treviso,TV,Veneto
B745,Carbonia,Sud Sardegna,SU,Sardegna
B748,Carcare,Savona,SV,Liguria
B752,Carcoforo,Vercelli,VC,Piemonte
B754,Cardano al Campo,Varese,VA,Lombardia
B755,Cardè,Cuneo,CN,Piemonte
B756,Cardeto,Reggio Calabria,RC,Calabria
B758,Cardinale,Catanzaro,CZ,Calabria
B759,Cardito,Napoli,NA,Campania
B760,Careggine,Lucca,LU,Toscana
B762,Carema,Torino,TO,Piemonte
B763,Carenno,Lecco,LC,Lombardia
B765,Carentino,Alessandria,AL,Piemonte
B766,Careri,Reggio Calabria,RC,Calabria
B767,Caresana,Vercelli,VC,Piemonte
B768,Caresanablot,Vercelli,VC,Piemonte
B769,Carezzano,Alessandria,AL,Piemonte
B771,Carfizzi,Crotone,KR,Calabria
B772,Cargeghe,Sassari,SS,Sardegna
B774,Cariati,Cosenza,CS,Calabria
B776,Carife,Avellino,AV,Campania
B777,Carignano,Torino,TO,Piemonte
B778,Carimate,Como,CO,Lombardia
B779,Carinaro,Caserta,CE,Campania
B780,Carini,Palermo,PA,Sicilia
B781,Carinola,Caserta,CE,Campania
B782,Carisio,Vercelli,VC,Piemonte
B783,Carisolo,Trento,TN,Trentino-Alto Adige/Südtirol
B784,Carlantino,Foggia,FG,Puglia
B785,Carlazzo,Como,CO,Lombardia
B787,Carlentini,Siracusa,SR,Sicilia
B788,Carlino,Udine,UD,Friuli-Venezia Giulia
B789,Carloforte,Sud Sardegna,SU,Sardegna
B790,Carlopoli,Catanzaro,CZ,Calabria
B791,Carmagnola,Torino,TO,Piemonte
B792,Carmiano,Lecce,LE,Puglia
B794,Carmignano,Prato,PO,Toscana
B795,Carmignano di Brenta,Padova,PD,Veneto
B796,Carnago,Varese,VA,Lombardia
B798,Carnate,Monza e della Brianza,MB,Lombardia
B799,Cornedo all'Isarco,Bolzano/Bozen,BZ,Trentino-Alto Adige/Südtirol
B801,Carobbio degli Angeli,Bergamo,BG,Lombardia
B802,Carolei,Cosenza,CS,Calabria
B803,Carona,Bergamo,BG,Lombardia
B804,Caronia,Messina,ME,Sicilia
B805,Caronno Pertusella,Varese,VA,Lombardia
B807,Caronno Varesino,Varese,VA,Lombardia
B808,Carosino,Taranto,TA,Puglia
B809,Carovigno,Brindisi,BR,Puglia
B810,Carovilli,Isernia,IS,Molise
B812,Carpaneto Piacentino,Piacenza,PC,Emilia-Romagna
B813,Carpanzano,Cosenza,CS,Calabria
B816,Carpegna,Pesaro e Urbino,PU,Marche
B817,Carpenedolo,Brescia,BS,Lombardia
B818,Carpeneto,Alessandria,AL,Piemonte
B819,Carpi,Modena,MO,Emilia-Romagna
B820,Carpiano,Milano,MI,Lombardia
B822,Carpignano Salentino,Lecce,LE,Puglia
B823,Carpignano Sesia,Novara,NO,Piemonte
B824,Cura Carpignano,Pavia,PV,Lombardia
B825,Carpineti,Reggio nell'Emilia,RE,Emilia-Romagna
B826,Carpineto Sinello,Chieti,CH,Abruzzo
B827,Carpineto della Nora,Pescara,PE,Abruzzo
B828,Carpineto Romano,Roma,RM,Lazio
B829,Carpino,Foggia,FG,Puglia
B830,Carpinone,Isernia,IS,Molise
B832,Carrara,Massa-Carrara,MS,Toscana
B835,Carrè,Vicenza,VI,Veneto
B836,Carrega Ligure,Alessandria,AL,Piemonte
B838,Carro,La Spezia,SP,Liguria
B839,Carrodano,La Spezia,SP,Liguria
B840,Carrosio,Alessandria,AL,Piemonte
B841,Carrù,Cuneo,CN,Piemonte
B842,Carsoli,L'Aquila,AQ,Abruzzo
B844,Cartigliano,Vicenza,VI,Veneto
B845,Cartignano,Cuneo,CN,Piemonte
B846,Cartoceto,Pesaro e Urbino,PU,Marche
B847,Cartosio,Alessandria,AL,Piemonte
B848,Cartura,Padova,PD,Veneto
B850,Carugate,Milano,MI,Lombardia
B851,Carugo,Como,CO,Lombardia
B853,Carunchio,Chieti,CH,Abruzzo
B854,Carvico,Bergamo,BG,Lombardia
B856,Carzano,Trento,TN,Trentino-Alto Adige/Südtirol
B857,Casabona,Crotone,KR,Calabria
B858,Casacalenda,Campobasso,CB,Molise
B859,Casacanditella,Chieti,CH,Abruzzo
B860,Casagiove,Caserta,CE,Campania
B861,Casalanguida,Chieti,CH,Abruzzo
B862,Casalattico,Frosinone,FR,Lazio
B864,Casalbeltrame,Novara,NO,Piemonte
B865,Casalbordino,Chieti,CH,Abruzzo
B866,Casalbore,Avellino,AV,Campania
B867,Casalborgone,Torino,TO,Piemonte
B868,Casalbuono,Salerno,SA,Campania
B869,Casalbuttano ed Uniti,Cremona,CR,Lombardia
B870,Casal Cermelli,Alessandria,AL,Piemonte
B871,Casalciprano,Campobasso,CB,Molise
B872,Casal di Principe,Caserta,CE,Campania
B873,Casalduni,Benevento,BN,Campania
B875,Casale Litta,Varese,VA,Lombardia
B876,Casale Corte Cerro,Verbano-Cusio-Ossola,VB,Piemonte
B877,Casale di Scodosia,Padova,PD,Veneto
B878,Casale Marittimo,Pisa,PI,Toscana
B879,Casale sul Sile,Treviso,TV,Veneto
B880,Casalecchio di Reno,Bologna,BO,Emilia-Romagna
B881,Casale Cremasco-Vidolasco,Cremona,CR,Lombardia
B882,Casaleggio Boiro,Alessandria,AL,Piemonte
B883,Casaleggio Novara,Novara,NO,Piemonte
B885,Casale Monferrato,Alessandria,AL,Piemonte
B886,Casaleone,Verona,VR,Veneto
B887,Casaletto Lodigiano,Lodi,LO,Lombardia
B888,Casaletto Spartano,Salerno,SA,Campania
B889,Casaletto Ceredano,Cremona,CR,Lombardia
B890,Casaletto di Sopra,Cremona,CR,Lombardia
B891,Casaletto Vaprio,Cremona,CR,Lombardia
B892,Casalfiumanese,Bologna,BO,Emilia-Romagna
B893,Casalgrande,Reggio nell'Emilia,RE,Emilia-Romagna
B894,Casalgrasso,Cuneo,CN,Piemonte
B895,Casal Velino,Salerno,SA,Campania
B896,Casalincontrada,Chieti,CH,Abruzzo
B897,Casalino,Novara,NO,Piemonte
B898,Casalmaggiore,Cremona,CR,Lombardia
B899,Casalmaiocco,Lodi,LO,Lombardia
B900,Casalmorano,Cremona,CR,Lombardia
B901,Casalmoro,Mantova,MN,Lombardia
B902,Casalnoceto,Alessandria,AL,Piemonte
B903,Villapiana,Cosenza,CS,Calabria
B904,Casalnuovo Monterotaro,Foggia,FG,Puglia
B905,Casalnuovo di Napoli,Napoli,NA,Campania
B906,San Paolo Albanese,Potenza,PZ,Basilicata
B907,Casaloldo,Mantova,MN,Lombardia
B910,Casalpusterlengo,Lodi,LO,Lombardia
B911,Casalromano,Mantova,MN,Lombardia
B912,Casalserugo,Padova,PD,Veneto
B914,Pozzaglio ed Uniti,Cremona,CR,Lombardia
B915,Trinitapoli,Barletta-Andria-Trani,BT,Puglia
B916,Casaluce,Caserta,CE,Campania
B917,Casalvecchio di Puglia,Foggia,FG,Puglia
B918,Casalvecchio Siculo,Messina,ME,Sicilia
B919,Casalvieri,Frosinone,FR,Lazio
B920,Casalvolone,Novara,NO,Piemonte
B921,Casalzuigno,Varese,VA,Lombardia
B922,Casamarciano,Napoli,NA,Campania
B923,Casamassima,Bari,BA,Puglia
B924,Casamicciola Terme,Napoli,NA,Campania
B925,Casandrino,Napoli,NA,Campania
B927,Casanova Lerrone,Savona,SV,Liguria
B928,Casanova Elvo,Vercelli,VC,Piemonte
B929,Casanova Lonati,Pavia,PV,Lombardia
B932,Casape,Roma,RM,Lazio
B933,Casapinta,Biella,BI,Piemonte
B934,Casaprota,Rieti,RI,Lazio
B935,Casapulla,Caserta,CE,Campania
B936,Casarano,Lecce,LE,Puglia
B937,Casargo,Lecco,LC,Lombardia
B938,Casarile,Milano,MI,Lombardia
B939,Casarza Ligure,Genova,GE,Liguria
B940,Casarsa della Delizia,Pordenone,PN,Friuli-Venezia Giulia
B941,Casasco,Alessandria,AL,Piemonte
B943,Casatenovo,Lecco,LC,Lombardia
B945,Casatisma,Pavia,PV,Lombardia
B946,Casavatore,Napoli,NA,Campania
B947,Casazza,Bergamo,BG,Lombardia
B948,Cascia,Perugia,PG,Umbria
B949,Casciago,Varese,VA,Lombardia
B950,Cascina,Pisa,PI,Toscana
B952,San Giacomo Vercellese,Vercelli,VC,Piemonte
B953,Cascinette d'Ivrea,Torino,TO,Piemonte
B954,Casei Gerola,Pavia,PV,Lombardia
B955,Caselette,Torino,TO,Piemonte
B956,Casella,Genova,GE,Liguria
B958,Caselle Lurani,Lodi,LO,Lombardia
B959,Caselle in Pittari,Salerno,SA,Campania
B960,Caselle Torinese,Torino,TO,Piemonte
B961,Caselle Landi,Lodi,LO,Lombardia
B962,Scandicci,Firenze,FI,Toscana
B963,Caserta,Caserta,CE,Campania
B965,Casier,Treviso,TV,Veneto
B966,Casignana,Reggio Calabria,RC,Calabria
B967,Casina,Reggio nell'Emilia,RE,Emilia-Romagna
B968,Castelsilano,Crotone,KR,Calabria
B969,Castel di Casio,Bologna,BO,Emilia-Romagna
B971,Casirate d'Adda,Bergamo,BG,Lombardia
B974,Caslino d'Erba,Como,CO,Lombardia
B977,Casnate con Bernate,Como,CO,Lombardia
B978,Casnigo,Bergamo,BG,Lombardia
B979,Casola in Lunigiana,Massa-Carrara,MS,Toscana
B980,Casola di Napoli,Napoli,NA,Campania
B982,Casola Valsenio,Ravenna,RA,Emilia-Romagna
B984,Casole d'Elsa,Siena,SI,Toscana
B985,Casoli,Chieti,CH,Abruzzo
B987,Casorate Sempione,Varese,VA,Lombardia
B988,Casorate Primo,Pavia,PV,Lombardia
B989,Casorezzo,Milano,MI,Lombardia
B990,Casoria,Napoli,NA,Campania
B991,Casorzo Monferrato,Asti,AT,Piemonte
B993,Caspoggio,Sondrio,SO,Lombardia
B994,Cassacco,Udine,UD,Friuli-Venezia Giulia
B996,Cassago Brianza,Lecco,LC,Lombardia
B997,Cassano Irpino,Avellino,AV,Campania
B998,Cassano delle Murge,Bari,BA,Puglia
B999,Cassano Valcuvia,Varese,VA,Lombardia
C002,Cassano all'Ionio,Cosenza,CS,Calabria
C003,Cassano d'Adda,Milano,MI,Lombardia
C004,Cassano Magnago,Varese,VA,Lombardia
C006,Cassaro,Siracusa,SR,Sicilia
C007,Cassiglio,Bergamo,BG,Lombardia
C013,Pero,Milano,MI,Lombardia
C014,Cassina de' Pecchi,Milano,MI,Lombardia
C020,Cassina Rizzardi,Como,CO,Lombardia
C022,Cassinasco,Asti,AT,Piemonte
C024,Cassina Valsassina,Lecco,LC,Lombardia
C027,Cassine,Alessandria,AL,Piemonte
C030,Cassinelle,Alessandria,AL,Piemonte
C033,Cassinetta di Lugagnano,Milano,MI,Lombardia
C034,Cassino,Frosinone,FR,Lazio
C037,Cassola,Vicenza,VI,Veneto
C038,Cassolnovo,Pavia,PV,Lombardia
C040,Castel Castagna,Teramo,TE,Abruzzo
C041,Castagnaro,Verona,VR,Veneto
C044,Castagneto Carducci,Livorno,LI,Toscana
C045,Castagneto Po,Torino,TO,Piemonte
C046,Castagnito,Cuneo,CN,Piemonte
C047,Castagnole Monferrato,Asti,AT,Piemonte
C048,Castagnole Piemonte,Torino,TO,Piemonte
C049,Castagnole delle Lanze,Asti,AT,Piemonte
C050,Castana,Pavia,PV,Lombardia
C051,Castell'Umberto,Messina,ME,Sicilia
C052,Castano Primo,Milano,MI,Lombardia
C053,Casteggio,Pavia,PV,Lombardia
C055,Castegnato,Brescia,BS,Lombardia
C056,Castegnero,Vicenza,VI,Veneto
C057,Castelbaldo,Padova,PD,Veneto
C058,Castel Baronia,Avellino,AV,Campania
C059,Castelbelforte,Mantova,MN,Lombardia
C060,Castelbellino,Ancona,AN,Marche
C062,Castelbello-Ciardes,Bolzano/Bozen,BZ,Trentino-Alto Adige/Südtirol
C063,Castelbianco,Savona,SV,Liguria
C064,Castel Boglione,Asti,AT,Piemonte
C065,Castel Bolognese,Ravenna,RA,Emilia-Romagna
C066,Castelbottaccio,Campobasso,CB,Molise
C067,Castelbuono,Palermo,PA,Sicilia
C069,Castelcivita,Salerno,SA,Campania
C070,Servigliano,Fermo,FM,Marche
C072,Castelcovati,Brescia,BS,Lombardia
C073,Castelcucco,Treviso,TV,Veneto
C074,Casteldaccia,Palermo,PA,Sicilia
C075,Castel d'Aiano,Bologna,BO,Emilia-Romagna
C076,Castel d'Ario,Mantova,MN,Lombardia
C078,Castel d'Azzano,Verona,VR,Veneto
C079,Castelli Calepio,Bergamo,BG,Lombardia
C080,Casteldelci,Rimini,RN,Emilia-Romagna
C081,Casteldelfino,Cuneo,CN,Piemonte
C082,Castel del Giudice,Isernia,IS,Molise
C083,Castel del Monte,L'Aquila,AQ,Abruzzo
C085,Castel del Piano,Grosseto,GR,Toscana
C086,Castel del Rio,Bologna,BO,Emilia-Romagna
C089,Casteldidone,Cremona,CR,Lombardia
C090,Castel di Ieri,L'Aquila,AQ,Abruzzo
C091,Castel di Iudica,Catania,CT,Sicilia
C093,Castel di Lama,Ascoli Piceno,AP,Marche
C094,Castel di Lucio,Messina,ME,Sicilia
C096,Castel di Sangro,L'Aquila,AQ,Abruzzo
C097,Castel di Sasso,Caserta,CE,Campania
C098,Castel di Tora,Rieti,RI,Lazio
C100,Castelfidardo,Ancona,AN,Marche
C101,Castelfiorentino,Firenze,FI,Toscana
C102,Castel Focognano,Arezzo,AR,Toscana
C104,Castelforte,Latina,LT,Lazio
C105,Castelfranci,Avellino,AV,Campania
C106,Castelfranco in Miscano,Benevento,BN,Campania
C107,Castelfranco Emilia,Modena,MO,Emilia-Romagna
C108,Castrolibero,Cosenza,CS,Calabria
C110,Castel Vittorio,Imperia,IM,Liguria
C111,Castelfranco Veneto,Treviso,TV,Veneto
C113,Castelfranco di Sotto,Pisa,PI,Toscana
C114,Castel Frentano,Chieti,CH,Abruzzo
C115,Castel Gabbiano,Cremona,CR,Lombardia
C116,Castel Gandolfo,Roma,RM,Lazio
C117,Castel Giorgio,Terni,TR,Umbria
C118,Castel Goffredo,Mantova,MN,Lombardia
C119,Castelgomberto,Vicenza,VI,Veneto
C120,Castelgrande,Potenza,PZ,Basilicata
C121,Castel Guelfo di Bologna,Bologna,BO,Emilia-Romagna
C122,Castelguglielmo,Rovigo,RO,Veneto
C123,Castelguidone,Chieti,CH,Abruzzo
C125,Castellabate,Salerno,SA,Campania
C126,Castellafiume,L'Aquila,AQ,Abruzzo
C127,Castell'Alfero,Asti,AT,Piemonte
C128,Castellalto,Teramo,TE,Abruzzo
C129,Castellammare di Stabia,Napoli,NA,Campania
C130,Castellammare del Golfo,Trapani,TP,Sicilia
C133,Castellamonte,Torino,TO,Piemonte
C134,Castellana Grotte,Bari,BA,Puglia
C135,Castellana Sicula,Palermo,PA,Sicilia
C136,Castellaneta,Taranto,TA,Puglia
C137,Castellania Coppi,Alessandria,AL,Piemonte
C139,Castellanza,Varese,VA,Lombardia
C141,Castellarano,Reggio nell'Emilia,RE,Emilia-Romagna
C142,Castellar Guidobono,Alessandria,AL,Piemonte
C143,Castellaro,Imperia,IM,Liguria
C145,Castell'Arquato,Piacenza,PC,Emilia-Romagna
C147,Castell'Azzara,Grosseto,GR,Toscana
C148,Castellazzo Bormida,Alessandria,AL,Piemonte
C149,Castellazzo Novarese,Novara,NO,Piemonte
C152,Castelleone di Suasa,Ancona,AN,Marche
C153,Castelleone,Cremona,CR,Lombardia
C154,Castellero,Asti,AT,Piemonte
C155,Castelletto Cervo,Biella,BI,Piemonte
C156,Castelletto d'Erro,Alessandria,AL,Piemonte
C157,Castelletto di Branduzzo,Pavia,PV,Lombardia
C158,Castelletto d'Orba,Alessandria,AL,Piemonte
C160,Castelletto Merli,Alessandria,AL,Piemonte
C161,Castelletto Molina,Asti,AT,Piemonte
C162,Castelletto Monferrato,Alessandria,AL,Piemonte
C165,Castelletto Stura,Cuneo,CN,Piemonte
C166,Castelletto sopra Ticino,Novara,NO,Piemonte
C167,Castelletto Uzzone,Cuneo,CN,Piemonte
C169,Castelli,Teramo,TE,Abruzzo
C172,Castellina in Chianti,Siena,SI,Toscana
C173,Castellinaldo d'Alba,Cuneo,CN,Piemonte
C174,Castellina Marittima,Pisa,PI,Toscana
C175,Castellino del Biferno,Campobasso,CB,Molise
C176,Castellino Tanaro,Cuneo,CN,Piemonte
C177,Castelliri,Frosinone,FR,Lazio
C178,Castello del Matese,Caserta,CE,Campania
C181,Castelveccana,Varese,VA,Lombardia
C183,Castel Condino,Trento,TN,Trentino-Alto Adige/Südtirol
C184,Castello d'Agogna,Pavia,PV,Lombardia
C185,Castello d'Argile,Bologna,BO,Emilia-Romagna
C186,Castello dell'Acqua,Sondrio,SO,Lombardia
C187,Castello di Brianza,Lecco,LC,Lombardia
C188,Castello di Cisterna,Napoli,NA,Campania
C189,Castello-Molina di Fiemme,Trento,TN,Trentino-Alto Adige/Südtirol
C190,Castello di Godego,Treviso,TV,Veneto
C194,Castello Tesino,Trento,TN,Trentino-Alto Adige/Südtirol
C195,Castellucchio,Mantova,MN,Lombardia
C197,Castelmauro,Campobasso,CB,Molise
C198,Castelluccio dei Sauri,Foggia,FG,Puglia
C199,Castelluccio Inferiore,Potenza,PZ,Basilicata
C200,Castelverrino,Isernia,IS,Molise
C201,Castelluccio Superiore,Potenza,PZ,Basilicata
C202,Castelluccio Valmaggiore,Foggia,FG,Puglia
C203,Castel Madama,Roma,RM,Lazio
C204,Castel Maggiore,Bologna,BO,Emilia-Romagna
C205,Castelmagno,Cuneo,CN,Piemonte
C206,Castelmarte,Como,CO,Lombardia
C207,Castelmassa,Rovigo,RO,Veneto
C208,Castel Mella,Brescia,BS,Lombardia
C209,Castelmezzano,Potenza,PZ,Basilicata
C210,Castelmola,Messina,ME,Sicilia
C211,Castel Morrone,Caserta,CE,Campania
C213,Castelnovetto,Pavia,PV,Lombardia
C214,Castelnuovo di Ceva,Cuneo,CN,Piemonte
C215,Castelnovo Bariano,Rovigo,RO,Veneto
C216,Castelnuovo,Trento,TN,Trentino-Alto Adige/Südtirol
C217,Castelnovo del Friuli,Pordenone,PN,Friuli-Venezia Giulia
C218,Castelnovo di Sotto,Reggio nell'Emilia,RE,Emilia-Romagna
C219,Castelnovo ne' Monti,Reggio nell'Emilia,RE,Emilia-Romagna
C220,Castelnuovo Bozzente,Como,CO,Lombardia
C222,Castelnuovo della Daunia,Foggia,FG,Puglia
C223,Castelnuovo Parano,Frosinone,FR,Lazio
C224,Castelnuovo di Farfa,Rieti,RI,Lazio
C225,Castelnuovo del Garda,Verona,VR,Veneto
C226,Castelnuovo Belbo,Asti,AT,Piemonte
C227,Castelnuovo Berardenga,Siena,SI,Toscana
C228,Castelnuovo Bocca d'Adda,Lodi,LO,Lombardia
C229,Castelnuovo Bormida,Alessandria,AL,Piemonte
C230,Castelnuovo Calcea,Asti,AT,Piemonte
C231,Castelnuovo Cilento,Salerno,SA,Campania
C232,Castelnuovo Don Bosco,Asti,AT,Piemonte
C235,Castelnuovo di Conza,Salerno,SA,Campania
C236,Castelnuovo di Garfagnana,Lucca,LU,Toscana
C237,Castelnuovo di Porto,Roma,RM,Lazio
C240,Castelnuovo Magra,La Spezia,SP,Liguria
C241,Castelnuovo Nigra,Torino,TO,Piemonte
C242,Castelnuovo Rangone,Modena,MO,Emilia-Romagna
C243,Castelnuovo Scrivia,Alessandria,AL,Piemonte
C244,Castelnuovo di Val di Cecina,Pisa,PI,Toscana
C245,Castelpagano,Benevento,BN,Campania
C246,Castelpetroso,Isernia,IS,Molise
C247,Castelpizzuto,Isernia,IS,Molise
C248,Castelplanio,Ancona,AN,Marche
C250,Castelpoto,Benevento,BN,Campania
C251,Castelraimondo,Macerata,MC,Marche
C252,Castel Ritaldi,Perugia,PG,Umbria
C253,Castel Rocchero,Asti,AT,Piemonte
C254,Castelrotto,Bolzano/Bozen,BZ,Trentino-Alto Adige/Südtirol
C255,Castel Rozzone,Bergamo,BG,Lombardia
C259,Castel San Giorgio,Salerno,SA,Campania
C261,Castel San Giovanni,Piacenza,PC,Emilia-Romagna
C262,Castel San Lorenzo,Salerno,SA,Campania
C263,Castel San Niccolò,Arezzo,AR,Toscana
C265,Castel San Pietro Terme,Bologna,BO,Emilia-Romagna
C266,Castel San Pietro Romano,Roma,RM,Lazio
C267,Castelsantangelo sul Nera,Macerata,MC,Marche
C268,Castel Sant'Angelo,Rieti,RI,Lazio
C269,Castel Sant'Elia,Viterbo,VT,Lazio
C270,Castel San Vincenzo,Isernia,IS,Molise
C271,Castelsaraceno,Potenza,PZ,Basilicata
C272,Castelsardo,Sassari,SS,Sardegna
C273,Castelseprio,Varese,VA,Lombardia
C274,Castelspina,Alessandria,AL,Piemonte
C275,Casteltermini,Agrigento,AG,Sicilia
C276,Castelvecchio di Rocca Barbena,Savona,SV,Liguria
C278,Castelvecchio Calvisio,L'Aquila,AQ,Abruzzo
C279,Castelvecchio Subequo,L'Aquila,AQ,Abruzzo
C280,Castelvenere,Benevento,BN,Campania
C282,Verrès,Valle d'Aosta/Vallée d'Aoste,AO,Valle d'Aosta/Vallée d'Aoste
C283,Castelvetere sul Calore,Avellino,AV,Campania
C284,Castelvetere in Val Fortore,Benevento,BN,Campania
C285,Caulonia,Reggio Calabria,RC,Calabria
C286,Castelvetrano,Trapani,TP,Sicilia
C287,Castelvetro di Modena,Modena,MO,Emilia-Romagna
C288,Castelvetro Piacentino,Piacenza,PC,Emilia-Romagna
C289,Castel Viscardo,Terni,TR,Umbria
C290,Castelvisconti,Cremona,CR,Lombardia
C291,Castel Volturno,Caserta,CE,Campania
C292,Castenaso,Bologna,BO,Emilia-Romagna
C293,Castenedolo,Brescia,BS,Lombardia
C294,Châtillon,Valle d'Aosta/Vallée d'Aoste,AO,Valle d'Aosta/Vallée d'Aoste
C296,Castiglione dei Pepoli,Bologna,BO,Emilia-Romagna
C297,Castiglione di Sicilia,Catania,CT,Sicilia
C298,Castiglione Messer Marino,Chieti,CH,Abruzzo
C300,Castiglione Olona,Varese,VA,Lombardia
C301,Castiglione Cosentino,Cosenza,CS,Calabria
C302,Castiglione Chiavarese,Genova,GE,Liguria
C303,Castiglione di Garfagnana,Lucca,LU,Toscana
C304,Castiglione d'Adda,Lodi,LO,Lombardia
C306,Castiglione del Genovesi,Salerno,SA,Campania
C307,Castiglione Torinese,Torino,TO,Piemonte
C308,Castiglione a Casauria,Pescara,PE,Abruzzo
C309,Castiglione del Lago,Perugia,PG,Umbria
C310,Castiglione della Pescaia,Grosseto,GR,Toscana
C311,Colledara,Teramo,TE,Abruzzo
C312,Castiglione delle Stiviere,Mantova,MN,Lombardia
C313,Castiglione d'Orcia,Siena,SI,Toscana
C314,Castiglione Falletto,Cuneo,CN,Piemonte
C315,Castiglione in Teverina,Viterbo,VT,Lazio
C316,Castiglione Messer Raimondo,Teramo,TE,Abruzzo
C317,Castiglione Tinella,Cuneo,CN,Piemonte
C318,Castiglion Fibocchi,Arezzo,AR,Toscana
C319,Castiglion Fiorentino,Arezzo,AR,Toscana
C321,Castignano,Ascoli Piceno,AP,Marche
C322,Castilenti,Teramo,TE,Abruzzo
C323,Castino,Cuneo,CN,Piemonte
C324,Castione della Presolana,Bergamo,BG,Lombardia
C325,Castione Andevenno,Sondrio,SO,Lombardia
C327,Castions di Strada,Udine,UD,Friuli-Venezia Giulia
C329,Castiraga Vidardo,Lodi,LO,Lombardia
C330,Casto,Brescia,BS,Lombardia
C331,Castorano,Ascoli Piceno,AP,Marche
C332,Castrezzato,Brescia,BS,Lombardia
C334,Castri di Lecce,Lecce,LE,Puglia
C335,Castrignano de' Greci,Lecce,LE,Puglia
C336,Castrignano del Capo,Lecce,LE,Puglia
C337,Castro,Bergamo,BG,Lombardia
C338,Castro dei Volsci,Frosinone,FR,Lazio
C339,Castrocaro Terme e Terra del Sole,Forlì-Cesena,FC,Emilia-Romagna
C340,Castrocielo,Frosinone,FR,Lazio
C341,Castrofilippo,Agrigento,AG,Sicilia
C342,Enna,Enna,EN,Sicilia
C343,Castronno,Varese,VA,Lombardia
C344,Castronovo di Sicilia,Palermo,PA,Sicilia
C345,Castronuovo di Sant'Andrea,Potenza,PZ,Basilicata
C346,Castropignano,Campobasso,CB,Molise
C347,Castroreale,Messina,ME,Sicilia
C348,Castroregio,Cosenza,CS,Calabria
C349,Castrovillari,Cosenza,CS,Calabria
C351,Catania,Catania,CT,Sicilia
C352,Catanzaro,Catanzaro,CZ,Calabria
C353,Catenanuova,Enna,EN,Sicilia
C354,Catignano,Pescara,PE,Abruzzo
C356,Cattolica Eraclea,Agrigento,AG,Sicilia
C357,Cattolica,Rimini,RN,Emilia-Romagna
C359,Cautano,Benevento,BN,Campania
C360,Cava Manara,Pavia,PV,Lombardia
C361,Cava de' Tirreni,Salerno,SA,Campania
C363,Cavaglià,Biella,BI,Piemonte
C364,Cavaglietto,Novara,NO,Piemonte
C365,Cavaglio d'Agogna,Novara,NO,Piemonte
C369,Cavagnolo,Torino,TO,Piemonte
C370,Cavaion Veronese,Verona,VR,Veneto
C372,Cavalese,Trento,TN,Trentino-Alto Adige/Südtirol
C375,Cavallerleone,Cuneo,CN,Piemonte
C376,Cavallermaggiore,Cuneo,CN,Piemonte
C377,Cavallino,Lecce,LE,Puglia
C378,Cavallirio,Novara,NO,Piemonte
C380,Cavareno,Trento,TN,Trentino-Alto Adige/Südtirol
C381,Cavargna,Como,CO,Lombardia
C382,Cavaria con Premezzo,Varese,VA,Lombardia
C383,Cavarzere,Venezia,VE,Veneto
C384,Cavaso del Tomba,Treviso,TV,Veneto
C385,Cavasso Nuovo,Pordenone,PN,Friuli-Venezia Giulia
C387,Cavatore,Alessandria,AL,Piemonte
C388,Jesolo,Venezia,VE,Veneto
C389,Cavazzo Carnico,Udine,UD,Friuli-Venezia Giulia
C390,Cave,Roma,RM,Lazio
C392,Cavedago,Trento,TN,Trentino-Alto Adige/Südtirol
C393,Cavedine,Trento,TN,Trentino-Alto Adige/Südtirol
C394,Cavenago d'Adda,Lodi,LO,Lombardia
C395,Cavenago di Brianza,Monza e della Brianza,MB,Lombardia
C396,Cavernago,Bergamo,BG,Lombardia
C398,Cavezzo,Modena,MO,Emilia-Romagna
C400,Cavizzana,Trento,TN,Trentino-Alto Adige/Südtirol
C404,Cavour,Torino,TO,Piemonte
C405,Cavriago,Reggio nell'Emilia,RE,Emilia-Romagna
C406,Cavriana,Mantova,MN,Lombardia
C407,Cavriglia,Arezzo,AR,Toscana
C408,Cazzago San Martino,Brescia,BS,Lombardia
C409,Cazzago Brabbia,Varese,VA,Lombardia
C410,Cazzano Sant'Andrea,Bergamo,BG,Lombardia
C412,Cazzano di Tramigna,Verona,VR,Veneto
C413,Ceccano,Frosinone,FR,Lazio
C414,Cecima,Pavia,PV,Lombardia
C415,Cecina,Livorno,LI,Toscana
C417,Cedegolo,Brescia,BS,Lombardia
C418,Cedrasco,Sondrio,SO,Lombardia
C420,Cefalà Diana,Palermo,PA,Sicilia
C421,Cefalù,Palermo,PA,Sicilia
C422,Ceggia,Venezia,VE,Veneto
C424,Ceglie Messapica,Brindisi,BR,Puglia
C426,Celano,L'Aquila,AQ,Abruzzo
C428,Celenza sul Trigno,Chieti,CH,Abruzzo
C429,Celenza Valfortore,Foggia,FG,Puglia
C430,Celico,Cosenza,CS,Calabria
C432,Cella Monte,Alessandria,AL,Piemonte
C435,Cella Dati,Cremona,CR,Lombardia
C436,Cellamare,Bari,BA,Puglia
C437,Cellara,Cosenza,CS,Calabria
C438,Cellarengo,Asti,AT,Piemonte
C439,Cellatica,Brescia,BS,Lombardia
C440,Celle Enomondo,Asti,AT,Piemonte
C441,Celle di Macra,Cuneo,CN,Piemonte
C442,Celle di San Vito,Foggia,FG,Puglia
C443,Celle Ligure,Savona,SV,Liguria
C444,Celle di Bulgheria,Salerno,SA,Campania
C446,Celleno,Viterbo,VT,Lazio
C447,Cellere,Viterbo,VT,Lazio
C448,Cellino San Marco,Brindisi,BR,Puglia
C449,Cellino Attanasio,Teramo,TE,Abruzzo
C453,Cenadi,Catanzaro,CZ,Calabria
C456,Cenate Sopra,Bergamo,BG,Lombardia
C457,Cenate Sotto,Bergamo,BG,Lombardia
C458,Cencenighe Agordino,Belluno,BL,Veneto
C459,Cene,Bergamo,BG,Lombardia
C461,Ceneselli,Rovigo,RO,Veneto
C463,Cengio,Savona,SV,Liguria
C466,Centallo,Cuneo,CN,Piemonte
C469,Cento,Ferrara,FE,Emilia-Romagna
C470,Centola,Salerno,SA,Campania
C471,Centuripe,Enna,EN,Sicilia
C472,Centrache,Catanzaro,CZ,Calabria
C474,Cepagatti,Pescara,PE,Abruzzo
C476,Ceppaloni,Benevento,BN,Campania
C478,Ceppo Morelli,Verbano-Cusio-Ossola,VB,Piemonte
C479,Ceprano,Frosinone,FR,Lazio
C480,Cerami,Enna,EN,Sicilia
C481,Ceranesi,Genova,GE,Liguria
C482,Cerano d'Intelvi,Como,CO,Lombardia
C483,Cerano,Novara,NO,Piemonte
C484,Ceranova,Pavia,PV,Lombardia
C485,Ceraso,Salerno,SA,Campania
C486,Cercemaggiore,Campobasso,CB,Molise
C487,Cercenasco,Torino,TO,Piemonte
C488,Cercepiccola,Campobasso,CB,Molise
C489,Cerchiara di Calabria,Cosenza,CS,Calabria
C492,Cerchio,L'Aquila,AQ,Abruzzo
C493,Cercino,Sondrio,SO,Lombardia
C494,Cercivento,Udine,UD,Friuli-Venezia Giulia
C495,Cercola,Napoli,NA,Campania
C496,Cerda,Palermo,PA,Sicilia
C497,Ceres,Torino,TO,Piemonte
C498,Cerea,Verona,VR,Veneto
C500,Ceregnano,Rovigo,RO,Veneto
C501,Cerenzia,Crotone,KR,Calabria
C502,Ceresara,Mantova,MN,Lombardia
C503,Cereseto,Alessandria,AL,Piemonte
C504,Ceresole Alba,Cuneo,CN,Piemonte
C505,Ceresole Reale,Torino,TO,Piemonte
C506,Cerete,Bergamo,BG,Lombardia
C507,Cerreto Grue,Alessandria,AL,Piemonte
C508,Ceretto Lomellina,Pavia,PV,Lombardia
C509,Cergnago,Pavia,PV,Lombardia
C510,Ceriale,Savona,SV,Liguria
C511,Ceriana,Imperia,IM,Liguria
C512,Ceriano Laghetto,Monza e della Brianza,MB,Lombardia
C513,Cerignale,Piacenza,PC,Emilia-Romagna
C514,Cerignola,Foggia,FG,Puglia
C515,Cerisano,Cosenza,CS,Calabria
C516,Cermenate,Como,CO,Lombardia
C517,Cermignano,Teramo,TE,Abruzzo
C518,Cerreto Laziale,Roma,RM,Lazio
C520,Cernobbio,Como,CO,Lombardia
C521,Cernusco Lombardone,Lecco,LC,Lombardia
C523,Cernusco sul Naviglio,Milano,MI,Lombardia
C524,Cerreto d'Esi,Ancona,AN,Marche
C525,Cerreto Sannita,Benevento,BN,Campania
C527,Cerreto di Spoleto,Perugia,PG,Umbria
C528,Cerreto d'Asti,Asti,AT,Piemonte
C529,Cerreto Guidi,Firenze,FI,Toscana
C530,Cerretto Langhe,Cuneo,CN,Piemonte
C531,Cerrina Monferrato,Alessandria,AL,Piemonte
C532,Cerrione,Biella,BI,Piemonte
C533,Cerro Tanaro,Asti,AT,Piemonte
C534,Cerro al Volturno,Isernia,IS,Molise
C536,Cerro al Lambro,Milano,MI,Lombardia
C537,Cerro Maggiore,Milano,MI,Lombardia
C538,Cerro Veronese,Verona,VR,Veneto
C539,Cersosimo,Potenza,PZ,Basilicata
C540,Certaldo,Firenze,FI,Toscana
C541,Certosa di Pavia,Pavia,PV,Lombardia
C542,Cerva,Catanzaro,CZ,Calabria
C543,Cervara di Roma,Roma,RM,Lazio
C544,Cervarese Santa Croce,Padova,PD,Veneto
C545,Cervaro,Frosinone,FR,Lazio
C547,Cervasca,Cuneo,CN,Piemonte
C548,Cervatto,Vercelli,VC,Piemonte
C549,Cerveno,Brescia,BS,Lombardia
C550,Cervere,Cuneo,CN,Piemonte
C551,Cervesina,Pavia,PV,Lombardia
C552,Cerveteri,Roma,RM,Lazio
C553,Cervia,Ravenna,RA,Emilia-Romagna
C554,Cervicati,Cosenza,CS,Calabria
C555,Cervignano d'Adda,Lodi,LO,Lombardia
C556,Cervignano del Friuli,Udine,UD,Friuli-Venezia Giulia
C557,Cervinara,Avellino,AV,Campania
C558,Cervino,Caserta,CE,Campania
C559,Cervo,Imperia,IM,Liguria
C560,Cerzeto,Cosenza,CS,Calabria
C561,Cesa,Caserta,CE,Campania
C563,Cesana Brianza,Lecco,LC,Lombardia
C564,Cesana Torinese,Torino,TO,Piemonte
C565,Cesano Boscone,Milano,MI,Lombardia
C566,Cesano Maderno,Monza e della Brianza,MB,Lombardia
C567,Cesara,Verbano-Cusio-Ossola,VB,Piemonte
C568,Cesarò,Messina,ME,Sicilia
C569,Cesate,Milano,MI,Lombardia
C573,Cesena,Forlì-Cesena,FC,Emilia-Romagna
C574,Cesenatico,Forlì-Cesena,FC,Emilia-Romagna
C576,Cesinali,Avellino,AV,Campania
C577,Cesiomaggiore,Belluno,BL,Veneto
C578,Cesio,Imperia,IM,Liguria
C580,Cessalto,Treviso,TV,Veneto
C581,Cessaniti,Vibo Valentia,VV,Calabria
C582,Cessapalombo,Macerata,MC,Marche
C583,Cessole,Asti,AT,Piemonte
C584,Cetara,Salerno,SA,Campania
C585,Ceto,Brescia,BS,Lombardia
C587,Cetona,Siena,SI,Toscana
C588,Cetraro,Cosenza,CS,Calabria
C589,Ceva,Cuneo,CN,Piemonte
C591,Cevo,Brescia,BS,Lombardia
C593,Challand-Saint-Anselme,Valle d'Aosta/Vallée d'Aoste,AO,Valle d'Aosta/Vallée d'Aoste
C594,Challand-Saint-Victor,Valle d'Aosta/Vallée d'Aoste,AO,Valle d'Aosta/Vallée d'Aoste
C595,Chambave,Valle d'Aosta/Vallée d'Aoste,AO,Valle d'Aosta/Vallée d'Aoste
C596,Champdepraz,Valle d'Aosta/Vallée d'Aoste,AO,Valle d'Aosta/Vallée d'Aoste
C598,Charvensod,Valle d'Aosta/Vallée d'Aoste,AO,Valle d'Aosta/Vallée d'Aoste
C599,Cherasco,Cuneo,CN,Piemonte
C600,Cheremule,Sassari,SS,Sardegna
C604,Chialamberto,Torino,TO,Piemonte
C605,Chiampo,Vicenza,VI,Veneto
C606,Chianche,Avellino,AV,Campania
C608,Chianciano Terme,Siena,SI,Toscana
C609,Chianni,Pisa,PI,Toscana
C610,Chianocco,Torino,TO,Piemonte
C612,Chiaramonte Gulfi,Ragusa,RG,Sicilia
C613,Chiaramonti,Sassari,SS,Sardegna
C614,Chiarano,Treviso,TV,Veneto
C615,Chiaravalle,Ancona,AN,Marche
C616,Chiaravalle Centrale,Catanzaro,CZ,Calabria
C618,Chiari,Brescia,BS,Lombardia
C619,Chiaromonte,Potenza,PZ,Basilicata
C620,Chiauci,Isernia,IS,Molise
C621,Chiavari,Genova,GE,Liguria
C623,Chiavenna,Sondrio,SO,Lombardia
C624,Chiaverano,Torino,TO,Piemonte
C625,Chienes,Bolzano/Bozen,BZ,Trentino-Alto Adige/Südtirol
C627,Chieri,Torino,TO,Piemonte
C628,Chiesa in Valmalenco,Sondrio,SO,Lombardia
C629,Chiesanuova,Torino,TO,Piemonte
C630,Chies d'Alpago,Belluno,BL,Veneto
C631,Chiesina Uzzanese,Pistoia,PT,Toscana
C632,Chieti,Chieti,CH,Abruzzo
C633,Chieuti,Foggia,FG,Puglia
C634,Chieve,Cremona,CR,Lombardia
C635,Chignolo d'Isola,Bergamo,BG,Lombardia
C637,Chignolo Po,Pavia,PV,Lombardia
C638,Chioggia,Venezia,VE,Veneto
C639,Chiomonte,Torino,TO,Piemonte
C640,Chions,Pordenone,PN,Friuli-Venezia Giulia
C641,Chiopris-Viscone,Udine,UD,Friuli-Venezia Giulia
C648,Chitignano,Arezzo,AR,Toscana
C649,Chiuduno,Bergamo,BG,Lombardia
C650,Chiuppano,Vicenza,VI,Veneto
C651,Chiuro,Sondrio,SO,Lombardia
C652,Chiusa,Bolzano/Bozen,BZ,Trentino-Alto Adige/Südtirol
C653,Chiusa di Pesio,Cuneo,CN,Piemonte
C654,Chiusa Sclafani,Palermo,PA,Sicilia
C655,Chiusa di San Michele,Torino,TO,Piemonte
C656,Chiusaforte,Udine,UD,Friuli-Venezia Giulia
C657,Chiusanico,Imperia,IM,Liguria
C658,Chiusano d'Asti,Asti,AT,Piemonte
C659,Chiusano di San Domenico,Avellino,AV,Campania
C660,Chiusavecchia,Imperia,IM,Liguria
C661,Chiusdino,Siena,SI,Toscana
C662,Chiusi,Siena,SI,Toscana
C663,Chiusi della Verna,Arezzo,AR,Toscana
C665,Chivasso,Torino,TO,Piemonte
C668,Cianciana,Agrigento,AG,Sicilia
C669,Canossa,Reggio nell'Emilia,RE,Emilia-Romagna
C670,Crocetta del Montello,Treviso,TV,Veneto
C672,Cibiana di Cadore,Belluno,BL,Veneto
C673,Cicagna,Genova,GE,Liguria
C674,Cicala,Catanzaro,CZ,Calabria
C675,Cicciano,Napoli,NA,Campania
C676,Cicerale,Salerno,SA,Campania
C677,Ciciliano,Roma,RM,Lazio
C678,Cicognolo,Cremona,CR,Lombardia
C679,Ciconio,Torino,TO,Piemonte
C680,Cigliano,Vercelli,VC,Piemonte
C681,Cigliè,Cuneo,CN,Piemonte
C684,Cigognola,Pavia,PV,Lombardia
C685,Cigole,Brescia,BS,Lombardia
C686,Cilavegna,Pavia,PV,Lombardia
C689,Cimadolmo,Treviso,TV,Veneto
C691,Cimbergo,Brescia,BS,Lombardia
C695,Ciminà,Reggio Calabria,RC,Calabria
C696,Ciminna,Palermo,PA,Sicilia
C697,Cimitile,Napoli,NA,Campania
C698,Tavernole sul Mella,Brescia,BS,Lombardia
C699,Cimolais,Pordenone,PN,Friuli-Venezia Giulia
C700,Cimone,Trento,TN,Trentino-Alto Adige/Südtirol
C701,Cinaglio,Asti,AT,Piemonte
C702,Cineto Romano,Roma,RM,Lazio
C703,Cingia de' Botti,Cremona,CR,Lombardia
C704,Cingoli,Macerata,MC,Marche
C705,Cinigiano,Grosseto,GR,Toscana
C707,Cinisello Balsamo,Milano,MI,Lombardia
C708,Cinisi,Palermo,PA,Sicilia
C709,Cino,Sondrio,SO,Lombardia
C710,Cinquefrondi,Reggio Calabria,RC,Calabria
C711,Cintano,Torino,TO,Piemonte
C712,Cinte Tesino,Trento,TN,Trentino-Alto Adige/Südtirol
C713,Cinto Euganeo,Padova,PD,Veneto
C714,Cinto Caomaggiore,Venezia,VE,Veneto
C715,Cinzano,Torino,TO,Piemonte
C716,Ciorlano,Caserta,CE,Campania
C717,Santa Maria del Cedro,Cosenza,CS,Calabria
C718,Cipressa,Imperia,IM,Liguria
C719,Circello,Benevento,BN,Campania
C722,Ciriè,Torino,TO,Piemonte
C723,Cirigliano,Matera,MT,Basilicata
C724,Cirimido,Como,CO,Lombardia
C725,Cirò,Crotone,KR,Calabria
C726,Cirò Marina,Crotone,KR,Calabria
C727,Cis,Trento,TN,Trentino-Alto Adige/Südtirol
C728,Cisano Bergamasco,Bergamo,BG,Lombardia
C729,Cisano sul Neva,Savona,SV,Liguria
C730,Ciserano,Bergamo,BG,Lombardia
C732,Cislago,Varese,VA,Lombardia
C733,Cisliano,Milano,MI,Lombardia
C735,Cison di Valmarino,Treviso,TV,Veneto
C738,Cissone,Cuneo,CN,Piemonte
C739,Cisterna d'Asti,Asti,AT,Piemonte
C740,Cisterna di Latina,Latina,LT,Lazio
C741,Cisternino,Brindisi,BR,Puglia
C742,Citerna,Perugia,PG,Umbria
C743,Cittadella,Padova,PD,Veneto
C744,Città della Pieve,Perugia,PG,Umbria
C745,Città di Castello,Perugia,PG,Umbria
C746,Cittaducale,Rieti,RI,Lazio
C747,Cittanova,Reggio Calabria,RC,Calabria
C749,Cittareale,Rieti,RI,Lazio
C750,Città Sant'Angelo,Pescara,PE,Abruzzo
C751,Cittiglio,Varese,VA,Lombardia
C752,Civate,Lecco,LC,Lombardia
C755,Civezza,Imperia,IM,Liguria
C756,Civezzano,Trento,TN,Trentino-Alto Adige/Südtirol
C757,Civiasco,Vercelli,VC,Piemonte
C758,Cividale del Friuli,Udine,UD,Friuli-Venezia Giulia
C759,Cividate al Piano,Bergamo,BG,Lombardia
C760,Cividate Camuno,Brescia,BS,Lombardia
C763,Civita,Cosenza,CS,Calabria
C764,Civitacampomarano,Campobasso,CB,Molise
C765,Civita Castellana,Viterbo,VT,Lazio
C766,Civita d'Antino,L'Aquila,AQ,Abruzzo
C767,Lanuvio,Roma,RM,Lazio
C768,Civitaluparella,Chieti,CH,Abruzzo
C769,Civitanova del Sannio,Isernia,IS,Molise
C770,Civitanova Marche,Macerata,MC,Marche
C771,Civitaquana,Pescara,PE,Abruzzo
C772,Duronia,Campobasso,CB,Molise
C773,Civitavecchia,Roma,RM,Lazio
C774,Civitella in Val di Chiana,Arezzo,AR,Toscana
C776,Civitella Messer Raimondo,Chieti,CH,Abruzzo
C777,Civitella di Romagna,Forlì-Cesena,FC,Emilia-Romagna
C778,Civitella Alfedena,L'Aquila,AQ,Abruzzo
C779,Civitella Casanova,Pescara,PE,Abruzzo
C780,Civitella d'Agliano,Viterbo,VT,Lazio
C781,Civitella del Tronto,Teramo,TE,Abruzzo
C782,Civitella Paganico,Grosseto,GR,Toscana
C783,Civitella Roveto,L'Aquila,AQ,Abruzzo
C784,Civitella San Paolo,Roma,RM,Lazio
C785,Civo,Sondrio,SO,Lombardia
C787,Claino con Osteno,Como,CO,Lombardia
C789,Ubiale Clanezzo,Bergamo,BG,Lombardia
C790,Claut,Pordenone,PN,Friuli-Venezia Giulia
C791,Clauzetto,Pordenone,PN,Friuli-Venezia Giulia
C792,Clavesana,Cuneo,CN,Piemonte
C793,Claviere,Torino,TO,Piemonte
C794,Cles,Trento,TN,Trentino-Alto Adige/Südtirol
C795,Cleto,Cosenza,CS,Calabria
C796,Clivio,Varese,VA,Lombardia
C800,Clusone,Bergamo,BG,Lombardia
C801,Coassolo Torinese,Torino,TO,Piemonte
C803,Coazze,Torino,TO,Piemonte
C804,Coazzolo,Asti,AT,Piemonte
C806,Coccaglio,Brescia,BS,Lombardia
C807,Cocconato,Asti,AT,Piemonte
C810,Cocquio-Trevisago,Varese,VA,Lombardia
C811,Cocullo,L'Aquila,AQ,Abruzzo
C812,Codevigo,Padova,PD,Veneto
C813,Codevilla,Pavia,PV,Lombardia
C814,Codigoro,Ferrara,FE,Emilia-Romagna
C815,Codognè,Treviso,TV,Veneto
C816,Codogno,Lodi,LO,Lombardia
C817,Codroipo,Udine,UD,Friuli-Venezia Giulia
C818,Codrongianos,Sassari,SS,Sardegna
C819,Coggiola,Biella,BI,Piemonte
C820,Cogliate,Monza e della Brianza,MB,Lombardia
C821,Cogne,Valle d'Aosta/Vallée d'Aoste,AO,Valle d'Aosta/Vallée d'Aoste
C823,Cogoleto,Genova,GE,Liguria
C824,Cogollo del Cengio,Vicenza,VI,Veneto
C826,Cogorno,Genova,GE,Liguria
C829,Colazza,Novara,NO,Piemonte
C835,Colere,Bergamo,BG,Lombardia
C836,Colfelice,Frosinone,FR,Lazio
C838,Coli,Piacenza,PC,Emilia-Romagna
C839,Colico,Lecco,LC,Lombardia
C841,Collalto Sabino,Rieti,RI,Lazio
C844,Collarmele,L'Aquila,AQ,Abruzzo
C845,Collazzone,Perugia,PG,Umbria
C846,Colle Sannita,Benevento,BN,Campania
C847,Colle di Val d'Elsa,Siena,SI,Toscana
C848,Colle Umberto,Treviso,TV,Veneto
C850,Collebeato,Brescia,BS,Lombardia
C851,Colle Brianza,Lecco,LC,Lombardia
C852,Collecchio,Parma,PR,Emilia-Romagna
C853,Collecorvino,Pescara,PE,Abruzzo
C854,Colle d'Anchise,Campobasso,CB,Molise
C855,Colledimacine,Chieti,CH,Abruzzo
C856,Colledimezzo,Chieti,CH,Abruzzo
C857,Colle di Tora,Rieti,RI,Lazio
C858,Colleferro,Roma,RM,Lazio
C859,Collegiove,Rieti,RI,Lazio
C860,Collegno,Torino,TO,Piemonte
C862,Collelongo,L'Aquila,AQ,Abruzzo
C864,Collepardo,Frosinone,FR,Lazio
C865,Collepasso,Lecce,LE,Puglia
C866,Collepietro,L'Aquila,AQ,Abruzzo
C867,Colleretto Castelnuovo,Torino,TO,Piemonte
C868,Colleretto Giacosa,Torino,TO,Piemonte
C869,Collesalvetti,Livorno,LI,Toscana
C870,Colle San Magno,Frosinone,FR,Lazio
C871,Collesano,Palermo,PA,Sicilia
C872,Colle Santa Lucia,Belluno,BL,Veneto
C875,Colletorto,Campobasso,CB,Molise
C876,Collevecchio,Rieti,RI,Lazio
C877,Colli del Tronto,Ascoli Piceno,AP,Marche
C878,Colli a Volturno,Isernia,IS,Molise
C879,Colliano,Salerno,SA,Campania
C880,Colli sul Velino,Rieti,RI,Lazio
C882,Collinas,Sud Sardegna,SU,Sardegna
C883,Collio,Brescia,BS,Lombardia
C884,Collobiano,Vercelli,VC,Piemonte
C885,Colloredo di Monte Albano,Udine,UD,Friuli-Venezia Giulia
C886,Colmurano,Macerata,MC,Marche
C888,Colobraro,Matera,MT,Basilicata
C890,Cologna Veneta,Verona,VR,Veneto
C893,Cologne,Brescia,BS,Lombardia
C894,Cologno al Serio,Bergamo,BG,Lombardia
C895,Cologno Monzese,Milano,MI,Lombardia
C897,Colognola ai Colli,Verona,VR,Veneto
C900,Colonna,Roma,RM,Lazio
C901,Colonnella,Teramo,TE,Abruzzo
C902,Colonno,Como,CO,Lombardia
C903,Colorina,Sondrio,SO,Lombardia
C904,Colorno,Parma,PR,Emilia-Romagna
C905,Colosimi,Cosenza,CS,Calabria
C908,Colturano,Milano,MI,Lombardia
C910,Colzate,Bergamo,BG,Lombardia
C911,Comabbio,Varese,VA,Lombardia
C912,Comacchio,Ferrara,FE,Emilia-Romagna
C914,Comano,Massa-Carrara,MS,Toscana
C917,Comazzo,Lodi,LO,Lombardia
C918,Comeglians,Udine,UD,Friuli-Venezia Giulia
C919,Santo Stefano di Cadore,Belluno,BL,Veneto
C920,Comelico Superiore,Belluno,BL,Veneto
C922,Comerio,Varese,VA,Lombardia
C925,Comezzano-Cizzago,Brescia,BS,Lombardia
C926,Comignago,Novara,NO,Piemonte
C927,Comiso,Ragusa,RG,Sicilia
C928,Comitini,Agrigento,AG,Sicilia
C929,Comiziano,Napoli,NA,Campania
C930,Commessaggio,Mantova,MN,Lombardia
C931,Commezzadura,Trento,TN,Trentino-Alto Adige/Südtirol
C933,Como,Como,CO,Lombardia
C934,Compiano,Parma,PR,Emilia-Romagna
C935,Comunanza,Ascoli Piceno,AP,Marche
C936,Valsolda,Como,CO,Lombardia
C937,Comun Nuovo,Bergamo,BG,Lombardia
C938,Cona,Venezia,VE,Veneto
C939,Conca della Campania,Caserta,CE,Campania
C940,Conca dei Marini,Salerno,SA,Campania
C941,Conca Casale,Isernia,IS,Molise
C943,Concamarise,Verona,VR,Veneto
C946,Concerviano,Rieti,RI,Lazio
C948,Concesio,Brescia,BS,Lombardia
C950,Concordia Sagittaria,Venezia,VE,Veneto
C951,Concordia sulla Secchia,Modena,MO,Emilia-Romagna
C952,Concorezzo,Monza e della Brianza,MB,Lombardia
C954,Condofuri,Reggio Calabria,RC,Calabria
C955,Condove,Torino,TO,Piemonte
C956,Condrò,Messina,ME,Sicilia
C957,Conegliano,Treviso,TV,Veneto
C958,Confienza,Pavia,PV,Lombardia
C959,Configni,Rieti,RI,Lazio
C960,Conflenti,Catanzaro,CZ,Calabria
C962,Coniolo,Alessandria,AL,Piemonte
C963,Conselice,Ravenna,RA,Emilia-Romagna
C964,Conselve,Padova,PD,Veneto
C968,Contessa Entellina,Palermo,PA,Sicilia
C969,Contigliano,Rieti,RI,Lazio
C971,Contrada,Avellino,AV,Campania
C972,Controguerra,Teramo,TE,Abruzzo
C973,Controne,Salerno,SA,Campania
C974,Contursi Terme,Salerno,SA,Campania
C975,Conversano,Bari,BA,Puglia
C976,Conza della Campania,Avellino,AV,Campania
C977,Conzano,Alessandria,AL,Piemonte
C978,Copertino,Lecce,LE,Puglia
C979,Copiano,Pavia,PV,Lombardia
C980,Copparo,Ferrara,FE,Emilia-Romagna
C982,Corana,Pavia,PV,Lombardia
C983,Corato,Bari,BA,Puglia
C984,Corbara,Salerno,SA,Campania
C986,Corbetta,Milano,MI,Lombardia
C987,Corbola,Rovigo,RO,Veneto
C988,Corchiano,Viterbo,VT,Lazio
C990,Corciano,Perugia,PG,Umbria
C991,Cordenons,Pordenone,PN,Friuli-Venezia Giulia
C992,Cordignano,Treviso,TV,Veneto
C993,Cordovado,Pordenone,PN,Friuli-Venezia Giulia
C995,Coreglia Ligure,Genova,GE,Liguria
C996,Coreglia Antelminelli,Lucca,LU,Toscana
C998,Coreno Ausonio,Frosinone,FR,Lazio
C999,Corfinio,L'Aquila,AQ,Abruzzo
D003,Cori,Latina,LT,Lazio
D004,Coriano,Rimini,RN,Emilia-Romagna
D006,Corigliano d'Otranto,Lecce,LE,Puglia
D007,Corinaldo,Ancona,AN,Marche
D008,Corio,Torino,TO,Piemonte
D009,Corleone,Palermo,PA,Sicilia
D010,Corleto Perticara,Potenza,PZ,Basilicata
D011,Corleto Monforte,Salerno,SA,Campania
D012,Courmayeur,Valle d'Aosta/Vallée d'Aoste,AO,Valle d'Aosta/Vallée d'Aoste
D013,Cormano,Milano,MI,Lombardia
D014,Cormons,Gorizia,GO,Friuli-Venezia Giulia
D015,Corna Imagna,Bergamo,BG,Lombardia
D016,Cornalba,Bergamo,BG,Lombardia
D018,Cornaredo,Milano,MI,Lombardia
D019,Cornate d'Adda,Monza e della Brianza,MB,Lombardia
D020,Cornedo Vicentino,Vicenza,VI,Veneto
D021,Cornegliano Laudense,Lodi,LO,Lombardia
D022,Corneliano d'Alba,Cuneo,CN,Piemonte
D024,Tarquinia,Viterbo,VT,Lazio
D026,Corniglio,Parma,PR,Emilia-Romagna
D027,Corno di Rosazzo,Udine,UD,Friuli-Venezia Giulia
D028,Corno Giovine,Lodi,LO,Lombardia
D029,Cornovecchio,Lodi,LO,Lombardia
D030,Cornuda,Treviso,TV,Veneto
D033,Morimondo,Milano,MI,Lombardia
D037,Correggio,Reggio nell'Emilia,RE,Emilia-Romagna
D038,Correzzana,Monza e della Brianza,MB,Lombardia
D040,Correzzola,Padova,PD,Veneto
D041,Corrido,Como,CO,Lombardia
D042,Corridonia,Macerata,MC,Marche
D043,Corropoli,Teramo,TE,Abruzzo
D044,Corsano,Lecce,LE,Puglia
D045,Corsico,Milano,MI,Lombardia
D046,Corsione,Asti,AT,Piemonte
D048,Cortaccia sulla strada del vino,Bolzano/Bozen,BZ,Trentino-Alto Adige/Südtirol
D049,Cortale,Catanzaro,CZ,Calabria
D050,Cortandone,Asti,AT,Piemonte
D051,Cortanze,Asti,AT,Piemonte
D052,Cortazzone,Asti,AT,Piemonte
D054,Corte Brugnatella,Piacenza,PC,Emilia-Romagna
D056,Corte de' Cortesi con Cignone,Cremona,CR,Lombardia
D057,Corte de' Frati,Cremona,CR,Lombardia
D058,Corte Franca,Brescia,BS,Lombardia
D061,Cortemaggiore,Piacenza,PC,Emilia-Romagna
D062,Cortemilia,Cuneo,CN,Piemonte
D064,Corteno Golgi,Brescia,BS,Lombardia
D065,Cortenova,Lecco,LC,Lombardia
D066,Cortenuova,Bergamo,BG,Lombardia
D068,Corte Palasio,Lodi,LO,Lombardia
D072,Cortiglione,Asti,AT,Piemonte
D075,Cortina sulla strada del vino,Bolzano/Bozen,BZ,Trentino-Alto Adige/Südtirol
D076,Cortino,Teramo,TE,Abruzzo
D077,Cortona,Arezzo,AR,Toscana
D078,Corvara,Pescara,PE,Abruzzo
D079,Corvara in Badia,Bolzano/Bozen,BZ,Trentino-Alto Adige/Südtirol
D081,Corvino San Quirico,Pavia,PV,Lombardia
D082,Corzano,Brescia,BS,Lombardia
D085,Coseano,Udine,UD,Friuli-Venezia Giulia
D086,Cosenza,Cosenza,CS,Calabria
D087,Cosio d'Arroscia,Imperia,IM,Liguria
D088,Cosio Valtellino,Sondrio,SO,Lombardia
D089,Cosoleto,Reggio Calabria,RC,Calabria
D092,Cossano Canavese,Torino,TO,Piemonte
D093,Cossano Belbo,Cuneo,CN,Piemonte
D094,Cossato,Biella,BI,Piemonte
D095,Cosseria,Savona,SV,Liguria
D096,Cossignano,Ascoli Piceno,AP,Marche
D099,Cossogno,Verbano-Cusio-Ossola,VB,Piemonte
D100,Cossoine,Sassari,SS,Sardegna
D101,Cossombrato,Asti,AT,Piemonte
D102,Costa Vescovato,Alessandria,AL,Piemonte
D103,Costa Valle Imagna,Bergamo,BG,Lombardia
D105,Costa di Rovigo,Rovigo,RO,Veneto
D107,Costabissara,Vicenza,VI,Veneto
D108,Costacciaro,Perugia,PG,Umbria
D109,Costa de' Nobili,Pavia,PV,Lombardia
D110,Costa di Mezzate,Bergamo,BG,Lombardia
D111,Costa Serina,Bergamo,BG,Lombardia
D112,Costa Masnaga,Lecco,LC,Lombardia
D113,Costanzana,Vercelli,VC,Piemonte
D114,Costarainera,Imperia,IM,Liguria
D117,Costa Volpino,Bergamo,BG,Lombardia
D118,Costermano sul Garda,Verona,VR,Veneto
D119,Costigliole d'Asti,Asti,AT,Piemonte
D120,Costigliole Saluzzo,Cuneo,CN,Piemonte
D121,Cotignola,Ravenna,RA,Emilia-Romagna
D122,Crotone,Crotone,KR,Calabria
D123,Cotronei,Crotone,KR,Calabria
D124,Cottanello,Rieti,RI,Lazio
D126,Covo,Bergamo,BG,Lombardia
D127,Cozzo,Pavia,PV,Lombardia
D128,Craco,Matera,MT,Basilicata
D131,Crandola Valsassina,Lecco,LC,Lombardia
D132,Cravagliana,Vercelli,VC,Piemonte
D133,Cravanzana,Cuneo,CN,Piemonte
D134,Craveggia,Verbano-Cusio-Ossola,VB,Piemonte
D136,Creazzo,Vicenza,VI,Veneto
D137,Crecchio,Chieti,CH,Abruzzo
D139,Credaro,Bergamo,BG,Lombardia
D141,Credera Rubbiano,Cremona,CR,Lombardia
D142,Crema,Cremona,CR,Lombardia
D143,Cremella,Lecco,LC,Lombardia
D144,Cremenaga,Varese,VA,Lombardia
D145,Cremeno,Lecco,LC,Lombardia
D147,Cremia,Como,CO,Lombardia
D149,Cremolino,Alessandria,AL,Piemonte
D150,Cremona,Cremona,CR,Lombardia
D151,Cremosano,Cremona,CR,Lombardia
D154,Crescentino,Vercelli,VC,Piemonte
D156,Crespadoro,Vicenza,VI,Veneto
D159,Crespiatica,Lodi,LO,Lombardia
D161,Crespino,Rovigo,RO,Veneto
D162,Cressa,Novara,NO,Piemonte
D165,Crevacuore,Biella,BI,Piemonte
D166,Crevalcore,Bologna,BO,Emilia-Romagna
D168,Crevoladossola,Verbano-Cusio-Ossola,VB,Piemonte
D170,Crispano,Napoli,NA,Campania
D171,Crispiano,Taranto,TA,Puglia
D172,Crissolo,Cuneo,CN,Piemonte
D175,Crocefieschi,Genova,GE,Liguria
D177,Crodo,Verbano-Cusio-Ossola,VB,Piemonte
D179,Crognaleto,Teramo,TE,Abruzzo
D180,Cropalati,Cosenza,CS,Calabria
D181,Cropani,Catanzaro,CZ,Calabria
D184,Crosia,Cosenza,CS,Calabria
D185,Crosio della Valle,Varese,VA,Lombardia
D186,Crotta d'Adda,Cremona,CR,Lombardia
D187,Crova,Vercelli,VC,Piemonte
D188,Croviana,Trento,TN,Trentino-Alto Adige/Südtirol
D189,Crucoli,Crotone,KR,Calabria
D192,Cuasso al Monte,Varese,VA,Lombardia
D193,Veronella,Verona,VR,Veneto
D195,Cuccaro Vetere,Salerno,SA,Campania
D196,Cucciago,Como,CO,Lombardia
D197,Cuceglio,Torino,TO,Piemonte
D198,Cuggiono,Milano,MI,Lombardia
D199,Cugliate-Fabiasco,Varese,VA,Lombardia
D200,Cuglieri,Oristano,OR,Sardegna
D201,Cugnoli,Pescara,PE,Abruzzo
D202,Cumiana,Torino,TO,Piemonte
D203,Cumignano sul Naviglio,Cremona,CR,Lombardia
D204,Cunardo,Varese,VA,Lombardia
D205,Cuneo,Cuneo,CN,Piemonte
D207,Cunico,Asti,AT,Piemonte
D208,Cuorgnè,Torino,TO,Piemonte
D209,Cupello,Chieti,CH,Abruzzo
D210,Cupra Marittima,Ascoli Piceno,AP,Marche
D211,Cupramontana,Ancona,AN,Marche
D214,Curcuris,Oristano,OR,Sardegna
D216,Cureggio,Novara,NO,Piemonte
D217,Curiglia con Monteviasco,Varese,VA,Lombardia
D218,Curinga,Catanzaro,CZ,Calabria
D219,Curino,Biella,BI,Piemonte
D221,Curno,Bergamo,BG,Lombardia
D222,Curon Venosta,Bolzano/Bozen,BZ,Trentino-Alto Adige/Südtirol
D223,Cursi,Lecce,LE,Puglia
D226,Curtarolo,Padova,PD,Veneto
D227,Curtatone,Mantova,MN,Lombardia
D228,Curti,Caserta,CE,Campania
D229,Cusago,Milano,MI,Lombardia
D230,Cusano Mutri,Benevento,BN,Campania
D231,Cusano Milanino,Milano,MI,Lombardia
D232,Cusino,Como,CO,Lombardia
D233,Cusio,Bergamo,BG,Lombardia
D234,Custonaci,Trapani,TP,Sicilia
D236,Cutro,Crotone,KR,Calabria
D237,Cutrofiano,Lecce,LE,Puglia
D238,Cuveglio,Varese,VA,Lombardia
D239,Cuvio,Varese,VA,Lombardia
D244,Dairago,Milano,MI,Lombardia
D245,Dalmine,Bergamo,BG,Lombardia
D246,Dambel,Trento,TN,Trentino-Alto Adige/Südtirol
D247,Danta di Cadore,Belluno,BL,Veneto
D251,Darfo Boario Terme,Brescia,BS,Lombardia
D253,Dasà,Vibo Valentia,VV,Calabria
D255,Davagna,Genova,GE,Liguria
D256,Daverio,Varese,VA,Lombardia
D257,Davoli,Catanzaro,CZ,Calabria
D258,Dazio,Sondrio,SO,Lombardia
D259,Decimomannu,Cagliari,CA,Sardegna
D260,Decimoputzu,Sud Sardegna,SU,Sardegna
D261,Decollatura,Catanzaro,CZ,Calabria
D264,Dego,Savona,SV,Liguria
D265,Deiva Marina,La Spezia,SP,Liguria
D266,Delebio,Sondrio,SO,Lombardia
D267,Delia,Caltanissetta,CL,Sicilia
D268,Delianuova,Reggio Calabria,RC,Calabria
D269,Deliceto,Foggia,FG,Puglia
D270,Dello,Brescia,BS,Lombardia
D271,Demonte,Cuneo,CN,Piemonte
D272,Denice,Alessandria,AL,Piemonte
D273,Denno,Trento,TN,Trentino-Alto Adige/Südtirol
D277,Dernice,Alessandria,AL,Piemonte
D278,Derovere,Cremona,CR,Lombardia
D279,Deruta,Perugia,PG,Umbria
D280,Dervio,Lecco,LC,Lombardia
D281,Desana,Vercelli,VC,Piemonte
D284,Desenzano del Garda,Brescia,BS,Lombardia
D286,Desio,Monza e della Brianza,MB,Lombardia
D287,Desulo,Nuoro,NU,Sardegna
D289,Diamante,Cosenza,CS,Calabria
D290,Scigliano,Cosenza,CS,Calabria
D291,Diano d'Alba,Cuneo,CN,Piemonte
D292,Teggiano,Salerno,SA,Campania
D293,Diano Arentino,Imperia,IM,Liguria
D296,Diano Castello,Imperia,IM,Liguria
D297,Diano Marina,Imperia,IM,Liguria
D298,Diano San Pietro,Imperia,IM,Liguria
D299,Dicomano,Firenze,FI,Toscana
D300,Dignano,Udine,UD,Friuli-Venezia Giulia
D303,Dinami,Vibo Valentia,VV,Calabria
D304,Dipignano,Cosenza,CS,Calabria
D305,Diso,Lecce,LE,Puglia
D309,Divignano,Novara,NO,Piemonte
D310,Dizzasco,Como,CO,Lombardia
D311,Dobbiaco,Bolzano/Bozen,BZ,Trentino-Alto Adige/Südtirol
D312,Doberdò del Lago,Gorizia,GO,Friuli-Venezia Giulia
D314,Dogliani,Cuneo,CN,Piemonte
D315,Dogliola,Chieti,CH,Abruzzo
D316,Dogna,Udine,UD,Friuli-Venezia Giulia
D317,Dolcè,Verona,VR,Veneto
D318,Dolceacqua,Imperia,IM,Liguria
D319,Dolcedo,Imperia,IM,Liguria
D321,Dolegna del Collio,Gorizia,GO,Friuli-Venezia Giulia
D323,Dolianova,Sud Sardegna,SU,Sardegna
D324,San Dorligo della Valle,Trieste,TS,Friuli-Venezia Giulia
D325,Dolo,Venezia,VE,Veneto
D327,Dolzago,Lecco,LC,Lombardia
D328,Domanico,Cosenza,CS,Calabria
D329,Domaso,Como,CO,Lombardia
D330,Domegge di Cadore,Belluno,BL,Veneto
D331,Domicella,Avellino,AV,Campania
D332,Domodossola,Verbano-Cusio-Ossola,VB,Piemonte
D333,Domus de Maria,Sud Sardegna,SU,Sardegna
D334,Domusnovas,Sud Sardegna,SU,Sardegna
D338,Donnas,Valle d'Aosta/Vallée d'Aoste,AO,Valle d'Aosta/Vallée d'Aoste
D339,Donato,Biella,BI,Piemonte
D341,Dongo,Como,CO,Lombardia
D344,Donori,Sud Sardegna,SU,Sardegna
D345,Dorgali,Nuoro,NU,Sardegna
D346,Dorio,Lecco,LC,Lombardia
D347,Dormelletto,Novara,NO,Piemonte
D348,Dorno,Pavia,PV,Lombardia
D350,Dorzano,Biella,BI,Piemonte
D351,Dosolo,Mantova,MN,Lombardia
D352,Dossena,Bergamo,BG,Lombardia
D355,Dosso del Liro,Como,CO,Lombardia
D356,Doues,Valle d'Aosta/Vallée d'Aoste,AO,Valle d'Aosta/Vallée d'Aoste
D357,Dovadola,Forlì-Cesena,FC,Emilia-Romagna
D358,Dovera,Cremona,CR,Lombardia
D360,Dozza,Bologna,BO,Emilia-Romagna
D361,Dragoni,Caserta,CE,Campania
D364,Drapia,Vibo Valentia,VV,Calabria
D365,Drena,Trento,TN,Trentino-Alto Adige/Südtirol
D366,Drenchia,Udine,UD,Friuli-Venezia Giulia
D367,Dresano,Milano,MI,Lombardia
D371,Dro,Trento,TN,Trentino-Alto Adige/Südtirol
D372,Dronero,Cuneo,CN,Piemonte
D373,Druento,Torino,TO,Piemonte
D374,Druogno,Verbano-Cusio-Ossola,VB,Piemonte
D376,Dualchi,Nuoro,NU,Sardegna
D377,Dubino,Sondrio,SO,Lombardia
D379,Dueville,Vicenza,VI,Veneto
D380,Dugenta,Benevento,BN,Campania
D383,Duino Aurisina,Trieste,TS,Friuli-Venezia Giulia
D384,Dumenza,Varese,VA,Lombardia
D385,Duno,Varese,VA,Lombardia
D386,Durazzano,Benevento,BN,Campania
D388,Dusino San Michele,Asti,AT,Piemonte
D390,Eboli,Salerno,SA,Campania
D391,Edolo,Brescia,BS,Lombardia
D392,Egna,Bolzano/Bozen,BZ,Trentino-Alto Adige/Südtirol
D394,Elice,Pescara,PE,Abruzzo
D395,Elini,Nuoro,NU,Sardegna
D398,Ello,Lecco,LC,Lombardia
D399,Elmas,Cagliari,CA,Sardegna
D401,Elva,Cuneo,CN,Piemonte
D402,Emarèse,Valle d'Aosta/Vallée d'Aoste,AO,Valle d'Aosta/Vallée d'Aoste
D403,Empoli,Firenze,FI,Toscana
D406,Endine Gaiano,Bergamo,BG,Lombardia
D407,Enego,Vicenza,VI,Veneto
D408,Enemonzo,Udine,UD,Friuli-Venezia Giulia
D410,Entracque,Cuneo,CN,Piemonte
D411,Entratico,Bergamo,BG,Lombardia
D412,Envie,Cuneo,CN,Piemonte
D414,Episcopia,Potenza,PZ,Basilicata
D415,Eraclea,Venezia,VE,Veneto
D416,Erba,Como,CO,Lombardia
D419,Erbè,Verona,VR,Veneto
D420,Erbezzo,Verona,VR,Veneto
D421,Erbusco,Brescia,BS,Lombardia
D422,Erchie,Brindisi,BR,Puglia
D423,Erice,Trapani,TP,Sicilia
D424,Erli,Savona,SV,Liguria
D426,Erto e Casso,Pordenone,PN,Friuli-Venezia Giulia
D428,Erve,Lecco,LC,Lombardia
D429,Esanatoglia,Macerata,MC,Marche
D430,Escalaplano,Sud Sardegna,SU,Sardegna
D431,Escolca,Sud Sardegna,SU,Sardegna
D433,Exilles,Torino,TO,Piemonte
D434,Esine,Brescia,BS,Lombardia
D436,Esino Lario,Lecco,LC,Lombardia
D440,Esperia,Frosinone,FR,Lazio
D441,Esporlatu,Sassari,SS,Sardegna
D442,Este,Padova,PD,Veneto
D443,Esterzili,Sud Sardegna,SU,Sardegna
D444,Etroubles,Valle d'Aosta/Vallée d'Aoste,AO,Valle d'Aosta/Vallée d'Aoste
D445,Eupilio,Como,CO,Lombardia
D447,Fabbrica Curone,Alessandria,AL,Piemonte
D450,Fabbrico,Reggio nell'Emilia,RE,Emilia-Romagna
D451,Fabriano,Ancona,AN,Marche
D452,Fabrica di Roma,Viterbo,VT,Lazio
D453,Fabrizia,Vibo Valentia,VV,Calabria
D454,Fabro,Terni,TR,Umbria
D455,Faedis,Udine,UD,Friuli-Venezia Giulia
D456,Faedo Valtellino,Sondrio,SO,Lombardia
D458,Faenza,Ravenna,RA,Emilia-Romagna
D459,Faeto,Foggia,FG,Puglia
D461,Fagagna,Udine,UD,Friuli-Venezia Giulia
D462,Faggeto Lario,Como,CO,Lombardia
D463,Faggiano,Taranto,TA,Puglia
D464,Fagnano Castello,Cosenza,CS,Calabria
D465,Fagnano Alto,L'Aquila,AQ,Abruzzo
D467,Fagnano Olona,Varese,VA,Lombardia
D468,Fai della Paganella,Trento,TN,Trentino-Alto Adige/Südtirol
D469,Faicchio,Benevento,BN,Campania
D470,Falcade,Belluno,BL,Veneto
D471,Falciano del Massico,Caserta,CE,Campania
D472,Falconara Marittima,Ancona,AN,Marche
D473,Falconara Albanese,Cosenza,CS,Calabria
D474,Falcone,Messina,ME,Sicilia
D475,Faleria,Viterbo,VT,Lazio
D476,Falerna,Catanzaro,CZ,Calabria
D477,Falerone,Fermo,FM,Marche
D480,Fallo,Chieti,CH,Abruzzo
D482,Faloppio,Como,CO,Lombardia
D483,Falvaterra,Frosinone,FR,Lazio
D484,Falzes,Bolzano/Bozen,BZ,Trentino-Alto Adige/Südtirol
D486,Fanano,Modena,MO,Emilia-Romagna
D487,Fanna,Pordenone,PN,Friuli-Venezia Giulia
D488,Fano,Pesaro e Urbino,PU,Marche
D489,Fano Adriano,Teramo,TE,Abruzzo
D490,Fara Gera d'Adda,Bergamo,BG,Lombardia
D491,Fara Olivana con Sola,Bergamo,BG,Lombardia
D492,Fara Novarese,Novara,NO,Piemonte
D493,Fara in Sabina,Rieti,RI,Lazio
D494,Fara Filiorum Petri,Chieti,CH,Abruzzo
D495,Fara San Martino,Chieti,CH,Abruzzo
D496,Fara Vicentino,Vicenza,VI,Veneto
D497,Fardella,Potenza,PZ,Basilicata
D499,Farigliano,Cuneo,CN,Piemonte
D501,Farindola,Pescara,PE,Abruzzo
D502,Farini,Piacenza,PC,Emilia-Romagna
D503,Farnese,Viterbo,VT,Lazio
D504,Farra d'Isonzo,Gorizia,GO,Friuli-Venezia Giulia
D505,Farra di Soligo,Treviso,TV,Veneto
D508,Fasano,Brindisi,BR,Puglia
D509,Fascia,Genova,GE,Liguria
D510,Fauglia,Pisa,PI,Toscana
D511,Faule,Cuneo,CN,Piemonte
D512,Favale di Malvaro,Genova,GE,Liguria
D513,Valsinni,Matera,MT,Basilicata
D514,Favara,Agrigento,AG,Sicilia
D518,Favignana,Trapani,TP,Sicilia
D520,Favria,Torino,TO,Piemonte
D522,Orco Feglino,Savona,SV,Liguria
D523,Feisoglio,Cuneo,CN,Piemonte
D524,Feletto,Torino,TO,Piemonte
D526,Felino,Parma,PR,Emilia-Romagna
D527,Felitto,Salerno,SA,Campania
D528,Felizzano,Alessandria,AL,Piemonte
D530,Feltre,Belluno,BL,Veneto
D531,Fenegrò,Como,CO,Lombardia
D532,Fenestrelle,Torino,TO,Piemonte
D537,Fénis,Valle d'Aosta/Vallée d'Aoste,AO,Valle d'Aosta/Vallée d'Aoste
D538,Ferentillo,Terni,TR,Umbria
D539,Ferentino,Frosinone,FR,Lazio
D540,Ferla,Siracusa,SR,Sicilia
D541,Fermignano,Pesaro e Urbino,PU,Marche
D542,Fermo,Fermo,FM,Marche
D543,Ferno,Varese,VA,Lombardia
D544,Feroleto Antico,Catanzaro,CZ,Calabria
D545,Feroleto della Chiesa,Reggio Calabria,RC,Calabria
D546,Pianopoli,Catanzaro,CZ,Calabria
D547,Ferrandina,Matera,MT,Basilicata
D548,Ferrara,Ferrara,FE,Emilia-Romagna
D549,Ferrara di Monte Baldo,Verona,VR,Veneto
D550,Ferrazzano,Campobasso,CB,Molise
D551,Ferrera di Varese,Varese,VA,Lombardia
D552,Ferrera Erbognone,Pavia,PV,Lombardia
D553,Moncenisio,Torino,TO,Piemonte
D554,Ferrere,Asti,AT,Piemonte
D555,Ferriere,Piacenza,PC,Emilia-Romagna
D557,Ferruzzano,Reggio Calabria,RC,Calabria
D559,Fraconalto,Alessandria,AL,Piemonte
D560,Fiamignano,Rieti,RI,Lazio
D561,Fiano Romano,Roma,RM,Lazio
D562,Fiano,Torino,TO,Piemonte
D564,Fiastra,Macerata,MC,Marche
D565,Fiavè,Trento,TN,Trentino-Alto Adige/Südtirol
D566,Poggio San Vicino,Macerata,MC,Marche
D567,Ficarazzi,Palermo,PA,Sicilia
D568,Ficarolo,Rovigo,RO,Veneto
D569,Ficarra,Messina,ME,Sicilia
D570,Ficulle,Terni,TR,Umbria
D571,Fiè allo Sciliar,Bolzano/Bozen,BZ,Trentino-Alto Adige/Südtirol
D573,Fierozzo,Trento,TN,Trentino-Alto Adige/Südtirol
D574,Fiesco,Cremona,CR,Lombardia
D575,Fiesole,Firenze,FI,Toscana
D576,Fiesse,Brescia,BS,Lombardia
D577,Fiesso Umbertiano,Rovigo,RO,Veneto
D578,Fiesso d'Artico,Venezia,VE,Veneto
D579,Figino Serenza,Como,CO,Lombardia
D582,Figline Vegliaturo,Cosenza,CS,Calabria
D585,Gonnosnò,Oristano,OR,Sardegna
D586,Filacciano,Roma,RM,Lazio
D587,Filadelfia,Vibo Valentia,VV,Calabria
D588,Filago,Bergamo,BG,Lombardia
D589,Filandari,Vibo Valentia,VV,Calabria
D590,Filattiera,Massa-Carrara,MS,Toscana
D591,Filettino,Frosinone,FR,Lazio
D592,Filetto,Chieti,CH,Abruzzo
D593,Filiano,Potenza,PZ,Basilicata
D594,Filighera,Pavia,PV,Lombardia
D595,Filignano,Isernia,IS,Molise
D596,Filogaso,Vibo Valentia,VV,Calabria
D597,Filottrano,Ancona,AN,Marche
D599,Finale Emilia,Modena,MO,Emilia-Romagna
D600,Finale Ligure,Savona,SV,Liguria
D604,Fino del Monte,Bergamo,BG,Lombardia
D605,Fino Mornasco,Como,CO,Lombardia
D606,Fiorano al Serio,Bergamo,BG,Lombardia
D607,Fiorano Modenese,Modena,MO,Emilia-Romagna
D608,Fiorano Canavese,Torino,TO,Piemonte
D611,Fiorenzuola d'Arda,Piacenza,PC,Emilia-Romagna
D612,Firenze,Firenze,FI,Toscana
D613,Firenzuola,Firenze,FI,Toscana
D614,Firmo,Cosenza,CS,Calabria
D615,Fisciano,Salerno,SA,Campania
D617,Fiumalbo,Modena,MO,Emilia-Romagna
D619,Fiumara,Reggio Calabria,RC,Calabria
D621,Fiume Veneto,Pordenone,PN,Friuli-Venezia Giulia
D622,Fiumedinisi,Messina,ME,Sicilia
D623,Fiumefreddo di Sicilia,Catania,CT,Sicilia
D624,Fiumefreddo Bruzio,Cosenza,CS,Calabria
D628,Fiuminata,Macerata,MC,Marche
D629,Fivizzano,Massa-Carrara,MS,Toscana
D630,Flaibano,Udine,UD,Friuli-Venezia Giulia
D634,Flero,Brescia,BS,Lombardia
D635,Floresta,Messina,ME,Sicilia
D636,Floridia,Siracusa,SR,Sicilia
D637,Florinas,Sassari,SS,Sardegna
D638,Flumeri,Avellino,AV,Campania
D639,Fluminimaggiore,Sud Sardegna,SU,Sardegna
D640,Flussio,Oristano,OR,Sardegna
D641,Fobello,Vercelli,VC,Piemonte
D643,Foggia,Foggia,FG,Puglia
D644,Foglianise,Benevento,BN,Campania
D645,Fogliano Redipuglia,Gorizia,GO,Friuli-Venezia Giulia
D646,Foglizzo,Torino,TO,Piemonte
D649,Foiano della Chiana,Arezzo,AR,Toscana
D650,Foiano di Val Fortore,Benevento,BN,Campania
D651,Folgaria,Trento,TN,Trentino-Alto Adige/Südtirol
D652,Folignano,Ascoli Piceno,AP,Marche
D653,Foligno,Perugia,PG,Umbria
D654,Follina,Treviso,TV,Veneto
D655,Follo,La Spezia,SP,Liguria
D656,Follonica,Grosseto,GR,Toscana
D660,Fombio,Lodi,LO,Lombardia
D661,Fondachelli-Fantina,Messina,ME,Sicilia
D662,Fondi,Latina,LT,Lazio
D665,Fonni,Nuoro,NU,Sardegna
D666,Fontainemore,Valle d'Aosta/Vallée d'Aoste,AO,Valle d'Aosta/Vallée d'Aoste
D667,Fontana Liri,Frosinone,FR,Lazio
D668,Fontanelice,Bologna,BO,Emilia-Romagna
D670,Fontanafredda,Pordenone,PN,Friuli-Venezia Giulia
D671,Fontanarosa,Avellino,AV,Campania
D672,Fontanella,Bergamo,BG,Lombardia
D673,Fontanellato,Parma,PR,Emilia-Romagna
D674,Fontanelle,Treviso,TV,Veneto
D675,Fontaneto d'Agogna,Novara,NO,Piemonte
D676,Fontanetto Po,Vercelli,VC,Piemonte
D677,Fontanigorda,Genova,GE,Liguria
D678,Fontanile,Asti,AT,Piemonte
D679,Fontaniva,Padova,PD,Veneto
D680,Fonte,Treviso,TV,Veneto
D681,Fontecchio,L'Aquila,AQ,Abruzzo
D682,Fontechiari,Frosinone,FR,Lazio
D683,Fontegreca,Caserta,CE,Campania
D684,Fonteno,Bergamo,BG,Lombardia
D685,Fontevivo,Parma,PR,Emilia-Romagna
D686,Fonzaso,Belluno,BL,Veneto
D688,Foppolo,Bergamo,BG,Lombardia
D689,Forano,Rieti,RI,Lazio
D690,San Giovanni Teatino,Chieti,CH,Abruzzo
D691,Force,Ascoli Piceno,AP,Marche
D693,Forchia,Benevento,BN,Campania
D694,Forcola,Sondrio,SO,Lombardia
D695,Fordongianus,Oristano,OR,Sardegna
D696,Forenza,Potenza,PZ,Basilicata
D697,Foresto Sparso,Bergamo,BG,Lombardia
D700,Forgaria nel Friuli,Udine,UD,Friuli-Venezia Giulia
D701,Forino,Avellino,AV,Campania
D702,Forio,Napoli,NA,Campania
D703,Forlì del Sannio,Isernia,IS,Molise
D704,Forlì,Forlì-Cesena,FC,Emilia-Romagna
D705,Forlimpopoli,Forlì-Cesena,FC,Emilia-Romagna
D706,Formazza,Verbano-Cusio-Ossola,VB,Piemonte
D707,Formello,Roma,RM,Lazio
D708,Formia,Latina,LT,Lazio
D709,Formicola,Caserta,CE,Campania
D710,Formigara,Cremona,CR,Lombardia
D711,Formigine,Modena,MO,Emilia-Romagna
D712,Formigliana,Vercelli,VC,Piemonte
D714,Fornace,Trento,TN,Trentino-Alto Adige/Südtirol
D715,Fornelli,Isernia,IS,Molise
D717,Tonezza del Cimone,Vicenza,VI,Veneto
D718,Forni Avoltri,Udine,UD,Friuli-Venezia Giulia
D719,Forni di Sopra,Udine,UD,Friuli-Venezia Giulia
D720,Forni di Sotto,Udine,UD,Friuli-Venezia Giulia
D725,Forno Canavese,Torino,TO,Piemonte
D727,Fornovo San Giovanni,Bergamo,BG,Lombardia
D728,Fornovo di Taro,Parma,PR,Emilia-Romagna
D730,Forte dei Marmi,Lucca,LU,Toscana
D731,Fortezza,Bolzano/Bozen,BZ,Trentino-Alto Adige/Südtirol
D732,Fortunago,Pavia,PV,Lombardia
D733,Forza d'Agrò,Messina,ME,Sicilia
D734,Fosciandora,Lucca,LU,Toscana
D735,Fosdinovo,Massa-Carrara,MS,Toscana
D736,Fossa,L'Aquila,AQ,Abruzzo
D737,Fossalto,Campobasso,CB,Molise
D738,Fossacesia,Chieti,CH,Abruzzo
D740,Fossalta di Piave,Venezia,VE,Veneto
D741,Fossalta di Portogruaro,Venezia,VE,Veneto
D742,Fossano,Cuneo,CN,Piemonte
D744,Fossato Serralta,Catanzaro,CZ,Calabria
D745,Fossato di Vico,Perugia,PG,Umbria
D746,Montebello Jonico,Reggio Calabria,RC,Calabria
D748,Fossò,Venezia,VE,Veneto
D749,Fossombrone,Pesaro e Urbino,PU,Marche
D750,Foza,Vicenza,VI,Veneto
D751,Frabosa Soprana,Cuneo,CN,Piemonte
D752,Frabosa Sottana,Cuneo,CN,Piemonte
D754,Fragagnano,Taranto,TA,Puglia
D755,Fragneto l'Abate,Benevento,BN,Campania
D756,Fragneto Monforte,Benevento,BN,Campania
D757,Fraine,Chieti,CH,Abruzzo
D758,Framura,La Spezia,SP,Liguria
D759,Francavilla Bisio,Alessandria,AL,Piemonte
D760,Francavilla d'Ete,Fermo,FM,Marche
D761,Francavilla Fontana,Brindisi,BR,Puglia
D762,Francavilla Angitola,Vibo Valentia,VV,Calabria
D763,Francavilla al Mare,Chieti,CH,Abruzzo
D764,Francavilla Marittima,Cosenza,CS,Calabria
D765,Francavilla di Sicilia,Messina,ME,Sicilia
D766,Francavilla in Sinni,Potenza,PZ,Basilicata
D767,Francica,Vibo Valentia,VV,Calabria
D768,Francofonte,Siracusa,SR,Sicilia
D769,Francolise,Caserta,CE,Campania
D770,Frascaro,Alessandria,AL,Piemonte
D771,Frascarolo,Pavia,PV,Lombardia
D773,Frascati,Roma,RM,Lazio
D774,Frascineto,Cosenza,CS,Calabria
D775,Frassilongo,Trento,TN,Trentino-Alto Adige/Südtirol
D776,Frassinelle Polesine,Rovigo,RO,Veneto
D777,Frassinello Monferrato,Alessandria,AL,Piemonte
D780,Frassineto Po,Alessandria,AL,Piemonte
D781,Frassinetto,Torino,TO,Piemonte
D782,Frassino,Cuneo,CN,Piemonte
D783,Frassinoro,Modena,MO,Emilia-Romagna
D784,Frasso Telesino,Benevento,BN,Campania
D785,Frasso Sabino,Rieti,RI,Lazio
D786,Umbertide,Perugia,PG,Umbria
D787,Fratta Todina,Perugia,PG,Umbria
D788,Fratta Polesine,Rovigo,RO,Veneto
D789,Frattamaggiore,Napoli,NA,Campania
D790,Frattaminore,Napoli,NA,Campania
D791,Fratte Rosa,Pesaro e Urbino,PU,Marche
D793,Frazzanò,Messina,ME,Sicilia
D794,Fregona,Treviso,TV,Veneto
D796,Fresagrandinaria,Chieti,CH,Abruzzo
D797,Fresonara,Alessandria,AL,Piemonte
D798,Frigento,Avellino,AV,Campania
D799,Frignano,Caserta,CE,Campania
D801,Villa di Briano,Caserta,CE,Campania
D802,Frinco,Asti,AT,Piemonte
D803,Frisa,Chieti,CH,Abruzzo
D804,Frisanco,Pordenone,PN,Friuli-Venezia Giulia
D805,Front,Torino,TO,Piemonte
D807,Frontino,Pesaro e Urbino,PU,Marche
D808,Frontone,Pesaro e Urbino,PU,Marche
D810,Frosinone,Frosinone,FR,Lazio
D811,Frosolone,Isernia,IS,Molise
D812,Frossasco,Torino,TO,Piemonte
D813,Frugarolo,Alessandria,AL,Piemonte
D814,Fubine Monferrato,Alessandria,AL,Piemonte
D815,Fucecchio,Firenze,FI,Toscana
D817,Fuipiano Valle Imagna,Bergamo,BG,Lombardia
D818,Fumane,Verona,VR,Veneto
D819,Fumone,Frosinone,FR,Lazio
D821,Funes,Bolzano/Bozen,BZ,Trentino-Alto Adige/Südtirol
D823,Furci,Chieti,CH,Abruzzo
D824,Furci Siculo,Messina,ME,Sicilia
D825,Furnari,Messina,ME,Sicilia
D826,Furore,Salerno,SA,Campania
D827,Furtei,Sud Sardegna,SU,Sardegna
D828,Fuscaldo,Cosenza,CS,Calabria
D829,Fusignano,Ravenna,RA,Emilia-Romagna
D830,Fusine,Sondrio,SO,Lombardia
D832,Futani,Salerno,SA,Campania
D834,Gabbioneta-Binanuova,Cremona,CR,Lombardia
D835,Gabiano,Alessandria,AL,Piemonte
D836,Gabicce Mare,Pesaro e Urbino,PU,Marche
D839,Gaby,Valle d'Aosta/Vallée d'Aoste,AO,Valle d'Aosta/Vallée d'Aoste
D841,Gadesco-Pieve Delmona,Cremona,CR,Lombardia
D842,Gadoni,Nuoro,NU,Sardegna
D843,Gaeta,Latina,LT,Lazio
D844,Gaggi,Messina,ME,Sicilia
D845,Gaggiano,Milano,MI,Lombardia
D847,Gaggio Montano,Bologna,BO,Emilia-Romagna
D848,Gaglianico,Biella,BI,Piemonte
D849,Gagliano Castelferrato,Enna,EN,Sicilia
D850,Gagliano Aterno,L'Aquila,AQ,Abruzzo
D851,Gagliano del Capo,Lecce,LE,Puglia
D852,Gagliato,Catanzaro,CZ,Calabria
D853,Gagliole,Macerata,MC,Marche
D854,Gaiarine,Treviso,TV,Veneto
D855,Gaiba,Rovigo,RO,Veneto
D856,Gaiola,Cuneo,CN,Piemonte
D858,Gaiole in Chianti,Siena,SI,Toscana
D859,Gairo,Nuoro,NU,Sardegna
D860,Gais,Bolzano/Bozen,BZ,Trentino-Alto Adige/Südtirol
D861,Galati Mamertino,Messina,ME,Sicilia
D862,Galatina,Lecce,LE,Puglia
D863,Galatone,Lecce,LE,Puglia
D864,Galatro,Reggio Calabria,RC,Calabria
D865,Galbiate,Lecco,LC,Lombardia
D867,Galeata,Forlì-Cesena,FC,Emilia-Romagna
D868,Galgagnano,Lodi,LO,Lombardia
D869,Gallarate,Varese,VA,Lombardia
D870,Gallese,Viterbo,VT,Lazio
D871,Galliate Lombardo,Varese,VA,Lombardia
D872,Galliate,Novara,NO,Piemonte
D873,Galliavola,Pavia,PV,Lombardia
D874,Gallicano,Lucca,LU,Toscana
D875,Gallicano nel Lazio,Roma,RM,Lazio
D876,Gallicchio,Potenza,PZ,Basilicata
D878,Galliera,Bologna,BO,Emilia-Romagna
D879,Galliera Veneta,Padova,PD,Veneto
D881,Gallinaro,Frosinone,FR,Lazio
D882,Gallio,Vicenza,VI,Veneto
D883,Gallipoli,Lecce,LE,Puglia
D884,Gallo Matese,Caserta,CE,Campania
D885,Gallodoro,Messina,ME,Sicilia
D886,Galluccio,Caserta,CE,Campania
D888,Galtellì,Nuoro,NU,Sardegna
D889,Galzignano Terme,Padova,PD,Veneto
D890,Gamalero,Alessandria,AL,Piemonte
D891,Gambara,Brescia,BS,Lombardia
D892,Gambarana,Pavia,PV,Lombardia
D894,Gambasca,Cuneo,CN,Piemonte
D895,Gambassi Terme,Firenze,FI,Toscana
D896,Gambatesa,Campobasso,CB,Molise
D897,Gambellara,Vicenza,VI,Veneto
D898,Gamberale,Chieti,CH,Abruzzo
D899,Gambettola,Forlì-Cesena,FC,Emilia-Romagna
D901,Gambolò,Pavia,PV,Lombardia
D903,Gandellino,Bergamo,BG,Lombardia
D905,Gandino,Bergamo,BG,Lombardia
D906,Gandosso,Bergamo,BG,Lombardia
D907,Gangi,Palermo,PA,Sicilia
D909,Garaguso,Matera,MT,Basilicata
D910,Garbagna,Alessandria,AL,Piemonte
D911,Garbagna Novarese,Novara,NO,Piemonte
D912,Garbagnate Milanese,Milano,MI,Lombardia
D913,Garbagnate Monastero,Lecco,LC,Lombardia
D915,Garda,Verona,VR,Veneto
D917,Gardone Riviera,Brescia,BS,Lombardia
D918,Gardone Val Trompia,Brescia,BS,Lombardia
D920,Garessio,Cuneo,CN,Piemonte
D921,Gargallo,Novara,NO,Piemonte
D923,Gargazzone,Bolzano/Bozen,BZ,Trentino-Alto Adige/Südtirol
D924,Gargnano,Brescia,BS,Lombardia
D925,Garlasco,Pavia,PV,Lombardia
D926,Garlate,Lecco,LC,Lombardia
D927,Garlenda,Savona,SV,Liguria
D928,Garniga Terme,Trento,TN,Trentino-Alto Adige/Südtirol
D930,Garzeno,Como,CO,Lombardia
D931,Garzigliana,Torino,TO,Piemonte
D932,Gasperina,Catanzaro,CZ,Calabria
D933,Gassino Torinese,Torino,TO,Piemonte
D934,Gattatico,Reggio nell'Emilia,RE,Emilia-Romagna
D935,Gatteo,Forlì-Cesena,FC,Emilia-Romagna
D938,Gattinara,Vercelli,VC,Piemonte
D940,Gavardo,Brescia,BS,Lombardia
D942,Gavello,Rovigo,RO,Veneto
D943,Gaverina Terme,Bergamo,BG,Lombardia
D944,Gavi,Alessandria,AL,Piemonte
D945,Gavignano,Roma,RM,Lazio
D946,Gavirate,Varese,VA,Lombardia
D947,Gavoi,Nuoro,NU,Sardegna
D948,Gavorrano,Grosseto,GR,Toscana
D949,Gazoldo degli Ippoliti,Mantova,MN,Lombardia
D951,Gazzada Schianno,Varese,VA,Lombardia
D952,Gazzaniga,Bergamo,BG,Lombardia
D956,Gazzo,Padova,PD,Veneto
D957,Gazzo Veronese,Verona,VR,Veneto
D958,Gazzola,Piacenza,PC,Emilia-Romagna
D959,Gazzuolo,Mantova,MN,Lombardia
D960,Gela,Caltanissetta,CL,Sicilia
D961,Gemmano,Rimini,RN,Emilia-Romagna
D962,Gemona del Friuli,Udine,UD,Friuli-Venezia Giulia
D963,Gemonio,Varese,VA,Lombardia
D964,Genazzano,Roma,RM,Lazio
D965,Genga,Ancona,AN,Marche
D966,Genivolta,Cremona,CR,Lombardia
D967,Genola,Cuneo,CN,Piemonte
D968,Genoni,Sud Sardegna,SU,Sardegna
D969,Genova,Genova,GE,Liguria
D970,Genuri,Sud Sardegna,SU,Sardegna
D971,Genzano di Lucania,Potenza,PZ,Basilicata
D972,Genzano di Roma,Roma,RM,Lazio
D974,Gera Lario,Como,CO,Lombardia
D975,Gerace,Reggio Calabria,RC,Calabria
D976,Locri,Reggio Calabria,RC,Calabria
D977,Geraci Siculo,Palermo,PA,Sicilia
D978,Gerano,Roma,RM,Lazio
D980,Gerenzago,Pavia,PV,Lombardia
D981,Gerenzano,Varese,VA,Lombardia
D982,Gergei,Sud Sardegna,SU,Sardegna
D983,Germagnano,Torino,TO,Piemonte
D984,Germagno,Verbano-Cusio-Ossola,VB,Piemonte
D987,Germignaga,Varese,VA,Lombardia
D988,Gerocarne,Vibo Valentia,VV,Calabria
D990,Gerola Alta,Sondrio,SO,Lombardia
D993,Gerre de' Caprioli,Cremona,CR,Lombardia
D994,Gesico,Sud Sardegna,SU,Sardegna
D995,Gessate,Milano,MI,Lombardia
D996,Gessopalena,Chieti,CH,Abruzzo
D997,Gesturi,Sud Sardegna,SU,Sardegna
D998,Gesualdo,Avellino,AV,Campania
D999,Ghedi,Brescia,BS,Lombardia
E001,Ghemme,Novara,NO,Piemonte
E003,Ghiffa,Verbano-Cusio-Ossola,VB,Piemonte
E004,Ghilarza,Oristano,OR,Sardegna
E006,Ghisalba,Bergamo,BG,Lombardia
E007,Ghislarengo,Vercelli,VC,Piemonte
E008,Giacciano con Baruchella,Rovigo,RO,Veneto
E009,Giaglione,Torino,TO,Piemonte
E010,Gianico,Brescia,BS,Lombardia
E011,Giano Vetusto,Caserta,CE,Campania
E012,Giano dell'Umbria,Perugia,PG,Umbria
E013,Giardinello,Palermo,PA,Sicilia
E014,Giardini-Naxos,Messina,ME,Sicilia
E015,Giarole,Alessandria,AL,Piemonte
E016,Giarratana,Ragusa,RG,Sicilia
E017,Giarre,Catania,CT,Sicilia
E019,Giave,Sassari,SS,Sardegna
E020,Giaveno,Torino,TO,Piemonte
E021,Giavera del Montello,Treviso,TV,Veneto
E022,Giba,Sud Sardegna,SU,Sardegna
E023,Gibellina,Trapani,TP,Sicilia
E024,Gifflenga,Biella,BI,Piemonte
E025,Giffone,Reggio Calabria,RC,Calabria
E026,Giffoni Sei Casali,Salerno,SA,Campania
E027,Giffoni Valle Piana,Salerno,SA,Campania
E028,Gignese,Verbano-Cusio-Ossola,VB,Piemonte
E029,Gignod,Valle d'Aosta/Vallée d'Aoste,AO,Valle d'Aosta/Vallée d'Aoste
E030,Gildone,Campobasso,CB,Molise
E031,Gimigliano,Catanzaro,CZ,Calabria
E033,Ginestra,Potenza,PZ,Basilicata
E034,Ginestra degli Schiavoni,Benevento,BN,Campania
E036,Ginosa,Taranto,TA,Puglia
E037,Gioi,Salerno,SA,Campania
E038,Gioia del Colle,Bari,BA,Puglia
E039,Gioia Sannitica,Caserta,CE,Campania
E040,Gioia dei Marsi,L'Aquila,AQ,Abruzzo
E041,Gioia Tauro,Reggio Calabria,RC,Calabria
E043,Gioiosa Marea,Messina,ME,Sicilia
E044,Gioiosa Ionica,Reggio Calabria,RC,Calabria
E045,Giove,Terni,TR,Umbria
E047,Giovinazzo,Bari,BA,Puglia
E048,Giovo,Trento,TN,Trentino-Alto Adige/Südtirol
E049,Girasole,Nuoro,NU,Sardegna
E050,Girifalco,Catanzaro,CZ,Calabria
E052,Gissi,Chieti,CH,Abruzzo
E053,Giuggianello,Lecce,LE,Puglia
E054,Giugliano in Campania,Napoli,NA,Campania
E055,Giuliana,Palermo,PA,Sicilia
E056,Giuliano Teatino,Chieti,CH,Abruzzo
E057,Giuliano di Roma,Frosinone,FR,Lazio
E058,Giulianova,Teramo,TE,Abruzzo
E060,Giungano,Salerno,SA,Campania
E061,Giurdignano,Lecce,LE,Puglia
E062,Giussago,Pavia,PV,Lombardia
E063,Giussano,Monza e della Brianza,MB,Lombardia
E064,Giustenice,Savona,SV,Liguria
E065,Giustino,Trento,TN,Trentino-Alto Adige/Südtirol
E066,Giusvalla,Savona,SV,Liguria
E067,Givoletto,Torino,TO,Piemonte
E068,Gizzeria,Catanzaro,CZ,Calabria
E069,Glorenza,Bolzano/Bozen,BZ,Trentino-Alto Adige/Südtirol
E070,Sesta Godano,La Spezia,SP,Liguria
E071,Godega di Sant'Urbano,Treviso,TV,Veneto
E072,Godiasco Salice Terme,Pavia,PV,Lombardia
E074,Godrano,Palermo,PA,Sicilia
E078,Goito,Mantova,MN,Lombardia
E079,Golasecca,Varese,VA,Lombardia
E081,Golferenzo,Pavia,PV,Lombardia
E082,Gombito,Cremona,CR,Lombardia
E083,Gonars,Udine,UD,Friuli-Venezia Giulia
E084,Goni,Sud Sardegna,SU,Sardegna
E085,Gonnosfanadiga,Sud Sardegna,SU,Sardegna
E086,Gonnesa,Sud Sardegna,SU,Sardegna
E087,Gonnoscodina,Oristano,OR,Sardegna
E088,Gonnostramatza,Oristano,OR,Sardegna
E089,Gonzaga,Mantova,MN,Lombardia
E090,Gordona,Sondrio,SO,Lombardia
E091,Gorga,Roma,RM,Lazio
E092,Gorgo al Monticano,Treviso,TV,Veneto
E093,Gorgoglione,Matera,MT,Basilicata
E094,Gorgonzola,Milano,MI,Lombardia
E096,Goriano Sicoli,L'Aquila,AQ,Abruzzo
E098,Gorizia,Gorizia,GO,Friuli-Venezia Giulia
E100,Gorlago,Bergamo,BG,Lombardia
E101,Gorla Maggiore,Varese,VA,Lombardia
E102,Gorla Minore,Varese,VA,Lombardia
E103,Gorle,Bergamo,BG,Lombardia
E104,Gornate Olona,Varese,VA,Lombardia
E106,Gorno,Bergamo,BG,Lombardia
E107,Goro,Ferrara,FE,Emilia-Romagna
E109,Gorreto,Genova,GE,Liguria
E111,Gorzegno,Cuneo,CN,Piemonte
E113,Gosaldo,Belluno,BL,Veneto
E114,Gossolengo,Piacenza,PC,Emilia-Romagna
E115,Gottasecca,Cuneo,CN,Piemonte
E116,Gottolengo,Brescia,BS,Lombardia
E118,Govone,Cuneo,CN,Piemonte
E120,Gozzano,Novara,NO,Piemonte
E122,Gradara,Pesaro e Urbino,PU,Marche
E124,Gradisca d'Isonzo,Gorizia,GO,Friuli-Venezia Giulia
E125,Grado,Gorizia,GO,Friuli-Venezia Giulia
E126,Gradoli,Viterbo,VT,Lazio
E127,Graffignana,Lodi,LO,Lombardia
E128,Graffignano,Viterbo,VT,Lazio
E130,Graglia,Biella,BI,Piemonte
E131,Gragnano,Napoli,NA,Campania
E132,Gragnano Trebbiense,Piacenza,PC,Emilia-Romagna
E133,Grammichele,Catania,CT,Sicilia
E134,Grana Monferrato,Asti,AT,Piemonte
E136,Granarolo dell'Emilia,Bologna,BO,Emilia-Romagna
E139,Grandate,Como,CO,Lombardia
E141,Grandola ed Uniti,Como,CO,Lombardia
E142,Graniti,Messina,ME,Sicilia
E143,Granozzo con Monticello,Novara,NO,Piemonte
E144,Grantola,Varese,VA,Lombardia
E145,Grantorto,Padova,PD,Veneto
E146,Granze,Padova,PD,Veneto
E147,Grassano,Matera,MT,Basilicata
E148,Grassobbio,Bergamo,BG,Lombardia
E149,Gratteri,Palermo,PA,Sicilia
E152,Gravellona Lomellina,Pavia,PV,Lombardia
E153,Gravellona Toce,Verbano-Cusio-Ossola,VB,Piemonte
E154,Gravere,Torino,TO,Piemonte
E155,Gravina in Puglia,Bari,BA,Puglia
E156,Gravina di Catania,Catania,CT,Sicilia
E158,Grazzanise,Caserta,CE,Campania
E159,Grazzano Badoglio,Asti,AT,Piemonte
E160,Greccio,Rieti,RI,Lazio
E161,Greci,Avellino,AV,Campania
E163,Greggio,Vercelli,VC,Piemonte
E164,Gremiasco,Alessandria,AL,Piemonte
E165,Gressan,Valle d'Aosta/Vallée d'Aoste,AO,Valle d'Aosta/Vallée d'Aoste
E167,Gressoney-La-Trinité,Valle d'Aosta/Vallée d'Aoste,AO,Valle d'Aosta/Vallée d'Aoste
E168,Gressoney-Saint-Jean,Valle d'Aosta/Vallée d'Aoste,AO,Valle d'Aosta/Vallée d'Aoste
E169,Greve in Chianti,Firenze,FI,Toscana
E170,Grezzago,Milano,MI,Lombardia
E171,Grezzana,Verona,VR,Veneto
E172,Griante,Como,CO,Lombardia
E173,Gricignano di Aversa,Caserta,CE,Campania
E177,Grignasco,Novara,NO,Piemonte
E178,Grigno,Trento,TN,Trentino-Alto Adige/Südtirol
E179,Grimacco,Udine,UD,Friuli-Venezia Giulia
E180,Grimaldi,Cosenza,CS,Calabria
E182,Grinzane Cavour,Cuneo,CN,Piemonte
E184,Grisignano di Zocco,Vicenza,VI,Veneto
E185,Grisolia,Cosenza,CS,Calabria
E187,Grizzana Morandi,Bologna,BO,Emilia-Romagna
E188,Grognardo,Alessandria,AL,Piemonte
E189,Gromo,Bergamo,BG,Lombardia
E191,Grondona,Alessandria,AL,Piemonte
E192,Grone,Bergamo,BG,Lombardia
E193,Grontardo,Cremona,CR,Lombardia
E195,Gropello Cairoli,Pavia,PV,Lombardia
E196,Gropparello,Piacenza,PC,Emilia-Romagna
E199,Groscavallo,Torino,TO,Piemonte
E200,Grosio,Sondrio,SO,Lombardia
E201,Grosotto,Sondrio,SO,Lombardia
E202,Grosseto,Grosseto,GR,Toscana
E203,Grosso,Torino,TO,Piemonte
E204,Grottaferrata,Roma,RM,Lazio
E205,Grottaglie,Taranto,TA,Puglia
E206,Grottaminarda,Avellino,AV,Campania
E207,Grottammare,Ascoli Piceno,AP,Marche
E208,Grottazzolina,Fermo,FM,Marche
E209,Grotte,Agrigento,AG,Sicilia
E210,Grotte di Castro,Viterbo,VT,Lazio
E212,Grotteria,Reggio Calabria,RC,Calabria
E213,Grottole,Matera,MT,Basilicata
E214,Grottolella,Avellino,AV,Campania
E215,Gruaro,Venezia,VE,Veneto
E216,Grugliasco,Torino,TO,Piemonte
E217,Grumello Cremonese ed Uniti,Cremona,CR,Lombardia
E219,Grumello del Monte,Bergamo,BG,Lombardia
E221,Grumento Nova,Potenza,PZ,Basilicata
E223,Grumo Appula,Bari,BA,Puglia
E224,Grumo Nevano,Napoli,NA,Campania
E226,Grumolo delle Abbadesse,Vicenza,VI,Veneto
E227,Guagnano,Lecce,LE,Puglia
E228,Gualdo,Macerata,MC,Marche
E229,Gualdo Cattaneo,Perugia,PG,Umbria
E230,Gualdo Tadino,Perugia,PG,Umbria
E232,Gualtieri,Reggio nell'Emilia,RE,Emilia-Romagna
E233,Gualtieri Sicaminò,Messina,ME,Sicilia
E234,Guamaggiore,Sud Sardegna,SU,Sardegna
E235,Guanzate,Como,CO,Lombardia
E236,Guarcino,Frosinone,FR,Lazio
E237,Guardabosone,Vercelli,VC,Piemonte
E238,Guardamiglio,Lodi,LO,Lombardia
E239,Guardavalle,Catanzaro,CZ,Calabria
E240,Guarda Veneta,Rovigo,RO,Veneto
E241,Guardea,Terni,TR,Umbria
E242,Guardia Piemontese,Cosenza,CS,Calabria
E243,Guardiagrele,Chieti,CH,Abruzzo
E244,Guardialfiera,Campobasso,CB,Molise
E245,Guardia Lombardi,Avellino,AV,Campania
E246,Guardia Perticara,Potenza,PZ,Basilicata
E248,Guardiaregia,Campobasso,CB,Molise
E249,Guardia Sanframondi,Benevento,BN,Campania
E250,Guardistallo,Pisa,PI,Toscana
E251,Guarene,Cuneo,CN,Piemonte
E252,Guasila,Sud Sardegna,SU,Sardegna
E253,Guastalla,Reggio nell'Emilia,RE,Emilia-Romagna
E255,Guazzora,Alessandria,AL,Piemonte
E256,Gubbio,Perugia,PG,Umbria
E258,Gudo Visconti,Milano,MI,Lombardia
E259,Guglionesi,Campobasso,CB,Molise
E261,Guidizzolo,Mantova,MN,Lombardia
E263,Guidonia Montecelio,Roma,RM,Lazio
E264,Guiglia,Modena,MO,Emilia-Romagna
E265,Siziano,Pavia,PV,Lombardia
E266,Guilmi,Chieti,CH,Abruzzo
E269,Gurro,Verbano-Cusio-Ossola,VB,Piemonte
E270,Guspini,Sud Sardegna,SU,Sardegna
E271,Gussago,Brescia,BS,Lombardia
E272,Gussola,Cremona,CR,Lombardia
E273,Hône,Valle d'Aosta/Vallée d'Aoste,AO,Valle d'Aosta/Vallée d'Aoste
E274,Jacurso,Catanzaro,CZ,Calabria
E280,Idro,Brescia,BS,Lombardia
E281,Iglesias,Sud Sardegna,SU,Sardegna
E282,Igliano,Cuneo,CN,Piemonte
E283,Ilbono,Nuoro,NU,Sardegna
E284,Illasi,Verona,VR,Veneto
E285,Illorai,Sassari,SS,Sardegna
E287,Imbersago,Lecco,LC,Lombardia
E288,Imer,Trento,TN,Trentino-Alto Adige/Südtirol
E289,Imola,Bologna,BO,Emilia-Romagna
E290,Imperia,Imperia,IM,Liguria
E291,Impruneta,Firenze,FI,Toscana
E292,Inarzo,Varese,VA,Lombardia
E295,Incisa Scapaccino,Asti,AT,Piemonte
E297,Incudine,Brescia,BS,Lombardia
E299,Induno Olona,Varese,VA,Lombardia
E301,Ingria,Torino,TO,Piemonte
E304,Intragna,Verbano-Cusio-Ossola,VB,Piemonte
E305,Introbio,Lecco,LC,Lombardia
E306,Introd,Valle d'Aosta/Vallée d'Aoste,AO,Valle d'Aosta/Vallée d'Aoste
E307,Introdacqua,L'Aquila,AQ,Abruzzo
E309,Inverigo,Como,CO,Lombardia
E310,Inverno e Monteleone,Pavia,PV,Lombardia
E311,Inverso Pinasca,Torino,TO,Piemonte
E313,Inveruno,Milano,MI,Lombardia
E314,Invorio,Novara,NO,Piemonte
E317,Inzago,Milano,MI,Lombardia
E320,Jolanda di Savoia,Ferrara,FE,Emilia-Romagna
E321,Ionadi,Vibo Valentia,VV,Calabria
E323,Irgoli,Nuoro,NU,Sardegna
E325,Irma,Brescia,BS,Lombardia
E326,Irsina,Matera,MT,Basilicata
E327,Isasca,Cuneo,CN,Piemonte
E328,Isca sullo Ionio,Catanzaro,CZ,Calabria
E329,Ischia,Napoli,NA,Campania
E330,Ischia di Castro,Viterbo,VT,Lazio
E332,Ischitella,Foggia,FG,Puglia
E333,Iseo,Brescia,BS,Lombardia
E334,Isera,Trento,TN,Trentino-Alto Adige/Südtirol
E335,Isernia,Isernia,IS,Molise
E336,Isili,Sud Sardegna,SU,Sardegna
E337,Isnello,Palermo,PA,Sicilia
E338,Isola d'Asti,Asti,AT,Piemonte
E339,Isola di Capo Rizzuto,Crotone,KR,Calabria
E340,Isola del Liri,Frosinone,FR,Lazio
E341,Isola del Cantone,Genova,GE,Liguria
E342,Madesimo,Sondrio,SO,Lombardia
E343,Isola del Gran Sasso d'Italia,Teramo,TE,Abruzzo
E345,Isolabella,Torino,TO,Piemonte
E346,Isolabona,Imperia,IM,Liguria
E348,Isola del Giglio,Grosseto,GR,Toscana
E349,Isola della Scala,Verona,VR,Veneto
E350,Isola delle Femmine,Palermo,PA,Sicilia
E351,Isola del Piano,Pesaro e Urbino,PU,Marche
E353,Isola di Fondra,Bergamo,BG,Lombardia
E354,Isola Vicentina,Vicenza,VI,Veneto
E356,Isola Dovarese,Cremona,CR,Lombardia
E358,Isola Rizza,Verona,VR,Veneto
E360,Isola Sant'Antonio,Alessandria,AL,Piemonte
E363,Isole Tremiti,Foggia,FG,Puglia
E364,Isorella,Brescia,BS,Lombardia
E365,Ispani,Salerno,SA,Campania
E366,Ispica,Ragusa,RG,Sicilia
E367,Ispra,Varese,VA,Lombardia
E368,Issiglio,Torino,TO,Piemonte
E369,Issime,Valle d'Aosta/Vallée d'Aoste,AO,Valle d'Aosta/Vallée d'Aoste
E370,Isso,Bergamo,BG,Lombardia
E371,Issogne,Valle d'Aosta/Vallée d'Aoste,AO,Valle d'Aosta/Vallée d'Aoste
E372,Vasto,Chieti,CH,Abruzzo
E373,Istrana,Treviso,TV,Veneto
E374,Itala,Messina,ME,Sicilia
E375,Itri,Latina,LT,Lazio
E376,Ittireddu,Sassari,SS,Sardegna
E377,Ittiri,Sassari,SS,Sardegna
E379,Ivrea,Torino,TO,Piemonte
E380,Izano,Cremona,CR,Lombardia
E381,Jelsi,Campobasso,CB,Molise
E382,Jenne,Roma,RM,Lazio
E386,Jerago con Orago,Varese,VA,Lombardia
E387,Jerzu,Nuoro,NU,Sardegna
E388,Jesi,Ancona,AN,Marche
E389,Joppolo,Vibo Valentia,VV,Calabria
E390,Joppolo Giancaxio,Agrigento,AG,Sicilia
E391,Jovençan,Valle d'Aosta/Vallée d'Aoste,AO,Valle d'Aosta/Vallée d'Aoste
E392,Labico,Roma,RM,Lazio
E393,Labro,Rieti,RI,Lazio
E394,La Cassa,Torino,TO,Piemonte
E395,Lacchiarella,Milano,MI,Lombardia
E396,Lacco Ameno,Napoli,NA,Campania
E397,Lacedonia,Avellino,AV,Campania
E398,Laces,Bolzano/Bozen,BZ,Trentino-Alto Adige/Südtirol
E400,Laconi,Oristano,OR,Sardegna
E401,Laerru,Sassari,SS,Sardegna
E402,Laganadi,Reggio Calabria,RC,Calabria
E403,Laghi,Vicenza,VI,Veneto
E405,Laglio,Como,CO,Lombardia
E406,Lagnasco,Cuneo,CN,Piemonte
E407,Lago,Cosenza,CS,Calabria
E409,Lagonegro,Potenza,PZ,Basilicata
E410,Lagosanto,Ferrara,FE,Emilia-Romagna
E412,Lagundo,Bolzano/Bozen,BZ,Trentino-Alto Adige/Südtirol
E413,Lajatico,Pisa,PI,Toscana
E414,Laigueglia,Savona,SV,Liguria
E415,Lainate,Milano,MI,Lombardia
E416,Laino,Como,CO,Lombardia
E417,Laino Borgo,Cosenza,CS,Calabria
E419,Laino Castello,Cosenza,CS,Calabria
E420,Laion,Bolzano/Bozen,BZ,Trentino-Alto Adige/Südtirol
E421,Laives,Bolzano/Bozen,BZ,Trentino-Alto Adige/Südtirol
E422,Lallio,Bergamo,BG,Lombardia
E423,La Loggia,Torino,TO,Piemonte
E424,Lama dei Peligni,Chieti,CH,Abruzzo
E425,La Maddalena,Sassari,SS,Sardegna
E426,Lama Mocogno,Modena,MO,Emilia-Romagna
E428,Lambrugo,Como,CO,Lombardia
E429,Lamon,Belluno,BL,Veneto
E430,La Morra,Cuneo,CN,Piemonte
E431,Lampedusa e Linosa,Agrigento,AG,Sicilia
E432,Lamporecchio,Pistoia,PT,Toscana
E433,Lamporo,Vercelli,VC,Piemonte
E434,Lana,Bolzano/Bozen,BZ,Trentino-Alto Adige/Südtirol
E435,Lanciano,Chieti,CH,Abruzzo
E436,Landiona,Novara,NO,Piemonte
E437,Landriano,Pavia,PV,Lombardia
E438,Langhirano,Parma,PR,Emilia-Romagna
E439,Langosco,Pavia,PV,Lombardia
E441,Lanusei,Nuoro,NU,Sardegna
E443,Lanzada,Sondrio,SO,Lombardia
E445,Lanzo Torinese,Torino,TO,Piemonte
E447,Lapedona,Fermo,FM,Marche
E448,Lapio,Avellino,AV,Campania
E450,Lappano,Cosenza,CS,Calabria
E451,Larciano,Pistoia,PT,Toscana
E454,Lardirago,Pavia,PV,Lombardia
E456,Larino,Campobasso,CB,Molise
E457,Lasa,Bolzano/Bozen,BZ,Trentino-Alto Adige/Südtirol
E458,La Salle,Valle d'Aosta/Vallée d'Aoste,AO,Valle d'Aosta/Vallée d'Aoste
E459,Lascari,Palermo,PA,Sicilia
E462,Lasnigo,Como,CO,Lombardia
E463,La Spezia,La Spezia,SP,Liguria
E464,Las Plassas,Sud Sardegna,SU,Sardegna
E465,Lastebasse,Vicenza,VI,Veneto
E466,Lastra a Signa,Firenze,FI,Toscana
E467,Latera,Viterbo,VT,Lazio
E469,Laterza,Taranto,TA,Puglia
E470,La Thuile,Valle d'Aosta/Vallée d'Aoste,AO,Valle d'Aosta/Vallée d'Aoste
E471,Latiano,Brindisi,BR,Puglia
E472,Latina,Latina,LT,Lazio
E473,Latisana,Udine,UD,Friuli-Venezia Giulia
E474,Latronico,Potenza,PZ,Basilicata
E475,Lattarico,Cosenza,CS,Calabria
E476,Lauco,Udine,UD,Friuli-Venezia Giulia
E479,Laureana di Borrello,Reggio Calabria,RC,Calabria
E480,Laureana Cilento,Salerno,SA,Campania
E481,Lauregno,Bolzano/Bozen,BZ,Trentino-Alto Adige/Südtirol
E482,Laurenzana,Potenza,PZ,Basilicata
E483,Lauria,Potenza,PZ,Basilicata
E484,Lauriano,Torino,TO,Piemonte
E485,Laurino,Salerno,SA,Campania
E486,Laurito,Salerno,SA,Campania
E487,Lauro,Avellino,AV,Campania
E488,Lavagna,Genova,GE,Liguria
E489,Lavagno,Verona,VR,Veneto
E490,La Valle Agordina,Belluno,BL,Veneto
E491,La Valle,Bolzano/Bozen,BZ,Trentino-Alto Adige/Südtirol
E492,Lavarone,Trento,TN,Trentino-Alto Adige/Südtirol
E493,Lavello,Potenza,PZ,Basilicata
E494,Lavena Ponte Tresa,Varese,VA,Lombardia
E496,Laveno-Mombello,Varese,VA,Lombardia
E497,Lavenone,Brescia,BS,Lombardia
E498,Laviano,Salerno,SA,Campania
E500,Lavis,Trento,TN,Trentino-Alto Adige/Südtirol
E502,Lazise,Verona,VR,Veneto
E504,Lazzate,Monza e della Brianza,MB,Lombardia
E505,Lecce nei Marsi,L'Aquila,AQ,Abruzzo
E506,Lecce,Lecce,LE,Puglia
E507,Lecco,Lecco,LC,Lombardia
E509,Leffe,Bergamo,BG,Lombardia
E510,Leggiuno,Varese,VA,Lombardia
E512,Legnago,Verona,VR,Veneto
E514,Legnano,Milano,MI,Lombardia
E515,Legnaro,Padova,PD,Veneto
E517,Lei,Nuoro,NU,Sardegna
E518,Leini,Torino,TO,Piemonte
E519,Leivi,Genova,GE,Liguria
E520,Lemie,Torino,TO,Piemonte
E522,Lendinara,Rovigo,RO,Veneto
E523,Leni,Messina,ME,Sicilia
E524,Lenna,Bergamo,BG,Lombardia
E526,Leno,Brescia,BS,Lombardia
E527,Lenola,Latina,LT,Lazio
E528,Lenta,Vercelli,VC,Piemonte
E530,Lentate sul Seveso,Monza e della Brianza,MB,Lombardia
E531,Lentella,Chieti,CH,Abruzzo
E532,Lentini,Siracusa,SR,Sicilia
E535,Leonessa,Rieti,RI,Lazio
E536,Leonforte,Enna,EN,Sicilia
E537,Leporano,Taranto,TA,Puglia
E538,Lequile,Lecce,LE,Puglia
E539,Lequio Tanaro,Cuneo,CN,Piemonte
E540,Lequio Berria,Cuneo,CN,Piemonte
E541,Lercara Friddi,Palermo,PA,Sicilia
E542,Lerici,La Spezia,SP,Liguria
E543,Lerma,Alessandria,AL,Piemonte
E544,Lesa,Novara,NO,Piemonte
E546,Lesegno,Cuneo,CN,Piemonte
E547,Lesignano de' Bagni,Parma,PR,Emilia-Romagna
E548,Terenzo,Parma,PR,Emilia-Romagna
E549,Lesina,Foggia,FG,Puglia
E550,Lesmo,Monza e della Brianza,MB,Lombardia
E551,Lessolo,Torino,TO,Piemonte
E553,Lestizza,Udine,UD,Friuli-Venezia Giulia
E554,Letino,Caserta,CE,Campania
E555,Letojanni,Messina,ME,Sicilia
E557,Lettere,Napoli,NA,Campania
E558,Lettomanoppello,Pescara,PE,Abruzzo
E559,Lettopalena,Chieti,CH,Abruzzo
E560,Levanto,La Spezia,SP,Liguria
E562,Levate,Bergamo,BG,Lombardia
E563,Leverano,Lecce,LE,Puglia
E564,Levice,Cuneo,CN,Piemonte
E565,Levico Terme,Trento,TN,Trentino-Alto Adige/Südtirol
E566,Levone,Torino,TO,Piemonte
E569,Lezzeno,Como,CO,Lombardia
E570,Liberi,Caserta,CE,Campania
E571,Librizzi,Messina,ME,Sicilia
E573,Licata,Agrigento,AG,Sicilia
E574,Licciana Nardi,Massa-Carrara,MS,Toscana
E576,Licenza,Roma,RM,Lazio
E578,Licodia Eubea,Catania,CT,Sicilia
E581,Lierna,Lecco,LC,Lombardia
E583,Lignana,Vercelli,VC,Piemonte
E584,Lignano Sabbiadoro,Udine,UD,Friuli-Venezia Giulia
E587,Lillianes,Valle d'Aosta/Vallée d'Aoste,AO,Valle d'Aosta/Vallée d'Aoste
E588,Limana,Belluno,BL,Veneto
E589,Limatola,Benevento,BN,Campania
E590,Limbadi,Vibo Valentia,VV,Calabria
E591,Limbiate,Monza e della Brianza,MB,Lombardia
E592,Limena,Padova,PD,Veneto
E593,Limido Comasco,Como,CO,Lombardia
E594,Limina,Messina,ME,Sicilia
E596,Limone sul Garda,Brescia,BS,Lombardia
E597,Limone Piemonte,Cuneo,CN,Piemonte
E599,Limosano,Campobasso,CB,Molise
E600,Linarolo,Pavia,PV,Lombardia
E602,Linguaglossa,Catania,CT,Sicilia
E605,Lioni,Avellino,AV,Campania
E606,Lipari,Messina,ME,Sicilia
E607,Lipomo,Como,CO,Lombardia
E608,Lirio,Pavia,PV,Lombardia
E610,Liscate,Milano,MI,Lombardia
E611,Liscia,Chieti,CH,Abruzzo
E613,Lisciano Niccone,Perugia,PG,Umbria
E615,Lisio,Cuneo,CN,Piemonte
E617,Lissone,Monza e della Brianza,MB,Lombardia
E618,Milena,Caltanissetta,CL,Sicilia
E620,Liveri,Napoli,NA,Campania
E621,Livigno,Sondrio,SO,Lombardia
E622,Livinallongo del Col di Lana,Belluno,BL,Veneto
E623,Livo,Como,CO,Lombardia
E624,Livo,Trento,TN,Trentino-Alto Adige/Südtirol
E625,Livorno,Livorno,LI,Toscana
E626,Livorno Ferraris,Vercelli,VC,Piemonte
E627,Livraga,Lodi,LO,Lombardia
E629,Lizzanello,Lecce,LE,Puglia
E630,Lizzano,Taranto,TA,Puglia
E632,Loano,Savona,SV,Liguria
E633,Loazzolo,Asti,AT,Piemonte
E635,Locana,Torino,TO,Piemonte
E638,Locate Varesino,Como,CO,Lombardia
E639,Locate di Triulzi,Milano,MI,Lombardia
E640,Locatello,Bergamo,BG,Lombardia
E644,Loceri,Nuoro,NU,Sardegna
E645,Locorotondo,Bari,BA,Puglia
E646,Loculi,Nuoro,NU,Sardegna
E647,Lodè,Nuoro,NU,Sardegna
E648,Lodi,Lodi,LO,Lombardia
E649,Lodine,Nuoro,NU,Sardegna
E651,Lodi Vecchio,Lodi,LO,Lombardia
E652,Lodrino,Brescia,BS,Lombardia
E654,Lograto,Brescia,BS,Lombardia
E655,Loiano,Bologna,BO,Emilia-Romagna
E656,Lomagna,Lecco,LC,Lombardia
E659,Lomazzo,Como,CO,Lombardia
E660,Lombardore,Torino,TO,Piemonte
E661,Lombriasco,Torino,TO,Piemonte
E662,Lomello,Pavia,PV,Lombardia
E664,Lona-Lases,Trento,TN,Trentino-Alto Adige/Südtirol
E665,Lonate Ceppino,Varese,VA,Lombardia
E666,Lonate Pozzolo,Varese,VA,Lombardia
E668,Londa,Firenze,FI,Toscana
E669,Longano,Isernia,IS,Molise
E671,Longare,Vicenza,VI,Veneto
E673,Longhena,Brescia,BS,Lombardia
E674,Longi,Messina,ME,Sicilia
E675,Longiano,Forlì-Cesena,FC,Emilia-Romagna
E677,Longobardi,Cosenza,CS,Calabria
E678,Longobucco,Cosenza,CS,Calabria
E679,Longone al Segrino,Como,CO,Lombardia
E680,Porto Azzurro,Livorno,LI,Toscana
E681,Longone Sabino,Rieti,RI,Lazio
E682,Lonigo,Vicenza,VI,Veneto
E683,Loranzè,Torino,TO,Piemonte
E684,Loreggia,Padova,PD,Veneto
E685,Loreglia,Verbano-Cusio-Ossola,VB,Piemonte
E687,Lorenzago di Cadore,Belluno,BL,Veneto
E689,Loreo,Rovigo,RO,Veneto
E690,Loreto,Ancona,AN,Marche
E691,Loreto Aprutino,Pescara,PE,Abruzzo
E692,Loria,Treviso,TV,Veneto
E693,Loro Ciuffenna,Arezzo,AR,Toscana
E694,Loro Piceno,Macerata,MC,Marche
E695,Lorsica,Genova,GE,Liguria
E698,Losine,Brescia,BS,Lombardia
E700,Lotzorai,Nuoro,NU,Sardegna
E704,Lovere,Bergamo,BG,Lombardia
E705,Lovero,Sondrio,SO,Lombardia
E706,Lozio,Brescia,BS,Lombardia
E707,Lozza,Varese,VA,Lombardia
E708,Lozzo di Cadore,Belluno,BL,Veneto
E709,Lozzo Atestino,Padova,PD,Veneto
E711,Lozzolo,Vercelli,VC,Piemonte
E713,Lubriano,Viterbo,VT,Lazio
E714,Lucca Sicula,Agrigento,AG,Sicilia
E715,Lucca,Lucca,LU,Toscana
E716,Lucera,Foggia,FG,Puglia
E718,Lucignano,Arezzo,AR,Toscana
E719,Lucinasco,Imperia,IM,Liguria
E722,Lucito,Campobasso,CB,Molise
E723,Luco dei Marsi,L'Aquila,AQ,Abruzzo
E724,Lucoli,L'Aquila,AQ,Abruzzo
E726,Lugagnano Val d'Arda,Piacenza,PC,Emilia-Romagna
E729,Lugnano in Teverina,Terni,TR,Umbria
E730,Lugo,Ravenna,RA,Emilia-Romagna
E731,Lugo di Vicenza,Vicenza,VI,Veneto
E734,Luino,Varese,VA,Lombardia
E735,Luisago,Como,CO,Lombardia
E736,Lula,Nuoro,NU,Sardegna
E737,Lumarzo,Genova,GE,Liguria
E738,Lumezzane,Brescia,BS,Lombardia
E742,Lunamatrona,Sud Sardegna,SU,Sardegna
E743,Lunano,Pesaro e Urbino,PU,Marche
E745,Lungro,Cosenza,CS,Calabria
E746,Luogosano,Avellino,AV,Campania
E747,Luogosanto,Sassari,SS,Sardegna
E748,Lupara,Campobasso,CB,Molise
E749,Lurago d'Erba,Como,CO,Lombardia
E750,Lurago Marinone,Como,CO,Lombardia
E751,Lurano,Bergamo,BG,Lombardia
E752,Luras,Sassari,SS,Sardegna
E753,Lurate Caccivio,Como,CO,Lombardia
E754,Lusciano,Caserta,CE,Campania
E757,Luserna,Trento,TN,Trentino-Alto Adige/Südtirol
E758,Luserna San Giovanni,Torino,TO,Piemonte
E759,Lusernetta,Torino,TO,Piemonte
E760,Lusevera,Udine,UD,Friuli-Venezia Giulia
E761,Lusia,Rovigo,RO,Veneto
E763,Lusigliè,Torino,TO,Piemonte
E764,Luson,Bolzano/Bozen,BZ,Trentino-Alto Adige/Südtirol
E767,Lustra,Salerno,SA,Campania
E769,Luvinate,Varese,VA,Lombardia
E770,Luzzana,Bergamo,BG,Lombardia
E772,Luzzara,Reggio nell'Emilia,RE,Emilia-Romagna
E773,Luzzi,Cosenza,CS,Calabria
E777,Maccastorna,Lodi,LO,Lombardia
E778,Macchia d'Isernia,Isernia,IS,Molise
E779,Macchiagodena,Isernia,IS,Molise
E780,Macchia Valfortore,Campobasso,CB,Molise
E782,Macello,Torino,TO,Piemonte
E783,Macerata,Macerata,MC,Marche
E784,Macerata Campania,Caserta,CE,Campania
E785,Macerata Feltria,Pesaro e Urbino,PU,Marche
E786,Macherio,Monza e della Brianza,MB,Lombardia
E787,Maclodio,Brescia,BS,Lombardia
E788,Macomer,Nuoro,NU,Sardegna
E789,Macra,Cuneo,CN,Piemonte
E790,Macugnaga,Verbano-Cusio-Ossola,VB,Piemonte
E791,Maddaloni,Caserta,CE,Campania
E793,Madignano,Cremona,CR,Lombardia
E794,Madone,Bergamo,BG,Lombardia
E795,Madonna del Sasso,Verbano-Cusio-Ossola,VB,Piemonte
E798,Maenza,Latina,LT,Lazio
E799,Mafalda,Campobasso,CB,Molise
E800,Magasa,Brescia,BS,Lombardia
E801,Magenta,Milano,MI,Lombardia
E803,Maggiora,Novara,NO,Piemonte
E804,Magherno,Pavia,PV,Lombardia
E805,Magione,Perugia,PG,Umbria
E806,Magisano,Catanzaro,CZ,Calabria
E807,Magliano di Tenna,Fermo,FM,Marche
E808,Magliano Alpi,Cuneo,CN,Piemonte
E809,Magliano Alfieri,Cuneo,CN,Piemonte
E810,Magliano in Toscana,Grosseto,GR,Toscana
E811,Magliano de' Marsi,L'Aquila,AQ,Abruzzo
E812,Magliano Sabina,Rieti,RI,Lazio
E813,Magliano Romano,Roma,RM,Lazio
E814,Magliano Vetere,Salerno,SA,Campania
E815,Maglie,Lecce,LE,Puglia
E816,Magliolo,Savona,SV,Liguria
E817,Maglione,Torino,TO,Piemonte
E818,Magnacavallo,Mantova,MN,Lombardia
E819,Magnago,Milano,MI,Lombardia
E820,Magnano in Riviera,Udine,UD,Friuli-Venezia Giulia
E821,Magnano,Biella,BI,Piemonte
E825,Magomadas,Oristano,OR,Sardegna
E829,Magrè sulla strada del vino,Bolzano/Bozen,BZ,Trentino-Alto Adige/Südtirol
E830,Magreglio,Como,CO,Lombardia
E833,Majano,Udine,UD,Friuli-Venezia Giulia
E834,Maida,Catanzaro,CZ,Calabria
E835,Maierà,Cosenza,CS,Calabria
E836,Maierato,Vibo Valentia,VV,Calabria
E837,Maiolati Spontini,Ancona,AN,Marche
E838,Maiolo,Rimini,RN,Emilia-Romagna
E839,Maiori,Salerno,SA,Campania
E840,Mairago,Lodi,LO,Lombardia
E841,Mairano,Brescia,BS,Lombardia
E842,Maissana,La Spezia,SP,Liguria
E843,Malagnino,Cremona,CR,Lombardia
E844,Malalbergo,Bologna,BO,Emilia-Romagna
E847,Malborghetto Valbruna,Udine,UD,Friuli-Venezia Giulia
E848,Malcesine,Verona,VR,Veneto
E850,Malé,Trento,TN,Trentino-Alto Adige/Südtirol
E851,Malegno,Brescia,BS,Lombardia
E852,Maleo,Lodi,LO,Lombardia
E853,Malesco,Verbano-Cusio-Ossola,VB,Piemonte
E854,Maletto,Catania,CT,Sicilia
E855,Malfa,Messina,ME,Sicilia
E858,Malgrate,Lecco,LC,Lombardia
E859,Malito,Cosenza,CS,Calabria
E860,Mallare,Savona,SV,Liguria
E862,Malles Venosta,Bolzano/Bozen,BZ,Trentino-Alto Adige/Südtirol
E863,Malnate,Varese,VA,Lombardia
E864,Malo,Vicenza,VI,Veneto
E865,Malonno,Brescia,BS,Lombardia
E868,Maltignano,Ascoli Piceno,AP,Marche
E869,Malvagna,Messina,ME,Sicilia
E870,Malvicino,Alessandria,AL,Piemonte
E872,Malvito,Cosenza,CS,Calabria
E873,Mammola,Reggio Calabria,RC,Calabria
E874,Mamoiada,Nuoro,NU,Sardegna
E875,Manciano,Grosseto,GR,Toscana
E876,Mandanici,Messina,ME,Sicilia
E877,Mandas,Sud Sardegna,SU,Sardegna
E878,Mandatoriccio,Cosenza,CS,Calabria
E879,Mandello del Lario,Lecco,LC,Lombardia
E880,Mandello Vitta,Novara,NO,Piemonte
E882,Manduria,Taranto,TA,Puglia
E883,Manerba del Garda,Brescia,BS,Lombardia
E884,Manerbio,Brescia,BS,Lombardia
E885,Manfredonia,Foggia,FG,Puglia
E887,Mango,Cuneo,CN,Piemonte
E888,Mangone,Cosenza,CS,Calabria
E889,Maniago,Pordenone,PN,Friuli-Venezia Giulia
E891,Manocalzati,Avellino,AV,Campania
E892,Manoppello,Pescara,PE,Abruzzo
E893,Mansuè,Treviso,TV,Veneto
E894,Manta,Cuneo,CN,Piemonte
E896,Mantello,Sondrio,SO,Lombardia
E897,Mantova,Mantova,MN,Lombardia
E899,Manzano,Udine,UD,Friuli-Venezia Giulia
E900,Manziana,Roma,RM,Lazio
E901,Mapello,Bergamo,BG,Lombardia
E902,Mara,Sassari,SS,Sardegna
E903,Maracalagonis,Cagliari,CA,Sardegna
E904,Maranello,Modena,MO,Emilia-Romagna
E905,Marano sul Panaro,Modena,MO,Emilia-Romagna
E906,Marano di Napoli,Napoli,NA,Campania
E907,Marano Ticino,Novara,NO,Piemonte
E908,Marano Equo,Roma,RM,Lazio
E910,Marano Lagunare,Udine,UD,Friuli-Venezia Giulia
E911,Marano di Valpolicella,Verona,VR,Veneto
E912,Marano Vicentino,Vicenza,VI,Veneto
E914,Marano Marchesato,Cosenza,CS,Calabria
E915,Marano Principato,Cosenza,CS,Calabria
E917,Maranzana,Asti,AT,Piemonte
E919,Maratea,Potenza,PZ,Basilicata
E921,Marcallo con Casone,Milano,MI,Lombardia
E922,Marcaria,Mantova,MN,Lombardia
E923,Marcedusa,Catanzaro,CZ,Calabria
E924,Marcellina,Roma,RM,Lazio
E925,Marcellinara,Catanzaro,CZ,Calabria
E927,Marcetelli,Rieti,RI,Lazio
E928,Marcheno,Brescia,BS,Lombardia
E929,Marchirolo,Varese,VA,Lombardia
E930,Marciana,Livorno,LI,Toscana
E931,Marciana Marina,Livorno,LI,Toscana
E932,Marcianise,Caserta,CE,Campania
E933,Marciano della Chiana,Arezzo,AR,Toscana
E934,Marcignago,Pavia,PV,Lombardia
E936,Marcon,Venezia,VE,Veneto
E938,Marebbe,Bolzano/Bozen,BZ,Trentino-Alto Adige/Südtirol
E939,Marene,Cuneo,CN,Piemonte
E940,Mareno di Piave,Treviso,TV,Veneto
E941,Marentino,Torino,TO,Piemonte
E944,Maretto,Asti,AT,Piemonte
E945,Margarita,Cuneo,CN,Piemonte
E946,Margherita di Savoia,Barletta-Andria-Trani,BT,Puglia
E947,Margno,Lecco,LC,Lombardia
E949,Mariana Mantovana,Mantova,MN,Lombardia
E951,Mariano Comense,Como,CO,Lombardia
E952,Mariano del Friuli,Gorizia,GO,Friuli-Venezia Giulia
E953,Marianopoli,Caltanissetta,CL,Sicilia
E954,Mariglianella,Napoli,NA,Campania
E955,Marigliano,Napoli,NA,Campania
E956,Marina di Gioiosa Ionica,Reggio Calabria,RC,Calabria
E957,Marineo,Palermo,PA,Sicilia
E958,Marino,Roma,RM,Lazio
E959,Marlengo,Bolzano/Bozen,BZ,Trentino-Alto Adige/Südtirol
E960,Marliana,Pistoia,PT,Toscana
E961,Marmentino,Brescia,BS,Lombardia
E962,Marmirolo,Mantova,MN,Lombardia
E963,Marmora,Cuneo,CN,Piemonte
E965,Marnate,Varese,VA,Lombardia
E967,Marone,Brescia,BS,Lombardia
E968,Maropati,Reggio Calabria,RC,Calabria
E970,Marostica,Vicenza,VI,Veneto
E971,Marradi,Firenze,FI,Toscana
E972,Marrubiu,Oristano,OR,Sardegna
E973,Marsaglia,Cuneo,CN,Piemonte
E974,Marsala,Trapani,TP,Sicilia
E975,Marsciano,Perugia,PG,Umbria
E976,Marsico Nuovo,Potenza,PZ,Basilicata
E977,Marsicovetere,Potenza,PZ,Basilicata
E978,Marta,Viterbo,VT,Lazio
E979,Martano,Lecce,LE,Puglia
E980,Martellago,Venezia,VE,Veneto
E981,Martello,Bolzano/Bozen,BZ,Trentino-Alto Adige/Südtirol
E982,Martignacco,Udine,UD,Friuli-Venezia Giulia
E983,Martignana di Po,Cremona,CR,Lombardia
E984,Martignano,Lecce,LE,Puglia
E986,Martina Franca,Taranto,TA,Puglia
E987,Martinengo,Bergamo,BG,Lombardia
E988,Martiniana Po,Cuneo,CN,Piemonte
E989,Martinsicuro,Teramo,TE,Abruzzo
E990,Martirano,Catanzaro,CZ,Calabria
E991,Martirano Lombardo,Catanzaro,CZ,Calabria
E992,Martis,Sassari,SS,Sardegna
E993,Martone,Reggio Calabria,RC,Calabria
E994,Marudo,Lodi,LO,Lombardia
E995,Maruggio,Taranto,TA,Puglia
E997,Marzano di Nola,Avellino,AV,Campania
E998,Marzano Appio,Caserta,CE,Campania
E999,Marzano,Pavia,PV,Lombardia
F001,Marzi,Cosenza,CS,Calabria
F002,Marzio,Varese,VA,Lombardia
F003,Masate,Milano,MI,Lombardia
F004,Mascali,Catania,CT,Sicilia
F005,Mascalucia,Catania,CT,Sicilia
F006,Maschito,Potenza,PZ,Basilicata
F007,Masciago Primo,Varese,VA,Lombardia
F009,Maser,Treviso,TV,Veneto
F010,Masera,Verbano-Cusio-Ossola,VB,Piemonte
F011,Maserà di Padova,Padova,PD,Veneto
F012,Maserada sul Piave,Treviso,TV,Veneto
F013,Masi,Padova,PD,Veneto
F015,Masio,Alessandria,AL,Piemonte
F016,Masi Torello,Ferrara,FE,Emilia-Romagna
F017,Maslianico,Como,CO,Lombardia
F020,Masone,Genova,GE,Liguria
F021,Massa Fermana,Fermo,FM,Marche
F022,Massa d'Albe,L'Aquila,AQ,Abruzzo
F023,Massa,Massa-Carrara,MS,Toscana
F024,Massa Martana,Perugia,PG,Umbria
F025,Massa e Cozzile,Pistoia,PT,Toscana
F027,Massafra,Taranto,TA,Puglia
F028,Massalengo,Lodi,LO,Lombardia
F029,Massa Lombarda,Ravenna,RA,Emilia-Romagna
F030,Massa Lubrense,Napoli,NA,Campania
F032,Massa Marittima,Grosseto,GR,Toscana
F033,Massanzago,Padova,PD,Veneto
F035,Massarosa,Lucca,LU,Toscana
F037,Massazza,Biella,BI,Piemonte
F041,Massello,Torino,TO,Piemonte
F042,Masserano,Biella,BI,Piemonte
F043,San Marco Evangelista,Caserta,CE,Campania
F044,Massignano,Ascoli Piceno,AP,Marche
F045,Massimeno,Trento,TN,Trentino-Alto Adige/Südtirol
F046,Massimino,Savona,SV,Liguria
F047,Massino Visconti,Novara,NO,Piemonte
F048,Massiola,Verbano-Cusio-Ossola,VB,Piemonte
F050,Masullas,Oristano,OR,Sardegna
F051,Matelica,Macerata,MC,Marche
F052,Matera,Matera,MT,Basilicata
F053,Mathi,Torino,TO,Piemonte
F054,Matino,Lecce,LE,Puglia
F055,Matrice,Campobasso,CB,Molise
F058,Mattie,Torino,TO,Piemonte
F059,Mattinata,Foggia,FG,Puglia
F061,Mazara del Vallo,Trapani,TP,Sicilia
F063,Mazzano,Brescia,BS,Lombardia
F064,Mazzano Romano,Roma,RM,Lazio
F065,Mazzarino,Caltanissetta,CL,Sicilia
F066,Mazzarrà Sant'Andrea,Messina,ME,Sicilia
F067,Mazzè,Torino,TO,Piemonte
F068,Mazzin,Trento,TN,Trentino-Alto Adige/Südtirol
F070,Mazzo di Valtellina,Sondrio,SO,Lombardia
F073,Meana Sardo,Nuoro,NU,Sardegna
F074,Meana di Susa,Torino,TO,Piemonte
F078,Meda,Monza e della Brianza,MB,Lombardia
F080,Mede,Pavia,PV,Lombardia
F081,Medea,Gorizia,GO,Friuli-Venezia Giulia
F082,Medesano,Parma,PR,Emilia-Romagna
F083,Medicina,Bologna,BO,Emilia-Romagna
F084,Mediglia,Milano,MI,Lombardia
F085,Medolago,Bergamo,BG,Lombardia
F086,Medole,Mantova,MN,Lombardia
F087,Medolla,Modena,MO,Emilia-Romagna
F088,Meduna di Livenza,Treviso,TV,Veneto
F089,Meduno,Pordenone,PN,Friuli-Venezia Giulia
F092,Megliadino San Vitale,Padova,PD,Veneto
F093,Meina,Novara,NO,Piemonte
F095,Melara,Rovigo,RO,Veneto
F096,Melazzo,Alessandria,AL,Piemonte
F097,Meldola,Forlì-Cesena,FC,Emilia-Romagna
F098,Mele,Genova,GE,Liguria
F100,Melegnano,Milano,MI,Lombardia
F101,Melendugno,Lecce,LE,Puglia
F102,Meleti,Lodi,LO,Lombardia
F104,Melfi,Potenza,PZ,Basilicata
F105,Melicuccà,Reggio Calabria,RC,Calabria
F106,Melicucco,Reggio Calabria,RC,Calabria
F107,Melilli,Siracusa,SR,Sicilia
F108,Melissa,Crotone,KR,Calabria
F109,Melissano,Lecce,LE,Puglia
F110,Melito Irpino,Avellino,AV,Campania
F111,Melito di Napoli,Napoli,NA,Campania
F112,Melito di Porto Salvo,Reggio Calabria,RC,Calabria
F113,Melizzano,Benevento,BN,Campania
F114,Melle,Cuneo,CN,Piemonte
F115,Mello,Sondrio,SO,Lombardia
F116,Silea,Treviso,TV,Veneto
F117,Melpignano,Lecce,LE,Puglia
F118,Meltina,Bolzano/Bozen,BZ,Trentino-Alto Adige/Südtirol
F119,Melzo,Milano,MI,Lombardia
F120,Menaggio,Como,CO,Lombardia
F122,Menconico,Pavia,PV,Lombardia
F123,Mendatica,Imperia,IM,Liguria
F125,Mendicino,Cosenza,CS,Calabria
F126,Menfi,Agrigento,AG,Sicilia
F127,Mentana,Roma,RM,Lazio
F130,Meolo,Venezia,VE,Veneto
F131,Merana,Alessandria,AL,Piemonte
F132,Merano,Bolzano/Bozen,BZ,Trentino-Alto Adige/Südtirol
F133,Merate,Lecco,LC,Lombardia
F134,Mercallo,Varese,VA,Lombardia
F135,Mercatello sul Metauro,Pesaro e Urbino,PU,Marche
F136,Mercatino Conca,Pesaro e Urbino,PU,Marche
F137,Novafeltria,Rimini,RN,Emilia-Romagna
F138,Mercato San Severino,Salerno,SA,Campania
F139,Mercato Saraceno,Forlì-Cesena,FC,Emilia-Romagna
F140,Mercenasco,Torino,TO,Piemonte
F141,Mercogliano,Avellino,AV,Campania
F144,Mereto di Tomba,Udine,UD,Friuli-Venezia Giulia
F145,Mergo,Ancona,AN,Marche
F146,Mergozzo,Verbano-Cusio-Ossola,VB,Piemonte
F147,Merì,Messina,ME,Sicilia
F148,Merlara,Padova,PD,Veneto
F149,Merlino,Lodi,LO,Lombardia
F151,Merone,Como,CO,Lombardia
F152,Mesagne,Brindisi,BR,Puglia
F153,Mese,Sondrio,SO,Lombardia
F154,Mesenzana,Varese,VA,Lombardia
F155,Mesero,Milano,MI,Lombardia
F156,Mesola,Ferrara,FE,Emilia-Romagna
F157,Mesoraca,Crotone,KR,Calabria
F158,Messina,Messina,ME,Sicilia
F161,Mestrino,Padova,PD,Veneto
F162,Meta,Napoli,NA,Campania
F165,Mezzago,Monza e della Brianza,MB,Lombardia
F167,Mezzana Mortigliengo,Biella,BI,Piemonte
F168,Mezzana,Trento,TN,Trentino-Alto Adige/Südtirol
F170,Mezzana Bigli,Pavia,PV,Lombardia
F171,Mezzana Rabattone,Pavia,PV,Lombardia
F172,Mezzane di Sotto,Verona,VR,Veneto
F173,Mezzanego,Genova,GE,Liguria
F175,Mezzanino,Pavia,PV,Lombardia
F176,Mezzano,Trento,TN,Trentino-Alto Adige/Südtirol
F182,Mezzenile,Torino,TO,Piemonte
F183,Mezzocorona,Trento,TN,Trentino-Alto Adige/Südtirol
F184,Mezzojuso,Palermo,PA,Sicilia
F186,Mezzoldo,Bergamo,BG,Lombardia
F187,Mezzolombardo,Trento,TN,Trentino-Alto Adige/Südtirol
F188,Mezzomerico,Novara,NO,Piemonte
F189,Miagliano,Biella,BI,Piemonte
F190,Miane,Treviso,TV,Veneto
F191,Miasino,Novara,NO,Piemonte
F192,Miazzina,Verbano-Cusio-Ossola,VB,Piemonte
F193,Micigliano,Rieti,RI,Lazio
F194,Miggiano,Lecce,LE,Puglia
F196,Miglianico,Chieti,CH,Abruzzo
F200,Miglierina,Catanzaro,CZ,Calabria
F201,Miglionico,Matera,MT,Basilicata
F202,Mignanego,Genova,GE,Liguria
F203,Mignano Monte Lungo,Caserta,CE,Campania
F205,Milano,Milano,MI,Lombardia
F206,Milazzo,Messina,ME,Sicilia
F207,Mileto,Vibo Valentia,VV,Calabria
F208,Milis,Oristano,OR,Sardegna
F209,Militello in Val di Catania,Catania,CT,Sicilia
F210,Militello Rosmarino,Messina,ME,Sicilia
F213,Millesimo,Savona,SV,Liguria
F214,Milo,Catania,CT,Sicilia
F216,Milzano,Brescia,BS,Lombardia
F217,Mineo,Catania,CT,Sicilia
F218,Minerbe,Verona,VR,Veneto
F219,Minerbio,Bologna,BO,Emilia-Romagna
F220,Minervino Murge,Barletta-Andria-Trani,BT,Puglia
F221,Minervino di Lecce,Lecce,LE,Puglia
F223,Minori,Salerno,SA,Campania
F224,Minturno,Latina,LT,Lazio
F225,Minucciano,Lucca,LU,Toscana
F226,Mioglia,Savona,SV,Liguria
F229,Mira,Venezia,VE,Veneto
F230,Mirabella Eclano,Avellino,AV,Campania
F231,Mirabella Imbaccari,Catania,CT,Sicilia
F232,Mirabello Monferrato,Alessandria,AL,Piemonte
F233,Mirabello Sannitico,Campobasso,CB,Molise
F238,Miradolo Terme,Pavia,PV,Lombardia
F239,Miranda,Isernia,IS,Molise
F240,Mirandola,Modena,MO,Emilia-Romagna
F241,Mirano,Venezia,VE,Veneto
F242,Mirto,Messina,ME,Sicilia
F243,Misano di Gera d'Adda,Bergamo,BG,Lombardia
F244,Misano Adriatico,Rimini,RN,Emilia-Romagna
F246,Misilmeri,Palermo,PA,Sicilia
F247,Misinto,Monza e della Brianza,MB,Lombardia
F248,Missaglia,Lecco,LC,Lombardia
F249,Missanello,Potenza,PZ,Basilicata
F250,Misterbianco,Catania,CT,Sicilia
F251,Mistretta,Messina,ME,Sicilia
F254,Moasca,Asti,AT,Piemonte
F256,Moconesi,Genova,GE,Liguria
F257,Modena,Modena,MO,Emilia-Romagna
F258,Modica,Ragusa,RG,Sicilia
F259,Modigliana,Forlì-Cesena,FC,Emilia-Romagna
F260,Tavazzano con Villavesco,Lodi,LO,Lombardia
F261,Modolo,Oristano,OR,Sardegna
F262,Modugno,Bari,BA,Puglia
F263,Moena,Trento,TN,Trentino-Alto Adige/Südtirol
F265,Moggio,Lecco,LC,Lombardia
F266,Moggio Udinese,Udine,UD,Friuli-Venezia Giulia
F267,Moglia,Mantova,MN,Lombardia
F268,Mogliano,Macerata,MC,Marche
F269,Mogliano Veneto,Treviso,TV,Veneto
F270,Mogorella,Oristano,OR,Sardegna
F271,Ruinas,Oristano,OR,Sardegna
F272,Mogoro,Oristano,OR,Sardegna
F274,Moiano,Benevento,BN,Campania
F275,Moimacco,Udine,UD,Friuli-Venezia Giulia
F276,Moio de' Calvi,Bergamo,BG,Lombardia
F277,Moio Alcantara,Messina,ME,Sicilia
F278,Moio della Civitella,Salerno,SA,Campania
F279,Moiola,Cuneo,CN,Piemonte
F280,Mola di Bari,Bari,BA,Puglia
F281,Molare,Alessandria,AL,Piemonte
F283,Molazzana,Lucca,LU,Toscana
F284,Molfetta,Bari,BA,Puglia
F287,Molinara,Benevento,BN,Campania
F288,Molinella,Bologna,BO,Emilia-Romagna
F290,Molini di Triora,Imperia,IM,Liguria
F293,Molino dei Torti,Alessandria,AL,Piemonte
F294,Molise,Campobasso,CB,Molise
F295,Moliterno,Potenza,PZ,Basilicata
F297,Mollia,Vercelli,VC,Piemonte
F299,Porto Empedocle,Agrigento,AG,Sicilia
F301,Molochio,Reggio Calabria,RC,Calabria
F304,Molteno,Lecco,LC,Lombardia
F305,Moltrasio,Como,CO,Lombardia
F307,Molveno,Trento,TN,Trentino-Alto Adige/Südtirol
F308,Mombaldone,Asti,AT,Piemonte
F309,Mombarcaro,Cuneo,CN,Piemonte
F310,Mombaroccio,Pesaro e Urbino,PU,Marche
F311,Mombaruzzo,Asti,AT,Piemonte
F312,Mombasiglio,Cuneo,CN,Piemonte
F313,Mombello Monferrato,Alessandria,AL,Piemonte
F315,Mombello di Torino,Torino,TO,Piemonte
F316,Mombercelli,Asti,AT,Piemonte
F317,Momo,Novara,NO,Piemonte
F318,Mompantero,Torino,TO,Piemonte
F319,Mompeo,Rieti,RI,Lazio
F320,Momperone,Alessandria,AL,Piemonte
F322,Monacilioni,Campobasso,CB,Molise
F323,Monale,Asti,AT,Piemonte
F324,Monasterace,Reggio Calabria,RC,Calabria
F325,Monastero Bormida,Asti,AT,Piemonte
F326,Monastero di Vasco,Cuneo,CN,Piemonte
F327,Monastero di Lanzo,Torino,TO,Piemonte
F328,Monasterolo del Castello,Bergamo,BG,Lombardia
F329,Monasterolo Casotto,Cuneo,CN,Piemonte
F330,Monasterolo di Savigliano,Cuneo,CN,Piemonte
F332,Monastier di Treviso,Treviso,TV,Veneto
F333,Monastir,Sud Sardegna,SU,Sardegna
F335,Moncalieri,Torino,TO,Piemonte
F336,Moncalvo,Asti,AT,Piemonte
F337,Moncestino,Alessandria,AL,Piemonte
F338,Monchiero,Cuneo,CN,Piemonte
F340,Monchio delle Corti,Parma,PR,Emilia-Romagna
F342,Moncrivello,Vercelli,VC,Piemonte
F343,Moncucco Torinese,Asti,AT,Piemonte
F346,Mondaino,Rimini,RN,Emilia-Romagna
F347,Mondavio,Pesaro e Urbino,PU,Marche
F348,Mondolfo,Pesaro e Urbino,PU,Marche
F351,Mondovì,Cuneo,CN,Piemonte
F352,Mondragone,Caserta,CE,Campania
F354,Moneglia,Genova,GE,Liguria
F355,Monesiglio,Cuneo,CN,Piemonte
F356,Monfalcone,Gorizia,GO,Friuli-Venezia Giulia
F357,Serramazzoni,Modena,MO,Emilia-Romagna
F358,Monforte d'Alba,Cuneo,CN,Piemonte
F359,Monforte San Giorgio,Messina,ME,Sicilia
F360,Monfumo,Treviso,TV,Veneto
F361,Mongardino,Asti,AT,Piemonte
F363,Monghidoro,Bologna,BO,Emilia-Romagna
F364,Mongiana,Vibo Valentia,VV,Calabria
F365,Mongiardino Ligure,Alessandria,AL,Piemonte
F367,Montjovet,Valle d'Aosta/Vallée d'Aoste,AO,Valle d'Aosta/Vallée d'Aoste
F368,Mongiuffi Melia,Messina,ME,Sicilia
F369,Mongrando,Biella,BI,Piemonte
F370,Mongrassano,Cosenza,CS,Calabria
F371,Monguelfo-Tesido,Bolzano/Bozen,BZ,Trentino-Alto Adige/Südtirol
F372,Monguzzo,Como,CO,Lombardia
F373,Moniga del Garda,Brescia,BS,Lombardia
F374,Monleale,Alessandria,AL,Piemonte
F375,Monno,Brescia,BS,Lombardia
F376,Monopoli,Bari,BA,Puglia
F377,Monreale,Palermo,PA,Sicilia
F378,Monrupino,Trieste,TS,Friuli-Venezia Giulia
F379,Monsampietro Morico,Fermo,FM,Marche
F380,Monsampolo del Tronto,Ascoli Piceno,AP,Marche
F381,Monsano,Ancona,AN,Marche
F382,Monselice,Padova,PD,Veneto
F383,Monserrato,Cagliari,CA,Sardegna
F384,Monsummano Terme,Pistoia,PT,Toscana
F385,Montà,Cuneo,CN,Piemonte
F386,Montabone,Asti,AT,Piemonte
F387,Montacuto,Alessandria,AL,Piemonte
F390,Montafia,Asti,AT,Piemonte
F391,Montagano,Campobasso,CB,Molise
F392,Montagna sulla strada del vino,Bolzano/Bozen,BZ,Trentino-Alto Adige/Südtirol
F393,Montagna in Valtellina,Sondrio,SO,Lombardia
F394,Montagnana,Padova,PD,Veneto
F395,Montagnareale,Messina,ME,Sicilia
F397,Montaguto,Avellino,AV,Campania
F398,Montaione,Firenze,FI,Toscana
F399,Montalbano Jonico,Matera,MT,Basilicata
F400,Montalbano Elicona,Messina,ME,Sicilia
F401,Ostra,Ancona,AN,Marche
F403,Montaldeo,Alessandria,AL,Piemonte
F404,Montaldo Bormida,Alessandria,AL,Piemonte
F405,Montaldo di Mondovì,Cuneo,CN,Piemonte
F407,Montaldo Torinese,Torino,TO,Piemonte
F408,Montaldo Roero,Cuneo,CN,Piemonte
F409,Montaldo Scarampi,Asti,AT,Piemonte
F410,Montale,Pistoia,PT,Toscana
F411,Montalenghe,Torino,TO,Piemonte
F414,Montallegro,Agrigento,AG,Sicilia
F415,Montalto delle Marche,Ascoli Piceno,AP,Marche
F416,Montalto Uffugo,Cosenza,CS,Calabria
F417,Montalto Pavese,Pavia,PV,Lombardia
F419,Montalto di Castro,Viterbo,VT,Lazio
F420,Montalto Dora,Torino,TO,Piemonte
F422,Montanaro,Torino,TO,Piemonte
F423,Montanaso Lombardo,Lodi,LO,Lombardia
F424,Montanera,Cuneo,CN,Piemonte
F426,Montano Antilia,Salerno,SA,Campania
F427,Montano Lucino,Como,CO,Lombardia
F428,Montappone,Fermo,FM,Marche
F429,Montaquila,Isernia,IS,Molise
F430,Montasola,Rieti,RI,Lazio
F432,Montauro,Catanzaro,CZ,Calabria
F433,Montazzoli,Chieti,CH,Abruzzo
F434,Monte Cremasco,Cremona,CR,Lombardia
F437,Monte Argentario,Grosseto,GR,Toscana
F440,Montebello della Battaglia,Pavia,PV,Lombardia
F441,Montebello di Bertona,Pescara,PE,Abruzzo
F442,Montebello Vicentino,Vicenza,VI,Veneto
F443,Montebelluna,Treviso,TV,Veneto
F445,Montebruno,Genova,GE,Liguria
F446,Montebuono,Rieti,RI,Lazio
F448,Montecalvo Irpino,Avellino,AV,Campania
F449,Montecalvo Versiggia,Pavia,PV,Lombardia
F450,Montecalvo in Foglia,Pesaro e Urbino,PU,Marche
F452,Montecarlo,Lucca,LU,Toscana
F453,Montecarotto,Ancona,AN,Marche
F454,Montecassiano,Macerata,MC,Marche
F455,Montecastello,Alessandria,AL,Piemonte
F456,Monte Castello di Vibio,Perugia,PG,Umbria
F457,Montecastrilli,Terni,TR,Umbria
F458,Montecatini Val di Cecina,Pisa,PI,Toscana
F460,Monte Cavallo,Macerata,MC,Marche
F461,Montecchia di Crosara,Verona,VR,Veneto
F462,Montecchio,Terni,TR,Umbria
F463,Montecchio Emilia,Reggio nell'Emilia,RE,Emilia-Romagna
F464,Montecchio Maggiore,Vicenza,VI,Veneto
F465,Montecchio Precalcino,Vicenza,VI,Veneto
F467,Monte Cerignone,Pesaro e Urbino,PU,Marche
F468,Montechiaro d'Asti,Asti,AT,Piemonte
F469,Montechiaro d'Acqui,Alessandria,AL,Piemonte
F471,Montichiari,Brescia,BS,Lombardia
F473,Montechiarugolo,Parma,PR,Emilia-Romagna
F475,Montecilfone,Campobasso,CB,Molise
F477,Monte Compatri,Roma,RM,Lazio
F478,Montecopiolo,Rimini,RN,Emilia-Romagna
F479,Montecorice,Salerno,SA,Campania
F480,Montecorvino Pugliano,Salerno,SA,Campania
F481,Montecorvino Rovella,Salerno,SA,Campania
F482,Montecosaro,Macerata,MC,Marche
F483,Montecrestese,Verbano-Cusio-Ossola,VB,Piemonte
F484,Montecreto,Modena,MO,Emilia-Romagna
F486,Monte di Malo,Vicenza,VI,Veneto
F487,Montedinove,Ascoli Piceno,AP,Marche
F488,Monte di Procida,Napoli,NA,Campania
F489,Montedoro,Caltanissetta,CL,Sicilia
F491,Montefalcione,Avellino,AV,Campania
F492,Montefalco,Perugia,PG,Umbria
F493,Montefalcone Appennino,Fermo,FM,Marche
F494,Montefalcone di Val Fortore,Benevento,BN,Campania
F495,Montefalcone nel Sannio,Campobasso,CB,Molise
F496,Montefano,Macerata,MC,Marche
F497,Montefelcino,Pesaro e Urbino,PU,Marche
F498,Monteferrante,Chieti,CH,Abruzzo
F499,Montefiascone,Viterbo,VT,Lazio
F500,Montefino,Teramo,TE,Abruzzo
F501,Montefiore dell'Aso,Ascoli Piceno,AP,Marche
F502,Montefiore Conca,Rimini,RN,Emilia-Romagna
F503,Montefiorino,Modena,MO,Emilia-Romagna
F504,Monteflavio,Roma,RM,Lazio
F506,Monteforte Irpino,Avellino,AV,Campania
F507,Monteforte Cilento,Salerno,SA,Campania
F508,Monteforte d'Alpone,Verona,VR,Veneto
F509,Montefortino,Fermo,FM,Marche
F510,Montefranco,Terni,TR,Umbria
F511,Montefredane,Avellino,AV,Campania
F512,Montefusco,Avellino,AV,Campania
F513,Montegabbione,Terni,TR,Umbria
F514,Montegalda,Vicenza,VI,Veneto
F515,Montegaldella,Vicenza,VI,Veneto
F516,Montegallo,Ascoli Piceno,AP,Marche
F517,Monte Giberto,Fermo,FM,Marche
F518,Montegioco,Alessandria,AL,Piemonte
F519,Montegiordano,Cosenza,CS,Calabria
F520,Montegiorgio,Fermo,FM,Marche
F522,Montegranaro,Fermo,FM,Marche
F523,Montegridolfo,Rimini,RN,Emilia-Romagna
F524,Monte Grimano Terme,Pesaro e Urbino,PU,Marche
F526,Montegrino Valtravaglia,Varese,VA,Lombardia
F527,Montegrosso d'Asti,Asti,AT,Piemonte
F528,Montegrosso Pian Latte,Imperia,IM,Liguria
F529,Montegrotto Terme,Padova,PD,Veneto
F531,Monteiasi,Taranto,TA,Puglia
F532,Monte Isola,Brescia,BS,Lombardia
F533,Montelabbate,Pesaro e Urbino,PU,Marche
F534,Montelanico,Roma,RM,Lazio
F535,Montelapiano,Chieti,CH,Abruzzo
F536,Monteleone di Fermo,Fermo,FM,Marche
F537,Vibo Valentia,Vibo Valentia,VV,Calabria
F538,Monteleone di Puglia,Foggia,FG,Puglia
F540,Monteleone di Spoleto,Perugia,PG,Umbria
F541,Monteleone Sabino,Rieti,RI,Lazio
F542,Monteleone Rocca Doria,Sassari,SS,Sardegna
F543,Monteleone d'Orvieto,Terni,TR,Umbria
F544,Montelepre,Palermo,PA,Sicilia
F545,Montelibretti,Roma,RM,Lazio
F546,Montella,Avellino,AV,Campania
F547,Montello,Bergamo,BG,Lombardia
F548,Montelongo,Campobasso,CB,Molise
F549,Montelparo,Fermo,FM,Marche
F550,Montelupo Albese,Cuneo,CN,Piemonte
F551,Montelupo Fiorentino,Firenze,FI,Toscana
F552,Montelupone,Macerata,MC,Marche
F553,Montemaggiore Belsito,Palermo,PA,Sicilia
F556,Montemagno Monferrato,Asti,AT,Piemonte
F557,Sant'Arcangelo Trimonte,Benevento,BN,Campania
F558,Montemale di Cuneo,Cuneo,CN,Piemonte
F559,Montemarano,Avellino,AV,Campania
F560,Montemarciano,Ancona,AN,Marche
F561,Monte Marenzo,Lecco,LC,Lombardia
F562,Montemarzino,Alessandria,AL,Piemonte
F563,Montemesola,Taranto,TA,Puglia
F564,Montemezzo,Como,CO,Lombardia
F565,Montemignaio,Arezzo,AR,Toscana
F566,Montemiletto,Avellino,AV,Campania
F567,Pollenza,Macerata,MC,Marche
F568,Montemilone,Potenza,PZ,Basilicata
F569,Montemitro,Campobasso,CB,Molise
F570,Montemonaco,Ascoli Piceno,AP,Marche
F572,Montemurlo,Prato,PO,Toscana
F573,Montemurro,Potenza,PZ,Basilicata
F574,Montenars,Udine,UD,Friuli-Venezia Giulia
F576,Montenero di Bisaccia,Campobasso,CB,Molise
F578,Montenerodomo,Chieti,CH,Abruzzo
F579,Montenero Sabino,Rieti,RI,Lazio
F580,Montenero Val Cocchiara,Isernia,IS,Molise
F581,Ostra Vetere,Ancona,AN,Marche
F582,Monteodorisio,Chieti,CH,Abruzzo
F585,Roseto degli Abruzzi,Teramo,TE,Abruzzo
F586,Montepaone,Catanzaro,CZ,Calabria
F587,Monteparano,Taranto,TA,Puglia
F589,Monte Porzio,Pesaro e Urbino,PU,Marche
F590,Monte Porzio Catone,Roma,RM,Lazio
F591,Monteprandone,Ascoli Piceno,AP,Marche
F592,Montepulciano,Siena,SI,Toscana
F594,Monterchi,Arezzo,AR,Toscana
F595,Montereale,L'Aquila,AQ,Abruzzo
F596,Montereale Valcellina,Pordenone,PN,Friuli-Venezia Giulia
F597,Monterenzio,Bologna,BO,Emilia-Romagna
F598,Monteriggioni,Siena,SI,Toscana
F599,Monte Rinaldo,Fermo,FM,Marche
F600,Monte Roberto,Ancona,AN,Marche
F601,Monteroduni,Isernia,IS,Molise
F603,Monte Romano,Viterbo,VT,Lazio
F604,Monteroni di Lecce,Lecce,LE,Puglia
F605,Monteroni d'Arbia,Siena,SI,Toscana
F606,Monterosi,Viterbo,VT,Lazio
F607,Monterosso Calabro,Vibo Valentia,VV,Calabria
F608,Monterosso Grana,Cuneo,CN,Piemonte
F609,Monterosso al Mare,La Spezia,SP,Liguria
F610,Monterosso Almo,Ragusa,RG,Sicilia
F611,Monterotondo,Roma,RM,Lazio
F612,Monterotondo Marittimo,Grosseto,GR,Toscana
F614,Monterubbiano,Fermo,FM,Marche
F616,Monte San Biagio,Latina,LT,Lazio
F618,Monte San Giacomo,Salerno,SA,Campania
F619,Monte San Giovanni in Sabina,Rieti,RI,Lazio
F620,Monte San Giovanni Campano,Frosinone,FR,Lazio
F621,Monte San Giusto,Macerata,MC,Marche
F622,Monte San Martino,Macerata,MC,Marche
F623,Montesano Salentino,Lecce,LE,Puglia
F625,Montesano sulla Marcellana,Salerno,SA,Campania
F626,Monte San Pietrangeli,Fermo,FM,Marche
F627,Monte San Pietro,Bologna,BO,Emilia-Romagna
F628,Monte San Savino,Arezzo,AR,Toscana
F629,Monte Santa Maria Tiberina,Perugia,PG,Umbria
F631,Monte Sant'Angelo,Foggia,FG,Puglia
F632,Potenza Picena,Macerata,MC,Marche
F634,Monte San Vito,Ancona,AN,Marche
F636,Montesarchio,Benevento,BN,Campania
F637,Montescaglioso,Matera,MT,Basilicata
F638,Montescano,Pavia,PV,Lombardia
F639,Montescheno,Verbano-Cusio-Ossola,VB,Piemonte
F640,Montescudaio,Pisa,PI,Toscana
F642,Montese,Modena,MO,Emilia-Romagna
F644,Montesegale,Pavia,PV,Lombardia
F646,Montesilvano,Pescara,PE,Abruzzo
F648,Montespertoli,Firenze,FI,Toscana
F651,Monteu da Po,Torino,TO,Piemonte
F653,Monte Urano,Fermo,FM,Marche
F654,Monteu Roero,Cuneo,CN,Piemonte
F655,Montevago,Agrigento,AG,Sicilia
F656,Montevarchi,Arezzo,AR,Toscana
F657,Montevecchia,Lecco,LC,Lombardia
F660,Monteverde,Avellino,AV,Campania
F661,Monteverdi Marittimo,Pisa,PI,Toscana
F662,Monteviale,Vicenza,VI,Veneto
F664,Monte Vidon Combatte,Fermo,FM,Marche
F665,Monte Vidon Corrado,Fermo,FM,Marche
F666,Montezemolo,Cuneo,CN,Piemonte
F667,Monti,Sassari,SS,Sardegna
F668,Montiano,Forlì-Cesena,FC,Emilia-Romagna
F669,Monticello d'Alba,Cuneo,CN,Piemonte
F670,Monticelli Pavese,Pavia,PV,Lombardia
F671,Monticelli d'Ongina,Piacenza,PC,Emilia-Romagna
F672,Monticelli Brusati,Brescia,BS,Lombardia
F674,Monticello Brianza,Lecco,LC,Lombardia
F675,Monticello Conte Otto,Vicenza,VI,Veneto
F676,Monticiano,Siena,SI,Toscana
F677,Montieri,Grosseto,GR,Toscana
F679,Montignoso,Massa-Carrara,MS,Toscana
F680,Montirone,Brescia,BS,Lombardia
F681,Montodine,Cremona,CR,Lombardia
F682,Montoggio,Genova,GE,Liguria
F685,Montone,Perugia,PG,Umbria
F686,Montopoli in Val d'Arno,Pisa,PI,Toscana
F687,Montopoli di Sabina,Rieti,RI,Lazio
F688,Montorfano,Como,CO,Lombardia
F689,Montorio nei Frentani,Campobasso,CB,Molise
F690,Montorio al Vomano,Teramo,TE,Abruzzo
F692,Montorio Romano,Roma,RM,Lazio
F696,Montorso Vicentino,Vicenza,VI,Veneto
F697,Montottone,Fermo,FM,Marche
F698,Montresta,Oristano,OR,Sardegna
F701,Montù Beccaria,Pavia,PV,Lombardia
F703,Monvalle,Varese,VA,Lombardia
F704,Monza,Monza e della Brianza,MB,Lombardia
F705,Monzambano,Mantova,MN,Lombardia
F706,Monzuno,Bologna,BO,Emilia-Romagna
F707,Morano sul Po,Alessandria,AL,Piemonte
F708,Morano Calabro,Cosenza,CS,Calabria
F710,Moraro,Gorizia,GO,Friuli-Venezia Giulia
F711,Morazzone,Varese,VA,Lombardia
F712,Morbegno,Sondrio,SO,Lombardia
F713,Morbello,Alessandria,AL,Piemonte
F715,Morciano di Romagna,Rimini,RN,Emilia-Romagna
F716,Morciano di Leuca,Lecce,LE,Puglia
F717,Morcone,Benevento,BN,Campania
F718,Mordano,Bologna,BO,Emilia-Romagna
F720,Morengo,Bergamo,BG,Lombardia
F721,Mores,Sassari,SS,Sardegna
F722,Moresco,Fermo,FM,Marche
F723,Moretta,Cuneo,CN,Piemonte
F724,Morfasso,Piacenza,PC,Emilia-Romagna
F725,Morgano,Treviso,TV,Veneto
F726,Morgex,Valle d'Aosta/Vallée d'Aoste,AO,Valle d'Aosta/Vallée d'Aoste
F727,Morgongiori,Oristano,OR,Sardegna
F728,Mori,Trento,TN,Trentino-Alto Adige/Südtirol
F729,Moriago della Battaglia,Treviso,TV,Veneto
F730,Moricone,Roma,RM,Lazio
F731,Morigerati,Salerno,SA,Campania
F732,Morino,L'Aquila,AQ,Abruzzo
F733,Moriondo Torinese,Torino,TO,Piemonte
F734,Morlupo,Roma,RM,Lazio
F735,Mormanno,Cosenza,CS,Calabria
F736,Mornago,Varese,VA,Lombardia
F737,Mornese,Alessandria,AL,Piemonte
F738,Mornico al Serio,Bergamo,BG,Lombardia
F739,Mornico Losana,Pavia,PV,Lombardia
F740,Morolo,Frosinone,FR,Lazio
F743,Morozzo,Cuneo,CN,Piemonte
F744,Morra De Sanctis,Avellino,AV,Campania
F745,Morro d'Alba,Ancona,AN,Marche
F746,Morro Reatino,Rieti,RI,Lazio
F747,Morro d'Oro,Teramo,TE,Abruzzo
F748,Morrone del Sannio,Campobasso,CB,Molise
F749,Morrovalle,Macerata,MC,Marche
F750,Morsano al Tagliamento,Pordenone,PN,Friuli-Venezia Giulia
F751,Morsasco,Alessandria,AL,Piemonte
F754,Mortara,Pavia,PV,Lombardia
F756,Mortegliano,Udine,UD,Friuli-Venezia Giulia
F758,Morterone,Lecco,LC,Lombardia
F760,Moruzzo,Udine,UD,Friuli-Venezia Giulia
F761,Moscazzano,Cremona,CR,Lombardia
F762,Moschiano,Avellino,AV,Campania
F764,Mosciano Sant'Angelo,Teramo,TE,Abruzzo
F765,Moscufo,Pescara,PE,Abruzzo
F766,Moso in Passiria,Bolzano/Bozen,BZ,Trentino-Alto Adige/Südtirol
F767,Mossa,Gorizia,GO,Friuli-Venezia Giulia
F770,Motta di Livenza,Treviso,TV,Veneto
F771,Motta Baluffi,Cremona,CR,Lombardia
F772,Motta Camastra,Messina,ME,Sicilia
F773,Motta d'Affermo,Messina,ME,Sicilia
F774,Motta de' Conti,Vercelli,VC,Piemonte
F775,Mottafollone,Cosenza,CS,Calabria
F776,Mottalciata,Biella,BI,Piemonte
F777,Motta Montecorvino,Foggia,FG,Puglia
F779,Motta San Giovanni,Reggio Calabria,RC,Calabria
F780,Motta Santa Lucia,Catanzaro,CZ,Calabria
F781,Motta Sant'Anastasia,Catania,CT,Sicilia
F783,Motta Visconti,Milano,MI,Lombardia
F784,Mottola,Taranto,TA,Puglia
F785,Mozzagrogna,Chieti,CH,Abruzzo
F786,Mozzanica,Bergamo,BG,Lombardia
F788,Mozzate,Como,CO,Lombardia
F789,Mozzecane,Verona,VR,Veneto
F791,Mozzo,Bergamo,BG,Lombardia
F793,Muccia,Macerata,MC,Marche
F795,Muggia,Trieste,TS,Friuli-Venezia Giulia
F797,Muggiò,Monza e della Brianza,MB,Lombardia
F798,Mugnano del Cardinale,Avellino,AV,Campania
F799,Mugnano di Napoli,Napoli,NA,Campania
F801,Mulazzano,Lodi,LO,Lombardia
F802,Mulazzo,Massa-Carrara,MS,Toscana
F806,Mura,Brescia,BS,Lombardia
F808,Muravera,Sud Sardegna,SU,Sardegna
F809,Murazzano,Cuneo,CN,Piemonte
F810,Salcedo,Vicenza,VI,Veneto
F811,Murello,Cuneo,CN,Piemonte
F813,Murialdo,Savona,SV,Liguria
F814,Murisengo,Alessandria,AL,Piemonte
F815,Murlo,Siena,SI,Toscana
F816,Muro Leccese,Lecce,LE,Puglia
F817,Muro Lucano,Potenza,PZ,Basilicata
F818,Muros,Sassari,SS,Sardegna
F820,Muscoline,Brescia,BS,Lombardia
F822,Musei,Sud Sardegna,SU,Sardegna
F826,Musile di Piave,Venezia,VE,Veneto
F828,Musso,Como,CO,Lombardia
F829,Mussolente,Vicenza,VI,Veneto
F830,Mussomeli,Caltanissetta,CL,Sicilia
F831,Pineto,Teramo,TE,Abruzzo
F832,Muzzana del Turgnano,Udine,UD,Friuli-Venezia Giulia
F833,Muzzano,Biella,BI,Piemonte
F835,Nago-Torbole,Trento,TN,Trentino-Alto Adige/Südtirol
F836,Nalles,Bolzano/Bozen,BZ,Trentino-Alto Adige/Südtirol
F838,Nanto,Vicenza,VI,Veneto
F839,Napoli,Napoli,NA,Campania
F840,Narbolia,Oristano,OR,Sardegna
F841,Narcao,Sud Sardegna,SU,Sardegna
F842,Nardò,Lecce,LE,Puglia
F843,Nardodipace,Vibo Valentia,VV,Calabria
F844,Narni,Terni,TR,Umbria
F845,Naro,Agrigento,AG,Sicilia
F846,Narzole,Cuneo,CN,Piemonte
F847,Nasino,Savona,SV,Liguria
F848,Naso,Messina,ME,Sicilia
F849,Naturno,Bolzano/Bozen,BZ,Trentino-Alto Adige/Südtirol
F851,Nave,Brescia,BS,Lombardia
F852,Navelli,L'Aquila,AQ,Abruzzo
F856,Naz-Sciaves,Bolzano/Bozen,BZ,Trentino-Alto Adige/Südtirol
F857,Nazzano,Roma,RM,Lazio
F858,Ne,Genova,GE,Liguria
F859,Nebbiuno,Novara,NO,Piemonte
F861,Negrar di Valpolicella,Verona,VR,Veneto
F862,Neirone,Genova,GE,Liguria
F863,Neive,Cuneo,CN,Piemonte
F864,Nembro,Bergamo,BG,Lombardia
F865,Nemi,Roma,RM,Lazio
F866,Nemoli,Potenza,PZ,Basilicata
F867,Neoneli,Oristano,OR,Sardegna
F868,Nepi,Viterbo,VT,Lazio
F870,Nereto,Teramo,TE,Abruzzo
F871,Nerola,Roma,RM,Lazio
F872,Nervesa della Battaglia,Treviso,TV,Veneto
F874,Nerviano,Milano,MI,Lombardia
F876,Nespolo,Rieti,RI,Lazio
F877,Nesso,Como,CO,Lombardia
F878,Netro,Biella,BI,Piemonte
F880,Nettuno,Roma,RM,Lazio
F881,Neviano,Lecce,LE,Puglia
F882,Neviano degli Arduini,Parma,PR,Emilia-Romagna
F883,Neviglie,Cuneo,CN,Piemonte
F884,Niardo,Brescia,BS,Lombardia
F886,Nibbiola,Novara,NO,Piemonte
F887,Nibionno,Lecco,LC,Lombardia
F889,Nichelino,Torino,TO,Piemonte
F890,Nicolosi,Catania,CT,Sicilia
F891,Nicorvo,Pavia,PV,Lombardia
F892,Nicosia,Enna,EN,Sicilia
F893,Nicotera,Vibo Valentia,VV,Calabria
F894,Niella Belbo,Cuneo,CN,Piemonte
F895,Niella Tanaro,Cuneo,CN,Piemonte
F898,Nimis,Udine,UD,Friuli-Venezia Giulia
F899,Niscemi,Caltanissetta,CL,Sicilia
F900,Nissoria,Enna,EN,Sicilia
F901,Nizza di Sicilia,Messina,ME,Sicilia
F902,Nizza Monferrato,Asti,AT,Piemonte
F904,Noale,Venezia,VE,Veneto
F906,Noasca,Torino,TO,Piemonte
F907,Nocara,Cosenza,CS,Calabria
F908,Nocciano,Pescara,PE,Abruzzo
F910,Nocera Terinese,Catanzaro,CZ,Calabria
F911,Nocera Umbra,Perugia,PG,Umbria
F912,Nocera Inferiore,Salerno,SA,Campania
F913,Nocera Superiore,Salerno,SA,Campania
F914,Noceto,Parma,PR,Emilia-Romagna
F915,Noci,Bari,BA,Puglia
F916,Nociglia,Lecce,LE,Puglia
F917,Noepoli,Potenza,PZ,Basilicata
F918,Nogara,Verona,VR,Veneto
F920,Nogaredo,Trento,TN,Trentino-Alto Adige/Südtirol
F921,Nogarole Rocca,Verona,VR,Veneto
F922,Nogarole Vicentino,Vicenza,VI,Veneto
F923,Noicattaro,Bari,BA,Puglia
F924,Nola,Napoli,NA,Campania
F925,Nole,Torino,TO,Piemonte
F926,Noli,Savona,SV,Liguria
F927,Nomaglio,Torino,TO,Piemonte
F929,Nomi,Trento,TN,Trentino-Alto Adige/Südtirol
F930,Nonantola,Modena,MO,Emilia-Romagna
F931,None,Torino,TO,Piemonte
F932,Nonio,Verbano-Cusio-Ossola,VB,Piemonte
F933,Noragugume,Nuoro,NU,Sardegna
F934,Norbello,Oristano,OR,Sardegna
F935,Norcia,Perugia,PG,Umbria
F937,Norma,Latina,LT,Lazio
F939,Nosate,Milano,MI,Lombardia
F941,Ponte Nossa,Bergamo,BG,Lombardia
F942,Notaresco,Teramo,TE,Abruzzo
F943,Noto,Siracusa,SR,Sicilia
F944,Nova Milanese,Monza e della Brianza,MB,Lombardia
F947,Novaledo,Trento,TN,Trentino-Alto Adige/Südtirol
F948,Novalesa,Torino,TO,Piemonte
F949,Nova Levante,Bolzano/Bozen,BZ,Trentino-Alto Adige/Südtirol
F950,Nova Ponente,Bolzano/Bozen,BZ,Trentino-Alto Adige/Südtirol
F951,Novara di Sicilia,Messina,ME,Sicilia
F952,Novara,Novara,NO,Piemonte
F955,Novate Milanese,Milano,MI,Lombardia
F956,Novate Mezzola,Sondrio,SO,Lombardia
F957,Nove,Vicenza,VI,Veneto
F958,Novedrate,Como,CO,Lombardia
F960,Novellara,Reggio nell'Emilia,RE,Emilia-Romagna
F961,Novello,Cuneo,CN,Piemonte
F962,Noventa Padovana,Padova,PD,Veneto
F963,Noventa di Piave,Venezia,VE,Veneto
F964,Noventa Vicentina,Vicenza,VI,Veneto
F965,Novi Ligure,Alessandria,AL,Piemonte
F966,Novi di Modena,Modena,MO,Emilia-Romagna
F967,Novi Velia,Salerno,SA,Campania
F968,Noviglio,Milano,MI,Lombardia
F970,Novoli,Lecce,LE,Puglia
F972,Nucetto,Cuneo,CN,Piemonte
F974,Nughedu Santa Vittoria,Oristano,OR,Sardegna
F975,Nughedu San Nicolò,Sassari,SS,Sardegna
F976,Nule,Sassari,SS,Sardegna
F977,Nulvi,Sassari,SS,Sardegna
F978,Numana,Ancona,AN,Marche
F979,Nuoro,Nuoro,NU,Sardegna
F980,Nurachi,Oristano,OR,Sardegna
F981,Nuragus,Sud Sardegna,SU,Sardegna
F982,Nurallao,Sud Sardegna,SU,Sardegna
F983,Nuraminis,Sud Sardegna,SU,Sardegna
F985,Nureci,Oristano,OR,Sardegna
F986,Nurri,Sud Sardegna,SU,Sardegna
F987,Nus,Valle d'Aosta/Vallée d'Aoste,AO,Valle d'Aosta/Vallée d'Aoste
F988,Nusco,Avellino,AV,Campania
F989,Nuvolento,Brescia,BS,Lombardia
F990,Nuvolera,Brescia,BS,Lombardia
F991,Nuxis,Sud Sardegna,SU,Sardegna
F992,Occhieppo Inferiore,Biella,BI,Piemonte
F993,Occhieppo Superiore,Biella,BI,Piemonte
F994,Occhiobello,Rovigo,RO,Veneto
F995,Occimiano,Alessandria,AL,Piemonte
F996,Ocre,L'Aquila,AQ,Abruzzo
F997,Odalengo Grande,Alessandria,AL,Piemonte
F998,Odalengo Piccolo,Alessandria,AL,Piemonte
F999,Oderzo,Treviso,TV,Veneto
G001,Odolo,Brescia,BS,Lombardia
G002,Ofena,L'Aquila,AQ,Abruzzo
G003,Offagna,Ancona,AN,Marche
G004,Offanengo,Cremona,CR,Lombardia
G005,Offida,Ascoli Piceno,AP,Marche
G006,Offlaga,Brescia,BS,Lombardia
G007,Oggebbio,Verbano-Cusio-Ossola,VB,Piemonte
G008,Oggiona con Santo Stefano,Varese,VA,Lombardia
G009,Oggiono,Lecco,LC,Lombardia
G010,Oglianico,Torino,TO,Piemonte
G011,Ogliastro Cilento,Salerno,SA,Campania
G012,Oyace,Valle d'Aosta/Vallée d'Aoste,AO,Valle d'Aosta/Vallée d'Aoste
G015,Olbia,Sassari,SS,Sardegna
G016,Olcenengo,Vercelli,VC,Piemonte
G018,Oldenico,Vercelli,VC,Piemonte
G019,Oleggio,Novara,NO,Piemonte
G020,Oleggio Castello,Novara,NO,Piemonte
G021,Olevano di Lomellina,Pavia,PV,Lombardia
G022,Olevano Romano,Roma,RM,Lazio
G023,Olevano sul Tusciano,Salerno,SA,Campania
G025,Olgiate Comasco,Como,CO,Lombardia
G026,Olgiate Molgora,Lecco,LC,Lombardia
G028,Olgiate Olona,Varese,VA,Lombardia
G030,Olginate,Lecco,LC,Lombardia
G031,Oliena,Nuoro,NU,Sardegna
G032,Oliva Gessi,Pavia,PV,Lombardia
G034,Olivadi,Catanzaro,CZ,Calabria
G036,Oliveri,Messina,ME,Sicilia
G037,Oliveto Lucano,Matera,MT,Basilicata
G039,Oliveto Citra,Salerno,SA,Campania
G040,Oliveto Lario,Lecco,LC,Lombardia
G041,Olivetta San Michele,Imperia,IM,Liguria
G042,Olivola,Alessandria,AL,Piemonte
G043,Ollastra,Oristano,OR,Sardegna
G044,Ollolai,Nuoro,NU,Sardegna
G045,Ollomont,Valle d'Aosta/Vallée d'Aoste,AO,Valle d'Aosta/Vallée d'Aoste
G046,Olmedo,Sassari,SS,Sardegna
G047,Olmeneta,Cremona,CR,Lombardia
G048,Olmo Gentile,Asti,AT,Piemonte
G049,Olmo al Brembo,Bergamo,BG,Lombardia
G050,Oltre il Colle,Bergamo,BG,Lombardia
G054,Oltressenda Alta,Bergamo,BG,Lombardia
G056,Oltrona di San Mamette,Como,CO,Lombardia
G058,Olzai,Nuoro,NU,Sardegna
G061,Ome,Brescia,BS,Lombardia
G062,Omegna,Verbano-Cusio-Ossola,VB,Piemonte
G063,Omignano,Salerno,SA,Campania
G064,Onanì,Nuoro,NU,Sardegna
G065,Onano,Viterbo,VT,Lazio
G066,Oncino,Cuneo,CN,Piemonte
G068,Oneta,Bergamo,BG,Lombardia
G070,Onifai,Nuoro,NU,Sardegna
G071,Oniferi,Nuoro,NU,Sardegna
G074,Ono San Pietro,Brescia,BS,Lombardia
G075,Onore,Bergamo,BG,Lombardia
G076,Onzo,Savona,SV,Liguria
G078,Opera,Milano,MI,Lombardia
G079,Opi,L'Aquila,AQ,Abruzzo
G080,Oppeano,Verona,VR,Veneto
G081,Oppido Lucano,Potenza,PZ,Basilicata
G082,Oppido Mamertina,Reggio Calabria,RC,Calabria
G083,Ora,Bolzano/Bozen,BZ,Trentino-Alto Adige/Südtirol
G084,Orani,Nuoro,NU,Sardegna
G086,Oratino,Campobasso,CB,Molise
G087,Orbassano,Torino,TO,Piemonte
G088,Orbetello,Grosseto,GR,Toscana
G090,Orciano Pisano,Pisa,PI,Toscana
G093,Orero,Genova,GE,Liguria
G095,Orgiano,Vicenza,VI,Veneto
G096,Pieve Fissiraga,Lodi,LO,Lombardia
G097,Orgosolo,Nuoro,NU,Sardegna
G098,Oria,Brindisi,BR,Puglia
G102,Oricola,L'Aquila,AQ,Abruzzo
G103,Origgio,Varese,VA,Lombardia
G105,Orino,Varese,VA,Lombardia
G107,Orio Litta,Lodi,LO,Lombardia
G108,Orio al Serio,Bergamo,BG,Lombardia
G109,Orio Canavese,Torino,TO,Piemonte
G110,Oriolo,Cosenza,CS,Calabria
G111,Oriolo Romano,Viterbo,VT,Lazio
G113,Oristano,Oristano,OR,Sardegna
G114,Ormea,Cuneo,CN,Piemonte
G115,Ormelle,Treviso,TV,Veneto
G116,Ornago,Monza e della Brianza,MB,Lombardia
G117,Ornavasso,Verbano-Cusio-Ossola,VB,Piemonte
G118,Ornica,Bergamo,BG,Lombardia
G119,Orosei,Nuoro,NU,Sardegna
G120,Orotelli,Nuoro,NU,Sardegna
G121,Orria,Salerno,SA,Campania
G122,Orroli,Sud Sardegna,SU,Sardegna
G123,Orsago,Treviso,TV,Veneto
G124,Orsara Bormida,Alessandria,AL,Piemonte
G125,Orsara di Puglia,Foggia,FG,Puglia
G126,Orsenigo,Como,CO,Lombardia
G128,Orsogna,Chieti,CH,Abruzzo
G129,Orsomarso,Cosenza,CS,Calabria
G130,Orta di Atella,Caserta,CE,Campania
G131,Orta Nova,Foggia,FG,Puglia
G133,Ortacesus,Sud Sardegna,SU,Sardegna
G134,Orta San Giulio,Novara,NO,Piemonte
G135,Orte,Viterbo,VT,Lazio
G136,Ortelle,Lecce,LE,Puglia
G137,Ortezzano,Fermo,FM,Marche
G139,Ortignano Raggiolo,Arezzo,AR,Toscana
G140,Ortisei,Bolzano/Bozen,BZ,Trentino-Alto Adige/Südtirol
G141,Ortona,Chieti,CH,Abruzzo
G142,Ortona dei Marsi,L'Aquila,AQ,Abruzzo
G143,Luni,La Spezia,SP,Liguria
G144,Ortovero,Savona,SV,Liguria
G145,Ortucchio,L'Aquila,AQ,Abruzzo
G146,Ortueri,Nuoro,NU,Sardegna
G147,Orune,Nuoro,NU,Sardegna
G148,Orvieto,Terni,TR,Umbria
G149,Orzinuovi,Brescia,BS,Lombardia
G150,Orzivecchi,Brescia,BS,Lombardia
G151,Osasco,Torino,TO,Piemonte
G152,Osasio,Torino,TO,Piemonte
G153,Oschiri,Sassari,SS,Sardegna
G154,Osidda,Nuoro,NU,Sardegna
G155,Osiglia,Savona,SV,Liguria
G156,Osilo,Sassari,SS,Sardegna
G157,Osimo,Ancona,AN,Marche
G158,Osini,Nuoro,NU,Sardegna
G159,Osio Sopra,Bergamo,BG,Lombardia
G160,Osio Sotto,Bergamo,BG,Lombardia
G161,Osnago,Lecco,LC,Lombardia
G163,Osoppo,Udine,UD,Friuli-Venezia Giulia
G164,Ospedaletti,Imperia,IM,Liguria
G165,Ospedaletto d'Alpinolo,Avellino,AV,Campania
G166,Ospedaletto Lodigiano,Lodi,LO,Lombardia
G167,Ospedaletto Euganeo,Padova,PD,Veneto
G168,Ospedaletto,Trento,TN,Trentino-Alto Adige/Südtirol
G169,Ospitale di Cadore,Belluno,BL,Veneto
G170,Ospitaletto,Brescia,BS,Lombardia
G171,Ossago Lodigiano,Lodi,LO,Lombardia
G173,Ossana,Trento,TN,Trentino-Alto Adige/Südtirol
G178,Ossi,Sassari,SS,Sardegna
G179,Ossimo,Brescia,BS,Lombardia
G181,Ossona,Milano,MI,Lombardia
G183,Ostana,Cuneo,CN,Piemonte
G184,Ostellato,Ferrara,FE,Emilia-Romagna
G185,Ostiano,Cremona,CR,Lombardia
G186,Ostiglia,Mantova,MN,Lombardia
G187,Ostuni,Brindisi,BR,Puglia
G188,Otranto,Lecce,LE,Puglia
G189,Otricoli,Terni,TR,Umbria
G190,Ottaviano,Napoli,NA,Campania
G191,Ottana,Nuoro,NU,Sardegna
G192,Ottati,Salerno,SA,Campania
G193,Ottiglio,Alessandria,AL,Piemonte
G194,Ottobiano,Pavia,PV,Lombardia
G195,Ottone,Piacenza,PC,Emilia-Romagna
G196,Oulx,Torino,TO,Piemonte
G197,Ovada,Alessandria,AL,Piemonte
G198,Ovaro,Udine,UD,Friuli-Venezia Giulia
G199,Oviglio,Alessandria,AL,Piemonte
G200,Ovindoli,L'Aquila,AQ,Abruzzo
G201,Ovodda,Nuoro,NU,Sardegna
G202,Ozegna,Torino,TO,Piemonte
G203,Ozieri,Sassari,SS,Sardegna
G204,Ozzano Monferrato,Alessandria,AL,Piemonte
G205,Ozzano dell'Emilia,Bologna,BO,Emilia-Romagna
G206,Ozzero,Milano,MI,Lombardia
G207,Pabillonis,Sud Sardegna,SU,Sardegna
G208,Paceco,Trapani,TP,Sicilia
G209,Pace del Mela,Messina,ME,Sicilia
G210,Pacentro,L'Aquila,AQ,Abruzzo
G211,Pachino,Siracusa,SR,Sicilia
G212,Paciano,Perugia,PG,Umbria
G213,Padenghe sul Garda,Brescia,BS,Lombardia
G215,Paderna,Alessandria,AL,Piemonte
G217,Paderno Franciacorta,Brescia,BS,Lombardia
G218,Paderno d'Adda,Lecco,LC,Lombardia
G220,Paderno Dugnano,Milano,MI,Lombardia
G222,Paderno Ponchielli,Cremona,CR,Lombardia
G223,Robbiate,Lecco,LC,Lombardia
G224,Padova,Padova,PD,Veneto
G225,Padria,Sassari,SS,Sardegna
G226,Padula,Salerno,SA,Campania
G227,Paduli,Benevento,BN,Campania
G228,Paesana,Cuneo,CN,Piemonte
G229,Paese,Treviso,TV,Veneto
G230,Pagani,Salerno,SA,Campania
G232,Paganico Sabino,Rieti,RI,Lazio
G233,Pagazzano,Bergamo,BG,Lombardia
G234,Pagliara,Messina,ME,Sicilia
G237,Paglieta,Chieti,CH,Abruzzo
G238,Pagnacco,Udine,UD,Friuli-Venezia Giulia
G240,Pagno,Cuneo,CN,Piemonte
G241,Pagnona,Lecco,LC,Lombardia
G242,Pago del Vallo di Lauro,Avellino,AV,Campania
G243,Pago Veiano,Benevento,BN,Campania
G247,Paisco Loveno,Brescia,BS,Lombardia
G248,Paitone,Brescia,BS,Lombardia
G249,Paladina,Bergamo,BG,Lombardia
G250,Palagano,Modena,MO,Emilia-Romagna
G251,Palagianello,Taranto,TA,Puglia
G252,Palagiano,Taranto,TA,Puglia
G253,Palagonia,Catania,CT,Sicilia
G254,Palaia,Pisa,PI,Toscana
G255,Palanzano,Parma,PR,Emilia-Romagna
G257,Palata,Campobasso,CB,Molise
G258,Palau,Sassari,SS,Sardegna
G259,Palazzago,Bergamo,BG,Lombardia
G260,Palazzo Pignano,Cremona,CR,Lombardia
G261,Palazzo San Gervasio,Potenza,PZ,Basilicata
G262,Palazzo Canavese,Torino,TO,Piemonte
G263,Palazzo Adriano,Palermo,PA,Sicilia
G264,Palazzolo sull'Oglio,Brescia,BS,Lombardia
G266,Palazzolo Vercellese,Vercelli,VC,Piemonte
G267,Palazzolo Acreide,Siracusa,SR,Sicilia
G268,Palazzolo dello Stella,Udine,UD,Friuli-Venezia Giulia
G270,Palazzuolo sul Senio,Firenze,FI,Toscana
G271,Palena,Chieti,CH,Abruzzo
G272,Palermiti,Catanzaro,CZ,Calabria
G273,Palermo,Palermo,PA,Sicilia
G274,Palestrina,Roma,RM,Lazio
G275,Palestro,Pavia,PV,Lombardia
G276,Paliano,Frosinone,FR,Lazio
G277,Palizzi,Reggio Calabria,RC,Calabria
G278,Pallagorio,Crotone,KR,Calabria
G280,Pallanzeno,Verbano-Cusio-Ossola,VB,Piemonte
G281,Pallare,Savona,SV,Liguria
G282,Palma di Montechiaro,Agrigento,AG,Sicilia
G283,Palma Campania,Napoli,NA,Campania
G284,Palmanova,Udine,UD,Friuli-Venezia Giulia
G285,Palmariggi,Lecce,LE,Puglia
G286,Palmas Arborea,Oristano,OR,Sardegna
G287,San Giovanni Suergiu,Sud Sardegna,SU,Sardegna
G288,Palmi,Reggio Calabria,RC,Calabria
G289,Palmiano,Ascoli Piceno,AP,Marche
G290,Palmoli,Chieti,CH,Abruzzo
G291,Palo del Colle,Bari,BA,Puglia
G292,Palomonte,Salerno,SA,Campania
G293,Palombara Sabina,Roma,RM,Lazio
G294,Palombaro,Chieti,CH,Abruzzo
G295,Palosco,Bergamo,BG,Lombardia
G296,Palù del Fersina,Trento,TN,Trentino-Alto Adige/Südtirol
G297,Palù,Verona,VR,Veneto
G298,Paludi,Cosenza,CS,Calabria
G299,Plaus,Bolzano/Bozen,BZ,Trentino-Alto Adige/Südtirol
G300,Paluzza,Udine,UD,Friuli-Venezia Giulia
G302,Pamparato,Cuneo,CN,Piemonte
G303,Pancalieri,Torino,TO,Piemonte
G304,Pancarana,Pavia,PV,Lombardia
G305,Panchià,Trento,TN,Trentino-Alto Adige/Südtirol
G306,Pandino,Cremona,CR,Lombardia
G307,Panettieri,Cosenza,CS,Calabria
G308,Panicale,Perugia,PG,Umbria
G309,Villaricca,Napoli,NA,Campania
G311,Pannarano,Benevento,BN,Campania
G312,Panni,Foggia,FG,Puglia
G315,Pantelleria,Trapani,TP,Sicilia
G316,Pantigliate,Milano,MI,Lombardia
G317,Paola,Cosenza,CS,Calabria
G318,Paolisi,Benevento,BN,Campania
G319,Valderice,Trapani,TP,Sicilia
G320,Papasidero,Cosenza,CS,Calabria
G323,Papozze,Rovigo,RO,Veneto
G324,Parabiago,Milano,MI,Lombardia
G325,Parabita,Lecce,LE,Puglia
G327,Paratico,Brescia,BS,Lombardia
G328,Parcines,Bolzano/Bozen,BZ,Trentino-Alto Adige/Südtirol
G330,Parella,Torino,TO,Piemonte
G331,Parenti,Cosenza,CS,Calabria
G333,Parete,Caserta,CE,Campania
G334,Pareto,Alessandria,AL,Piemonte
G335,Parghelia,Vibo Valentia,VV,Calabria
G336,Parlasco,Lecco,LC,Lombardia
G337,Parma,Parma,PR,Emilia-Romagna
G338,Parodi Ligure,Alessandria,AL,Piemonte
G339,Paroldo,Cuneo,CN,Piemonte
G340,Parolise,Avellino,AV,Campania
G342,Parona,Pavia,PV,Lombardia
G344,Parrano,Terni,TR,Umbria
G346,Parre,Bergamo,BG,Lombardia
G347,Partanna,Trapani,TP,Sicilia
G348,Partinico,Palermo,PA,Sicilia
G349,Paruzzaro,Novara,NO,Piemonte
G350,Parzanica,Bergamo,BG,Lombardia
G352,Pasian di Prato,Udine,UD,Friuli-Venezia Giulia
G353,Pasiano di Pordenone,Pordenone,PN,Friuli-Venezia Giulia
G354,Paspardo,Brescia,BS,Lombardia
G358,Passerano Marmorito,Asti,AT,Piemonte
G359,Passignano sul Trasimeno,Perugia,PG,Umbria
G361,Passirano,Brescia,BS,Lombardia
G362,Pastena,Frosinone,FR,Lazio
G364,Pastorano,Caserta,CE,Campania
G365,Pastrengo,Verona,VR,Veneto
G367,Pasturana,Alessandria,AL,Piemonte
G368,Pasturo,Lecco,LC,Lombardia
G370,Paternopoli,Avellino,AV,Campania
G371,Paternò,Catania,CT,Sicilia
G372,Paterno Calabro,Cosenza,CS,Calabria
G374,Patrica,Frosinone,FR,Lazio
G376,Pattada,Sassari,SS,Sardegna
G377,Patti,Messina,ME,Sicilia
G378,Patù,Lecce,LE,Puglia
G379,Pau,Oristano,OR,Sardegna
G381,Paularo,Udine,UD,Friuli-Venezia Giulia
G382,Pauli Arbarei,Sud Sardegna,SU,Sardegna
G383,San Nicolò Gerrei,Sud Sardegna,SU,Sardegna
G384,Paulilatino,Oristano,OR,Sardegna
G385,Paullo,Milano,MI,Lombardia
G386,Paupisi,Benevento,BN,Campania
G387,Pavarolo,Torino,TO,Piemonte
G388,Pavia,Pavia,PV,Lombardia
G389,Pavia di Udine,Udine,UD,Friuli-Venezia Giulia
G391,Pavone del Mella,Brescia,BS,Lombardia
G392,Pavone Canavese,Torino,TO,Piemonte
G393,Pavullo nel Frignano,Modena,MO,Emilia-Romagna
G394,Pazzano,Reggio Calabria,RC,Calabria
G395,Peccioli,Pisa,PI,Toscana
G397,Pecetto di Valenza,Alessandria,AL,Piemonte
G398,Pecetto Torinese,Torino,TO,Piemonte
G402,Pedara,Catania,CT,Sicilia
G403,Pedaso,Fermo,FM,Marche
G404,Pedavena,Belluno,BL,Veneto
G406,Pedemonte,Vicenza,VI,Veneto
G407,San Paolo,Brescia,BS,Lombardia
G408,Pederobba,Treviso,TV,Veneto
G410,Pedesina,Sondrio,SO,Lombardia
G411,Pedivigliano,Cosenza,CS,Calabria
G412,Pedrengo,Bergamo,BG,Lombardia
G415,Peglio,Como,CO,Lombardia
G416,Peglio,Pesaro e Urbino,PU,Marche
G417,Pegognaga,Mantova,MN,Lombardia
G418,Peia,Bergamo,BG,Lombardia
G419,Peio,Trento,TN,Trentino-Alto Adige/Südtirol
G420,Pelago,Firenze,FI,Toscana
G421,Pella,Novara,NO,Piemonte
G424,Pellegrino Parmense,Parma,PR,Emilia-Romagna
G426,Pellezzano,Salerno,SA,Campania
G428,Pellizzano,Trento,TN,Trentino-Alto Adige/Südtirol
G429,Pelugo,Trento,TN,Trentino-Alto Adige/Südtirol
G430,Penango,Asti,AT,Piemonte
G431,Poggiridenti,Sondrio,SO,Lombardia
G432,Penna in Teverina,Terni,TR,Umbria
G433,Pennabilli,Rimini,RN,Emilia-Romagna
G434,Pennadomo,Chieti,CH,Abruzzo
G435,Pennapiedimonte,Chieti,CH,Abruzzo
G436,Penna San Giovanni,Macerata,MC,Marche
G437,Penna Sant'Andrea,Teramo,TE,Abruzzo
G438,Penne,Pescara,PE,Abruzzo
G439,Pentone,Catanzaro,CZ,Calabria
G441,Perano,Chieti,CH,Abruzzo
G442,Perarolo di Cadore,Belluno,BL,Veneto
G443,Perca,Bolzano/Bozen,BZ,Trentino-Alto Adige/Südtirol
G444,Percile,Roma,RM,Lazio
G445,Perdasdefogu,Nuoro,NU,Sardegna
G446,Perdaxius,Sud Sardegna,SU,Sardegna
G447,Perdifumo,Salerno,SA,Campania
G449,Pereto,L'Aquila,AQ,Abruzzo
G450,Perfugas,Sassari,SS,Sardegna
G452,Pergine Valsugana,Trento,TN,Trentino-Alto Adige/Südtirol
G453,Pergola,Pesaro e Urbino,PU,Marche
G454,Perinaldo,Imperia,IM,Liguria
G455,Perito,Salerno,SA,Campania
G456,Perledo,Lecco,LC,Lombardia
G457,Perletto,Cuneo,CN,Piemonte
G458,Perlo,Cuneo,CN,Piemonte
G459,Perloz,Valle d'Aosta/Vallée d'Aoste,AO,Valle d'Aosta/Vallée d'Aoste
G461,Pernumia,Padova,PD,Veneto
G462,Perosa Canavese,Torino,TO,Piemonte
G463,Perosa Argentina,Torino,TO,Piemonte
G465,Perrero,Torino,TO,Piemonte
G467,San Giovanni in Persiceto,Bologna,BO,Emilia-Romagna
G469,Persico Dosimo,Cremona,CR,Lombardia
G471,Pertengo,Vercelli,VC,Piemonte
G474,Pertica Alta,Brescia,BS,Lombardia
G475,Pertica Bassa,Brescia,BS,Lombardia
G476,Pertosa,Salerno,SA,Campania
G477,Pertusio,Torino,TO,Piemonte
G478,Perugia,Perugia,PG,Umbria
G479,Pesaro,Pesaro e Urbino,PU,Marche
G480,Pescaglia,Lucca,LU,Toscana
G481,Pescantina,Verona,VR,Veneto
G482,Pescara,Pescara,PE,Abruzzo
G483,Pescarolo ed Uniti,Cremona,CR,Lombardia
G484,Pescasseroli,L'Aquila,AQ,Abruzzo
G485,Pescate,Lecco,LC,Lombardia
G486,Pesche,Isernia,IS,Molise
G487,Peschici,Foggia,FG,Puglia
G488,Peschiera Borromeo,Milano,MI,Lombardia
G489,Peschiera del Garda,Verona,VR,Veneto
G491,Pescia,Pistoia,PT,Toscana
G492,Pescina,L'Aquila,AQ,Abruzzo
G493,Pescocostanzo,L'Aquila,AQ,Abruzzo
G494,Pesco Sannita,Benevento,BN,Campania
G495,Pescolanciano,Isernia,IS,Molise
G496,Pescopagano,Potenza,PZ,Basilicata
G497,Pescopennataro,Isernia,IS,Molise
G498,Pescorocchiano,Rieti,RI,Lazio
G499,Pescosansonesco,Pescara,PE,Abruzzo
G500,Pescosolido,Frosinone,FR,Lazio
G502,Pessano con Bornago,Milano,MI,Lombardia
G504,Pessina Cremonese,Cremona,CR,Lombardia
G505,Pessinetto,Torino,TO,Piemonte
G506,Petacciato,Campobasso,CB,Molise
G507,Turania,Rieti,RI,Lazio
G508,Petilia Policastro,Crotone,KR,Calabria
G509,Petina,Salerno,SA,Campania
G510,Petralia Soprana,Palermo,PA,Sicilia
G511,Petralia Sottana,Palermo,PA,Sicilia
G512,Petrella Tifernina,Campobasso,CB,Molise
G513,Petrella Salto,Rieti,RI,Lazio
G514,Petriano,Pesaro e Urbino,PU,Marche
G515,Petriolo,Macerata,MC,Marche
G516,Petritoli,Fermo,FM,Marche
G517,Petrizzi,Catanzaro,CZ,Calabria
G518,Petronà,Catanzaro,CZ,Calabria
G519,Petruro Irpino,Avellino,AV,Campania
G520,Pettenasco,Novara,NO,Piemonte
G521,Pettinengo,Biella,BI,Piemonte
G522,Pettineo,Messina,ME,Sicilia
G523,Pettoranello del Molise,Isernia,IS,Molise
G524,Pettorano sul Gizio,L'Aquila,AQ,Abruzzo
G525,Pettorazza Grimani,Rovigo,RO,Veneto
G526,Peveragno,Cuneo,CN,Piemonte
G528,Pezzana,Vercelli,VC,Piemonte
G529,Pezzaze,Brescia,BS,Lombardia
G532,Pezzolo Valle Uzzone,Cuneo,CN,Piemonte
G534,Piacenza d'Adige,Padova,PD,Veneto
G535,Piacenza,Piacenza,PC,Emilia-Romagna
G538,Piaggine,Salerno,SA,Campania
G540,Valle dell'Angelo,Salerno,SA,Campania
G541,Piana di Monte Verna,Caserta,CE,Campania
G542,Piana Crixia,Savona,SV,Liguria
G543,Piana degli Albanesi,Palermo,PA,Sicilia
G545,Pontboset,Valle d'Aosta/Vallée d'Aoste,AO,Valle d'Aosta/Vallée d'Aoste
G546,Pian Camuno,Brescia,BS,Lombardia
G547,Piancastagnaio,Siena,SI,Toscana
G549,Piancogno,Brescia,BS,Lombardia
G551,Piandimeleto,Pesaro e Urbino,PU,Marche
G553,Piane Crati,Cosenza,CS,Calabria
G555,Pianella,Pescara,PE,Abruzzo
G556,Pianello del Lario,Como,CO,Lombardia
G557,Pianello Val Tidone,Piacenza,PC,Emilia-Romagna
G558,Pianengo,Cremona,CR,Lombardia
G559,Pianezza,Torino,TO,Piemonte
G560,Pianezze,Vicenza,VI,Veneto
G561,Pianfei,Cuneo,CN,Piemonte
G564,Pianico,Bergamo,BG,Lombardia
G565,Pianiga,Venezia,VE,Veneto
G566,San Benedetto Val di Sambro,Bologna,BO,Emilia-Romagna
G568,Piano di Sorrento,Napoli,NA,Campania
G570,Pianoro,Bologna,BO,Emilia-Romagna
G571,Piansano,Viterbo,VT,Lazio
G572,Piantedo,Sondrio,SO,Lombardia
G574,Piario,Bergamo,BG,Lombardia
G575,Piasco,Cuneo,CN,Piemonte
G576,Piateda,Sondrio,SO,Lombardia
G577,Piatto,Biella,BI,Piemonte
G579,Piazza Brembana,Bergamo,BG,Lombardia
G580,Piazza Armerina,Enna,EN,Sicilia
G582,Piazza al Serchio,Lucca,LU,Toscana
G583,Piazzatorre,Bergamo,BG,Lombardia
G587,Piazzola sul Brenta,Padova,PD,Veneto
G588,Piazzolo,Bergamo,BG,Lombardia
G589,Picciano,Pescara,PE,Abruzzo
G590,Picerno,Potenza,PZ,Basilicata
G591,Picinisco,Frosinone,FR,Lazio
G592,Pico,Frosinone,FR,Lazio
G593,Piea,Asti,AT,Piemonte
G594,Piedicavallo,Biella,BI,Piemonte
G596,Piedimonte Matese,Caserta,CE,Campania
G597,Piedimonte Etneo,Catania,CT,Sicilia
G598,Piedimonte San Germano,Frosinone,FR,Lazio
G600,Piedimulera,Verbano-Cusio-Ossola,VB,Piemonte
G601,Piegaro,Perugia,PG,Umbria
G602,Pienza,Siena,SI,Toscana
G603,Pieranica,Cremona,CR,Lombardia
G604,Pietramontecorvino,Foggia,FG,Puglia
G605,Pietra Ligure,Savona,SV,Liguria
G606,Pietrabbondante,Isernia,IS,Molise
G607,Pietrabruna,Imperia,IM,Liguria
G608,Pietracamela,Teramo,TE,Abruzzo
G609,Pietracatella,Campobasso,CB,Molise
G610,Pietracupa,Campobasso,CB,Molise
G611,Pietradefusi,Avellino,AV,Campania
G612,Pietra de' Giorgi,Pavia,PV,Lombardia
G613,Pietraferrazzana,Chieti,CH,Abruzzo
G614,Satriano di Lucania,Potenza,PZ,Basilicata
G615,Pietrafitta,Cosenza,CS,Calabria
G616,Pietragalla,Potenza,PZ,Basilicata
G618,Pietralunga,Perugia,PG,Umbria
G619,Pietra Marazzi,Alessandria,AL,Piemonte
G620,Pietramelara,Caserta,CE,Campania
G621,Pietranico,Pescara,PE,Abruzzo
G622,Pietrapaola,Cosenza,CS,Calabria
G623,Pietrapertosa,Potenza,PZ,Basilicata
G624,Pietraperzia,Enna,EN,Sicilia
G625,Pietraporzio,Cuneo,CN,Piemonte
G626,Pietraroja,Benevento,BN,Campania
G627,Pietrarubbia,Pesaro e Urbino,PU,Marche
G628,Pietrasanta,Lucca,LU,Toscana
G629,Pietrastornina,Avellino,AV,Campania
G630,Pietravairano,Caserta,CE,Campania
G631,Pietrelcina,Benevento,BN,Campania
G632,Pieve di Teco,Imperia,IM,Liguria
G634,Pieve Emanuele,Milano,MI,Lombardia
G635,Pieve Albignola,Pavia,PV,Lombardia
G636,Pieve a Nievole,Pistoia,PT,Toscana
G639,Pieve del Cairo,Pavia,PV,Lombardia
G642,Pieve di Cadore,Belluno,BL,Veneto
G643,Pieve di Cento,Bologna,BO,Emilia-Romagna
G645,Pieve di Soligo,Treviso,TV,Veneto
G646,Pieve Ligure,Genova,GE,Liguria
G647,Pieve d'Olmi,Cremona,CR,Lombardia
G648,Pieve Fosciana,Lucca,LU,Toscana
G649,Pievepelago,Modena,MO,Emilia-Romagna
G650,Pieve Porto Morone,Pavia,PV,Lombardia
G651,Pieve San Giacomo,Cremona,CR,Lombardia
G653,Pieve Santo Stefano,Arezzo,AR,Toscana
G656,Pieve Tesino,Trento,TN,Trentino-Alto Adige/Südtirol
G657,Pieve Torina,Macerata,MC,Marche
G658,Pieve Vergonte,Verbano-Cusio-Ossola,VB,Piemonte
G659,Piglio,Frosinone,FR,Lazio
G660,Pigna,Imperia,IM,Liguria
G661,Pignataro Maggiore,Caserta,CE,Campania
G662,Pignataro Interamna,Frosinone,FR,Lazio
G663,Pignola,Potenza,PZ,Basilicata
G664,Pignone,La Spezia,SP,Liguria
G665,Pigra,Como,CO,Lombardia
G666,Pila,Vercelli,VC,Piemonte
G669,Pimentel,Sud Sardegna,SU,Sardegna
G670,Pimonte,Napoli,NA,Campania
G671,Pinarolo Po,Pavia,PV,Lombardia
G672,Pinasca,Torino,TO,Piemonte
G673,Pincara,Rovigo,RO,Veneto
G674,Pinerolo,Torino,TO,Piemonte
G676,Pino d'Asti,Asti,AT,Piemonte
G678,Pino Torinese,Torino,TO,Piemonte
G680,Pinzano al Tagliamento,Pordenone,PN,Friuli-Venezia Giulia
G681,Pinzolo,Trento,TN,Trentino-Alto Adige/Südtirol
G682,Piobbico,Pesaro e Urbino,PU,Marche
G683,Piobesi d'Alba,Cuneo,CN,Piemonte
G684,Piobesi Torinese,Torino,TO,Piemonte
G685,Piode,Vercelli,VC,Piemonte
G686,Pioltello,Milano,MI,Lombardia
G687,Piombino,Livorno,LI,Toscana
G688,Piombino Dese,Padova,PD,Veneto
G690,Pioraco,Macerata,MC,Marche
G691,Piossasco,Torino,TO,Piemonte
G692,Piovà Massaia,Asti,AT,Piemonte
G693,Piove di Sacco,Padova,PD,Veneto
G694,Piovene Rocchette,Vicenza,VI,Veneto
G696,Piozzano,Piacenza,PC,Emilia-Romagna
G697,Piozzo,Cuneo,CN,Piemonte
G698,Priverno,Latina,LT,Lazio
G699,Piraino,Messina,ME,Sicilia
G702,Pisa,Pisa,PI,Toscana
G703,Pisano,Novara,NO,Piemonte
G704,Pisoniano,Roma,RM,Lazio
G705,Piscina,Torino,TO,Piemonte
G707,Pisciotta,Salerno,SA,Campania
G710,Pisogne,Brescia,BS,Lombardia
G712,Pisticci,Matera,MT,Basilicata
G713,Pistoia,Pistoia,PT,Toscana
G716,Pitigliano,Grosseto,GR,Toscana
G717,Piubega,Mantova,MN,Lombardia
G718,Piuro,Sondrio,SO,Lombardia
G719,Piverone,Torino,TO,Piemonte
G720,Pizzale,Pavia,PV,Lombardia
G721,Pizzighettone,Cremona,CR,Lombardia
G722,Pizzo,Vibo Valentia,VV,Calabria
G724,Pizzoferrato,Chieti,CH,Abruzzo
G726,Pizzoli,L'Aquila,AQ,Abruzzo
G727,Pizzone,Isernia,IS,Molise
G728,Pizzoni,Vibo Valentia,VV,Calabria
G729,Placanica,Reggio Calabria,RC,Calabria
G733,Plataci,Cosenza,CS,Calabria
G734,Platania,Catanzaro,CZ,Calabria
G735,Platì,Reggio Calabria,RC,Calabria
G736,Taipana,Udine,UD,Friuli-Venezia Giulia
G737,Plesio,Como,CO,Lombardia
G740,Ploaghe,Sassari,SS,Sardegna
G741,Plodio,Savona,SV,Liguria
G742,Pocapaglia,Cuneo,CN,Piemonte
G743,Pocenia,Udine,UD,Friuli-Venezia Giulia
G746,Podenzana,Massa-Carrara,MS,Toscana
G747,Podenzano,Piacenza,PC,Emilia-Romagna
G749,Pofi,Frosinone,FR,Lazio
G751,Poggiardo,Lecce,LE,Puglia
G752,Poggibonsi,Siena,SI,Toscana
G753,Poggio Rusco,Mantova,MN,Lombardia
G754,Poggio a Caiano,Prato,PO,Toscana
G756,Poggio Bustone,Rieti,RI,Lazio
G757,Poggio Catino,Rieti,RI,Lazio
G758,Poggiodomo,Perugia,PG,Umbria
G760,Poggiofiorito,Chieti,CH,Abruzzo
G761,Poggio Imperiale,Foggia,FG,Puglia
G762,Poggiomarino,Napoli,NA,Campania
G763,Poggio Mirteto,Rieti,RI,Lazio
G764,Poggio Moiano,Rieti,RI,Lazio
G765,Poggio Nativo,Rieti,RI,Lazio
G766,Poggio Picenze,L'Aquila,AQ,Abruzzo
G767,Poggioreale,Trapani,TP,Sicilia
G768,Poggio Renatico,Ferrara,FE,Emilia-Romagna
G769,Poggiorsini,Bari,BA,Puglia
G770,Poggio San Lorenzo,Rieti,RI,Lazio
G771,Poggio San Marcello,Ancona,AN,Marche
G772,Pogliano Milanese,Milano,MI,Lombardia
G773,Pognana Lario,Como,CO,Lombardia
G774,Pognano,Bergamo,BG,Lombardia
G775,Pogno,Novara,NO,Piemonte
G776,Pojana Maggiore,Vicenza,VI,Veneto
G777,Poirino,Torino,TO,Piemonte
G779,Polaveno,Brescia,BS,Lombardia
G780,Polcenigo,Pordenone,PN,Friuli-Venezia Giulia
G782,Polesella,Rovigo,RO,Veneto
G784,Poli,Roma,RM,Lazio
G785,Polia,Vibo Valentia,VV,Calabria
G786,Policoro,Matera,MT,Basilicata
G787,Polignano a Mare,Bari,BA,Puglia
G788,San Pietro in Cerro,Piacenza,PC,Emilia-Romagna
G789,Polinago,Modena,MO,Emilia-Romagna
G790,Polino,Terni,TR,Umbria
G791,Polistena,Reggio Calabria,RC,Calabria
G792,Polizzi Generosa,Palermo,PA,Sicilia
G793,Polla,Salerno,SA,Campania
G794,Pollein,Valle d'Aosta/Vallée d'Aoste,AO,Valle d'Aosta/Vallée d'Aoste
G795,Pollena Trocchia,Napoli,NA,Campania
G796,Pollica,Salerno,SA,Campania
G797,Pollina,Palermo,PA,Sicilia
G798,Pollone,Biella,BI,Piemonte
G799,Pollutri,Chieti,CH,Abruzzo
G800,Polonghera,Cuneo,CN,Piemonte
G801,Polpenazze del Garda,Brescia,BS,Lombardia
G802,Polverara,Padova,PD,Veneto
G803,Polverigi,Ancona,AN,Marche
G804,Pomarance,Pisa,PI,Toscana
G805,Pomaretto,Torino,TO,Piemonte
G806,Pomarico,Matera,MT,Basilicata
G807,Pomaro Monferrato,Alessandria,AL,Piemonte
G808,Pomarolo,Trento,TN,Trentino-Alto Adige/Südtirol
G809,Pombia,Novara,NO,Piemonte
G811,Pomezia,Roma,RM,Lazio
G812,Pomigliano d'Arco,Napoli,NA,Campania
G813,Pompei,Napoli,NA,Campania
G814,Pompeiana,Imperia,IM,Liguria
G815,Pompiano,Brescia,BS,Lombardia
G816,Pomponesco,Mantova,MN,Lombardia
G817,Pompu,Oristano,OR,Sardegna
G818,Poncarale,Brescia,BS,Lombardia
G820,Ponderano,Biella,BI,Piemonte
G821,Ponna,Como,CO,Lombardia
G822,Ponsacco,Pisa,PI,Toscana
G823,Ponso,Padova,PD,Veneto
G825,Pontassieve,Firenze,FI,Toscana
G826,Pont Canavese,Torino,TO,Piemonte
G827,Ponte,Benevento,BN,Campania
G829,Ponte in Valtellina,Sondrio,SO,Lombardia
G830,Ponte Gardena,Bolzano/Bozen,BZ,Trentino-Alto Adige/Südtirol
G831,Pontebba,Udine,UD,Friuli-Venezia Giulia
G833,Ponte Buggianese,Pistoia,PT,Toscana
G834,Pontecagnano Faiano,Salerno,SA,Campania
G836,Pontecchio Polesine,Rovigo,RO,Veneto
G837,Pontechianale,Cuneo,CN,Piemonte
G838,Pontecorvo,Frosinone,FR,Lazio
G839,Pontecurone,Alessandria,AL,Piemonte
G840,Pontedassio,Imperia,IM,Liguria
G842,Ponte dell'Olio,Piacenza,PC,Emilia-Romagna
G843,Pontedera,Pisa,PI,Toscana
G844,Ponte di Legno,Brescia,BS,Lombardia
G846,Ponte di Piave,Treviso,TV,Veneto
G847,Ponte Lambro,Como,CO,Lombardia
G848,Pontelandolfo,Benevento,BN,Campania
G849,Pontelatone,Caserta,CE,Campania
G850,Pontelongo,Padova,PD,Veneto
G851,Ponte Nizza,Pavia,PV,Lombardia
G852,Pontenure,Piacenza,PC,Emilia-Romagna
G853,Ponteranica,Bergamo,BG,Lombardia
G854,Pont-Saint-Martin,Valle d'Aosta/Vallée d'Aoste,AO,Valle d'Aosta/Vallée d'Aoste
G855,Ponte San Nicolò,Padova,PD,Veneto
G856,Ponte San Pietro,Bergamo,BG,Lombardia
G858,Pontestura,Alessandria,AL,Piemonte
G859,Pontevico,Brescia,BS,Lombardia
G860,Pontey,Valle d'Aosta/Vallée d'Aoste,AO,Valle d'Aosta/Vallée d'Aoste
G861,Ponti,Alessandria,AL,Piemonte
G862,Ponti sul Mincio,Mantova,MN,Lombardia
G864,Pontida,Bergamo,BG,Lombardia
G865,Pontinia,Latina,LT,Lazio
G866,Pontinvrea,Savona,SV,Liguria
G867,Pontirolo Nuovo,Bergamo,BG,Lombardia
G869,Pontoglio,Brescia,BS,Lombardia
G870,Pontremoli,Massa-Carrara,MS,Toscana
G871,Ponza,Latina,LT,Lazio
G872,Ponzano Monferrato,Alessandria,AL,Piemonte
G873,Ponzano di Fermo,Fermo,FM,Marche
G874,Ponzano Romano,Roma,RM,Lazio
G875,Ponzano Veneto,Treviso,TV,Veneto
G877,Ponzone,Alessandria,AL,Piemonte
G878,Popoli Terme,Pescara,PE,Abruzzo
G879,Poppi,Arezzo,AR,Toscana
G881,Porano,Terni,TR,Umbria
G882,Porcari,Lucca,LU,Toscana
G886,Porcia,Pordenone,PN,Friuli-Venezia Giulia
G887,Stella Cilento,Salerno,SA,Campania
G888,Pordenone,Pordenone,PN,Friuli-Venezia Giulia
G889,Porlezza,Como,CO,Lombardia
G890,Pornassio,Imperia,IM,Liguria
G891,Porpetto,Udine,UD,Friuli-Venezia Giulia
G894,Portacomaro,Asti,AT,Piemonte
G895,Portalbera,Pavia,PV,Lombardia
G900,Porte,Torino,TO,Piemonte
G902,Portici,Napoli,NA,Campania
G903,Portico di Caserta,Caserta,CE,Campania
G904,Portico e San Benedetto,Forlì-Cesena,FC,Emilia-Romagna
G905,Portigliola,Reggio Calabria,RC,Calabria
G906,Porto Ceresio,Varese,VA,Lombardia
G907,Porto Valtravaglia,Varese,VA,Lombardia
G909,Portobuffolè,Treviso,TV,Veneto
G910,Portocannone,Campobasso,CB,Molise
G912,Portoferraio,Livorno,LI,Toscana
G913,Portofino,Genova,GE,Liguria
G914,Portogruaro,Venezia,VE,Veneto
G916,Portomaggiore,Ferrara,FE,Emilia-Romagna
G917,Porto Mantovano,Mantova,MN,Lombardia
G919,Porto Recanati,Macerata,MC,Marche
G920,Porto San Giorgio,Fermo,FM,Marche
G921,Porto Sant'Elpidio,Fermo,FM,Marche
G922,Portoscuso,Sud Sardegna,SU,Sardegna
G923,Porto Tolle,Rovigo,RO,Veneto
G924,Porto Torres,Sassari,SS,Sardegna
G925,Portovenere,La Spezia,SP,Liguria
G926,Porto Viro,Rovigo,RO,Veneto
G927,Portula,Biella,BI,Piemonte
G929,Posada,Nuoro,NU,Sardegna
G931,Posina,Vicenza,VI,Veneto
G932,Positano,Salerno,SA,Campania
G933,Possagno,Treviso,TV,Veneto
G934,Posta,Rieti,RI,Lazio
G935,Posta Fibreno,Frosinone,FR,Lazio
G936,Postal,Bolzano/Bozen,BZ,Trentino-Alto Adige/Südtirol
G937,Postalesio,Sondrio,SO,Lombardia
G939,Postiglione,Salerno,SA,Campania
G940,Postua,Vercelli,VC,Piemonte
G942,Potenza,Potenza,PZ,Basilicata
G943,Pove del Grappa,Vicenza,VI,Veneto
G944,Povegliano,Treviso,TV,Veneto
G945,Povegliano Veronese,Verona,VR,Veneto
G947,Poviglio,Reggio nell'Emilia,RE,Emilia-Romagna
G949,Povoletto,Udine,UD,Friuli-Venezia Giulia
G951,Pozzaglia Sabina,Rieti,RI,Lazio
G953,Pozzallo,Ragusa,RG,Sicilia
G954,Pozzilli,Isernia,IS,Molise
G955,Pozzo d'Adda,Milano,MI,Lombardia
G957,Pozzoleone,Vicenza,VI,Veneto
G959,Pozzolengo,Brescia,BS,Lombardia
G960,Pozzol Groppo,Alessandria,AL,Piemonte
G961,Pozzolo Formigaro,Alessandria,AL,Piemonte
G962,Pozzomaggiore,Sassari,SS,Sardegna
G963,Pozzonovo,Padova,PD,Veneto
G964,Pozzuoli,Napoli,NA,Campania
G965,Pozzuolo Martesana,Milano,MI,Lombardia
G966,Pozzuolo del Friuli,Udine,UD,Friuli-Venezia Giulia
G968,Pradalunga,Bergamo,BG,Lombardia
G969,Pradamano,Udine,UD,Friuli-Venezia Giulia
G970,Pradleves,Cuneo,CN,Piemonte
G972,Sasso Marconi,Bologna,BO,Emilia-Romagna
G973,Pragelato,Torino,TO,Piemonte
G974,Pray,Biella,BI,Piemonte
G975,Praia a Mare,Cosenza,CS,Calabria
G976,Praiano,Salerno,SA,Campania
G977,Pralboino,Brescia,BS,Lombardia
G978,Prali,Torino,TO,Piemonte
G979,Pralormo,Torino,TO,Piemonte
G980,Pralungo,Biella,BI,Piemonte
G981,Pramaggiore,Venezia,VE,Veneto
G982,Pramollo,Torino,TO,Piemonte
G985,Prarolo,Vercelli,VC,Piemonte
G986,Prarostino,Torino,TO,Piemonte
G987,Prasco,Alessandria,AL,Piemonte
G988,Prascorsano,Torino,TO,Piemonte
G990,Prata di Principato Ultra,Avellino,AV,Campania
G991,Prata Sannita,Caserta,CE,Campania
G992,Prata d'Ansidonia,L'Aquila,AQ,Abruzzo
G993,Prata Camportaccio,Sondrio,SO,Lombardia
G994,Prata di Pordenone,Pordenone,PN,Friuli-Venezia Giulia
G995,Pratella,Caserta,CE,Campania
G997,Pratiglione,Torino,TO,Piemonte
G999,Prato,Prato,PO,Toscana
H001,Prato Sesia,Novara,NO,Piemonte
H002,Prato Carnico,Udine,UD,Friuli-Venezia Giulia
H004,Prato allo Stelvio,Bolzano/Bozen,BZ,Trentino-Alto Adige/Südtirol
H006,Pratola Serra,Avellino,AV,Campania
H007,Pratola Peligna,L'Aquila,AQ,Abruzzo
H010,Pravisdomini,Pordenone,PN,Friuli-Venezia Giulia
H011,Prazzo,Cuneo,CN,Piemonte
H013,Samo,Reggio Calabria,RC,Calabria
H014,Precenicco,Udine,UD,Friuli-Venezia Giulia
H015,Preci,Perugia,PG,Umbria
H017,Predappio,Forlì-Cesena,FC,Emilia-Romagna
H018,Predazzo,Trento,TN,Trentino-Alto Adige/Südtirol
H019,Predoi,Bolzano/Bozen,BZ,Trentino-Alto Adige/Südtirol
H020,Predore,Bergamo,BG,Lombardia
H021,Predosa,Alessandria,AL,Piemonte
H022,Preganziol,Treviso,TV,Veneto
H026,Pregnana Milanese,Milano,MI,Lombardia
H027,Prelà,Imperia,IM,Liguria
H028,Premana,Lecco,LC,Lombardia
H029,Premariacco,Udine,UD,Friuli-Venezia Giulia
H030,Premeno,Verbano-Cusio-Ossola,VB,Piemonte
H033,Premia,Verbano-Cusio-Ossola,VB,Piemonte
H034,Premilcuore,Forlì-Cesena,FC,Emilia-Romagna
H036,Premolo,Bergamo,BG,Lombardia
H037,Premosello-Chiovenda,Verbano-Cusio-Ossola,VB,Piemonte
H038,Preone,Udine,UD,Friuli-Venezia Giulia
H040,Prepotto,Udine,UD,Friuli-Venezia Giulia
H042,Pré-Saint-Didier,Valle d'Aosta/Vallée d'Aoste,AO,Valle d'Aosta/Vallée d'Aoste
H043,Preseglie,Brescia,BS,Lombardia
H045,Presenzano,Caserta,CE,Campania
H046,Presezzo,Bergamo,BG,Lombardia
H048,Pressana,Verona,VR,Veneto
H052,Pretoro,Chieti,CH,Abruzzo
H055,Prevalle,Brescia,BS,Lombardia
H056,Prezza,L'Aquila,AQ,Abruzzo
H059,Priero,Cuneo,CN,Piemonte
H061,Prignano sulla Secchia,Modena,MO,Emilia-Romagna
H062,Prignano Cilento,Salerno,SA,Campania
H063,Primaluna,Lecco,LC,Lombardia
H068,Priocca,Cuneo,CN,Piemonte
H069,Priola,Cuneo,CN,Piemonte
H070,Prizzi,Palermo,PA,Sicilia
H071,Proceno,Viterbo,VT,Lazio
H072,Procida,Napoli,NA,Campania
H073,Propata,Genova,GE,Liguria
H074,Proserpio,Como,CO,Lombardia
H076,Prossedi,Latina,LT,Lazio
H077,Provaglio Val Sabbia,Brescia,BS,Lombardia
H078,Provaglio d'Iseo,Brescia,BS,Lombardia
H081,Proves,Bolzano/Bozen,BZ,Trentino-Alto Adige/Südtirol
H083,Provvidenti,Campobasso,CB,Molise
H085,Prunetto,Cuneo,CN,Piemonte
H086,Puegnago del Garda,Brescia,BS,Lombardia
H087,Puglianello,Benevento,BN,Campania
H088,Pula,Cagliari,CA,Sardegna
H089,Pulfero,Udine,UD,Friuli-Venezia Giulia
H090,Pulsano,Taranto,TA,Puglia
H091,Pumenengo,Bergamo,BG,Lombardia
H094,Pusiano,Como,CO,Lombardia
H095,Putifigari,Sassari,SS,Sardegna
H096,Putignano,Bari,BA,Puglia
H097,Quadrelle,Avellino,AV,Campania
H098,Quadri,Chieti,CH,Abruzzo
H100,Quagliuzzo,Torino,TO,Piemonte
H101,Qualiano,Napoli,NA,Campania
H102,Quaranti,Asti,AT,Piemonte
H104,Quargnento,Alessandria,AL,Piemonte
H106,Quarna Sopra,Verbano-Cusio-Ossola,VB,Piemonte
H107,Quarna Sotto,Verbano-Cusio-Ossola,VB,Piemonte
H108,Quarona,Vercelli,VC,Piemonte
H109,Quarrata,Pistoia,PT,Toscana
H110,Quart,Valle d'Aosta/Vallée d'Aoste,AO,Valle d'Aosta/Vallée d'Aoste
H114,Quarto,Napoli,NA,Campania
H117,Quarto d'Altino,Venezia,VE,Veneto
H118,Quartu Sant'Elena,Cagliari,CA,Sardegna
H119,Quartucciu,Cagliari,CA,Sardegna
H120,Quassolo,Torino,TO,Piemonte
H121,Quattordio,Alessandria,AL,Piemonte
H122,Quattro Castella,Reggio nell'Emilia,RE,Emilia-Romagna
H126,Quiliano,Savona,SV,Liguria
H127,Quincinetto,Torino,TO,Piemonte
H128,Quindici,Avellino,AV,Campania
H129,Quingentole,Mantova,MN,Lombardia
H130,Quintano,Cremona,CR,Lombardia
H131,Quinto di Treviso,Treviso,TV,Veneto
H132,Quinto Vercellese,Vercelli,VC,Piemonte
H134,Quinto Vicentino,Vicenza,VI,Veneto
H140,Quinzano d'Oglio,Brescia,BS,Lombardia
H143,Quistello,Mantova,MN,Lombardia
H146,Rabbi,Trento,TN,Trentino-Alto Adige/Südtirol
H147,Racale,Lecce,LE,Puglia
H148,Racalmuto,Agrigento,AG,Sicilia
H150,Racconigi,Cuneo,CN,Piemonte
H151,Raccuja,Messina,ME,Sicilia
H152,Racines,Bolzano/Bozen,BZ,Trentino-Alto Adige/Südtirol
H153,Radda in Chianti,Siena,SI,Toscana
H154,Raddusa,Catania,CT,Sicilia
H156,Radicofani,Siena,SI,Toscana
H157,Radicondoli,Siena,SI,Toscana
H159,Raffadali,Agrigento,AG,Sicilia
H161,Ragogna,Udine,UD,Friuli-Venezia Giulia
H163,Ragusa,Ragusa,RG,Sicilia
H165,Ruviano,Caserta,CE,Campania
H166,Raiano,L'Aquila,AQ,Abruzzo
H168,Ramacca,Catania,CT,Sicilia
H173,Rancio Valcuvia,Varese,VA,Lombardia
H174,Ranco,Varese,VA,Lombardia
H175,Randazzo,Catania,CT,Sicilia
H176,Ranica,Bergamo,BG,Lombardia
H177,Ranzanico,Bergamo,BG,Lombardia
H180,Ranzo,Imperia,IM,Liguria
H182,Rapagnano,Fermo,FM,Marche
H183,Rapallo,Genova,GE,Liguria
H184,Rapino,Chieti,CH,Abruzzo
H185,Rapolano Terme,Siena,SI,Toscana
H186,Rapolla,Potenza,PZ,Basilicata
H187,Rapone,Potenza,PZ,Basilicata
H188,Rassa,Vercelli,VC,Piemonte
H189,Rasun-Anterselva,Bolzano/Bozen,BZ,Trentino-Alto Adige/Südtirol
H192,Rasura,Sondrio,SO,Lombardia
H194,Ravanusa,Agrigento,AG,Sicilia
H195,Ravarino,Modena,MO,Emilia-Romagna
H196,Ravascletto,Udine,UD,Friuli-Venezia Giulia
H198,Ravello,Salerno,SA,Campania
H199,Ravenna,Ravenna,RA,Emilia-Romagna
H200,Raveo,Udine,UD,Friuli-Venezia Giulia
H202,Raviscanina,Caserta,CE,Campania
H203,Re,Verbano-Cusio-Ossola,VB,Piemonte
H204,Rea,Pavia,PV,Lombardia
H205,Realmonte,Agrigento,AG,Sicilia
H206,Reana del Rojale,Udine,UD,Friuli-Venezia Giulia
H207,Reano,Torino,TO,Piemonte
H210,Recale,Caserta,CE,Campania
H211,Recanati,Macerata,MC,Marche
H212,Recco,Genova,GE,Liguria
H213,Recetto,Novara,NO,Piemonte
H214,Recoaro Terme,Vicenza,VI,Veneto
H216,Redavalle,Pavia,PV,Lombardia
H218,Redondesco,Mantova,MN,Lombardia
H219,Refrancore,Asti,AT,Piemonte
H220,Refrontolo,Treviso,TV,Veneto
H221,Regalbuto,Enna,EN,Sicilia
H222,Reggello,Firenze,FI,Toscana
H223,Reggio nell'Emilia,Reggio nell'Emilia,RE,Emilia-Romagna
H224,Reggio di Calabria,Reggio Calabria,RC,Calabria
H225,Reggiolo,Reggio nell'Emilia,RE,Emilia-Romagna
H227,Reino,Benevento,BN,Campania
H228,Reitano,Messina,ME,Sicilia
H229,Remanzacco,Udine,UD,Friuli-Venezia Giulia
H230,Remedello,Brescia,BS,Lombardia
H233,Renate,Monza e della Brianza,MB,Lombardia
H235,Rende,Cosenza,CS,Calabria
H236,Renon,Bolzano/Bozen,BZ,Trentino-Alto Adige/Südtirol
H238,Resana,Treviso,TV,Veneto
H240,Rescaldina,Milano,MI,Lombardia
H242,Resia,Udine,UD,Friuli-Venezia Giulia
H243,Ercolano,Napoli,NA,Campania
H244,Resiutta,Udine,UD,Friuli-Venezia Giulia
H245,Resuttano,Caltanissetta,CL,Sicilia
H246,Retorbido,Pavia,PV,Lombardia
H247,Revello,Cuneo,CN,Piemonte
H250,Revigliasco d'Asti,Asti,AT,Piemonte
H253,Revine Lago,Treviso,TV,Veneto
H255,Rezzago,Como,CO,Lombardia
H256,Rezzato,Brescia,BS,Lombardia
H257,Rezzo,Imperia,IM,Liguria
H258,Rezzoaglio,Genova,GE,Liguria
H259,Val Rezzo,Como,CO,Lombardia
H262,Rhêmes-Notre-Dame,Valle d'Aosta/Vallée d'Aoste,AO,Valle d'Aosta/Vallée d'Aoste
H263,Rhêmes-Saint-Georges,Valle d'Aosta/Vallée d'Aoste,AO,Valle d'Aosta/Vallée d'Aoste
H264,Rho,Milano,MI,Lombardia
H265,Riace,Reggio Calabria,RC,Calabria
H266,Rialto,Savona,SV,Liguria
H267,Riano,Roma,RM,Lazio
H268,Riardo,Caserta,CE,Campania
H269,Ribera,Agrigento,AG,Sicilia
H270,Ribordone,Torino,TO,Piemonte
H271,Ricadi,Vibo Valentia,VV,Calabria
H272,Ricaldone,Alessandria,AL,Piemonte
H273,Riccia,Campobasso,CB,Molise
H274,Riccione,Rimini,RN,Emilia-Romagna
H275,Riccò del Golfo di Spezia,La Spezia,SP,Liguria
H276,Ricengo,Cremona,CR,Lombardia
H277,Ricigliano,Salerno,SA,Campania
H280,Riese Pio X,Treviso,TV,Veneto
H281,Riesi,Caltanissetta,CL,Sicilia
H282,Rieti,Rieti,RI,Lazio
H284,Rifiano,Bolzano/Bozen,BZ,Trentino-Alto Adige/Südtirol
H285,Rifreddo,Cuneo,CN,Piemonte
H286,Rignano sull'Arno,Firenze,FI,Toscana
H287,Rignano Garganico,Foggia,FG,Puglia
H288,Rignano Flaminio,Roma,RM,Lazio
H289,Rigolato,Udine,UD,Friuli-Venezia Giulia
H293,Rimella,Vercelli,VC,Piemonte
H294,Rimini,Rimini,RN,Emilia-Romagna
H298,Rio Saliceto,Reggio nell'Emilia,RE,Emilia-Romagna
H299,Rio di Pusteria,Bolzano/Bozen,BZ,Trentino-Alto Adige/Südtirol
H300,Riofreddo,Roma,RM,Lazio
H301,Riola Sardo,Oristano,OR,Sardegna
H302,Riolo Terme,Ravenna,RA,Emilia-Romagna
H303,Riolunato,Modena,MO,Emilia-Romagna
H304,Riomaggiore,La Spezia,SP,Liguria
H307,Rionero in Vulture,Potenza,PZ,Basilicata
H308,Rionero Sannitico,Isernia,IS,Molise
H311,Ripabottoni,Campobasso,CB,Molise
H312,Ripacandida,Potenza,PZ,Basilicata
H313,Ripalimosani,Campobasso,CB,Molise
H314,Ripalta Arpina,Cremona,CR,Lombardia
H315,Ripalta Cremasca,Cremona,CR,Lombardia
H316,Ripalta Guerina,Cremona,CR,Lombardia
H319,Riparbella,Pisa,PI,Toscana
H320,Ripa Teatina,Chieti,CH,Abruzzo
H321,Ripatransone,Ascoli Piceno,AP,Marche
H323,Ripe San Ginesio,Macerata,MC,Marche
H324,Ripi,Frosinone,FR,Lazio
H325,Riposto,Catania,CT,Sicilia
H326,Rittana,Cuneo,CN,Piemonte
H327,Rivamonte Agordino,Belluno,BL,Veneto
H328,Riva Ligure,Imperia,IM,Liguria
H330,Riva del Garda,Trento,TN,Trentino-Alto Adige/Südtirol
H331,Riva di Solto,Bergamo,BG,Lombardia
H333,Rivalba,Torino,TO,Piemonte
H334,Rivalta Bormida,Alessandria,AL,Piemonte
H335,Rivalta di Torino,Torino,TO,Piemonte
H336,Rivanazzano Terme,Pavia,PV,Lombardia
H337,Riva presso Chieri,Torino,TO,Piemonte
H338,Rivara,Torino,TO,Piemonte
H340,Rivarolo Canavese,Torino,TO,Piemonte
H341,Rivarolo del Re ed Uniti,Cremona,CR,Lombardia
H342,Rivarolo Mantovano,Mantova,MN,Lombardia
H343,Rivarone,Alessandria,AL,Piemonte
H344,Rivarossa,Torino,TO,Piemonte
H346,Rive,Vercelli,VC,Piemonte
H347,Rive d'Arcano,Udine,UD,Friuli-Venezia Giulia
H348,Rivello,Potenza,PZ,Basilicata
H350,Rivergaro,Piacenza,PC,Emilia-Romagna
H353,Rivisondoli,L'Aquila,AQ,Abruzzo
H354,Rivodutri,Rieti,RI,Lazio
H355,Rivoli,Torino,TO,Piemonte
H356,Rivoli Veronese,Verona,VR,Veneto
H357,Rivolta d'Adda,Cremona,CR,Lombardia
H359,Rizziconi,Reggio Calabria,RC,Calabria
H361,Roana,Vicenza,VI,Veneto
H362,Roaschia,Cuneo,CN,Piemonte
H363,Roascio,Cuneo,CN,Piemonte
H364,Rovasenda,Vercelli,VC,Piemonte
H365,Roasio,Vercelli,VC,Piemonte
H366,Roatto,Asti,AT,Piemonte
H367,Robassomero,Torino,TO,Piemonte
H369,Robbio,Pavia,PV,Lombardia
H371,Robecchetto con Induno,Milano,MI,Lombardia
H372,Robecco d'Oglio,Cremona,CR,Lombardia
H373,Robecco sul Naviglio,Milano,MI,Lombardia
H375,Robecco Pavese,Pavia,PV,Lombardia
H376,Robella,Asti,AT,Piemonte
H377,Robilante,Cuneo,CN,Piemonte
H378,Roburent,Cuneo,CN,Piemonte
H379,Rocca Pietore,Belluno,BL,Veneto
H380,Roccavaldina,Messina,ME,Sicilia
H382,Roccabascerana,Avellino,AV,Campania
H383,Roccabernarda,Crotone,KR,Calabria
H384,Roccabianca,Parma,PR,Emilia-Romagna
H385,Roccabruna,Cuneo,CN,Piemonte
H386,Rocca Canavese,Torino,TO,Piemonte
H387,Rocca Canterano,Roma,RM,Lazio
H389,Roccacasale,L'Aquila,AQ,Abruzzo
H390,Roccafluvione,Ascoli Piceno,AP,Marche
H391,Rocca Cigliè,Cuneo,CN,Piemonte
H392,Rocca d'Arazzo,Asti,AT,Piemonte
H393,Rocca d'Arce,Frosinone,FR,Lazio
H394,Roccadaspide,Salerno,SA,Campania
H395,Rocca de' Baldi,Cuneo,CN,Piemonte
H396,Rocca de' Giorgi,Pavia,PV,Lombardia
H398,Rocca d'Evandro,Caserta,CE,Campania
H399,Rocca di Botte,L'Aquila,AQ,Abruzzo
H400,Rocca di Cambio,L'Aquila,AQ,Abruzzo
H401,Rocca di Cave,Roma,RM,Lazio
H402,Rocca di Mezzo,L'Aquila,AQ,Abruzzo
H403,Rocca di Neto,Crotone,KR,Calabria
H404,Rocca di Papa,Roma,RM,Lazio
H405,Roccafiorita,Messina,ME,Sicilia
H406,Roccaforte Ligure,Alessandria,AL,Piemonte
H407,Roccaforte Mondovì,Cuneo,CN,Piemonte
H408,Roccaforte del Greco,Reggio Calabria,RC,Calabria
H409,Roccaforzata,Taranto,TA,Puglia
H410,Roccafranca,Brescia,BS,Lombardia
H411,Roccagiovine,Roma,RM,Lazio
H412,Roccagloriosa,Salerno,SA,Campania
H413,Roccagorga,Latina,LT,Lazio
H414,Rocca Grimalda,Alessandria,AL,Piemonte
H416,Rocca Imperiale,Cosenza,CS,Calabria
H417,Roccalbegna,Grosseto,GR,Toscana
H418,Roccalumera,Messina,ME,Sicilia
H420,Roccamandolfi,Isernia,IS,Molise
H421,Rocca Massima,Latina,LT,Lazio
H422,Roccamena,Palermo,PA,Sicilia
H423,Roccamonfina,Caserta,CE,Campania
H424,Roccamontepiano,Chieti,CH,Abruzzo
H425,Roccamorice,Pescara,PE,Abruzzo
H426,Roccanova,Potenza,PZ,Basilicata
H427,Roccantica,Rieti,RI,Lazio
H428,Roccapalumba,Palermo,PA,Sicilia
H429,Rocca Pia,L'Aquila,AQ,Abruzzo
H431,Roccapiemonte,Salerno,SA,Campania
H432,Rocca Priora,Roma,RM,Lazio
H433,Roccarainola,Napoli,NA,Campania
H434,Roccaraso,L'Aquila,AQ,Abruzzo
H436,Roccaromana,Caserta,CE,Campania
H437,Rocca San Casciano,Forlì-Cesena,FC,Emilia-Romagna
H438,Rocca San Felice,Avellino,AV,Campania
H439,Rocca San Giovanni,Chieti,CH,Abruzzo
H440,Rocca Santa Maria,Teramo,TE,Abruzzo
H441,Rocca Santo Stefano,Roma,RM,Lazio
H442,Roccascalegna,Chieti,CH,Abruzzo
H443,Roccasecca,Frosinone,FR,Lazio
H444,Roccasecca dei Volsci,Latina,LT,Lazio
H445,Roccasicura,Isernia,IS,Molise
H446,Rocca Sinibalda,Rieti,RI,Lazio
H447,Roccasparvera,Cuneo,CN,Piemonte
H448,Roccaspinalveti,Chieti,CH,Abruzzo
H449,Roccastrada,Grosseto,GR,Toscana
H450,Rocca Susella,Pavia,PV,Lombardia
H451,Roccaverano,Asti,AT,Piemonte
H452,Roccavignale,Savona,SV,Liguria
H453,Roccavione,Cuneo,CN,Piemonte
H454,Roccavivara,Campobasso,CB,Molise
H455,Roccella Valdemone,Messina,ME,Sicilia
H456,Roccella Ionica,Reggio Calabria,RC,Calabria
H458,Rocchetta a Volturno,Isernia,IS,Molise
H459,Rocchetta e Croce,Caserta,CE,Campania
H460,Rocchetta Nervina,Imperia,IM,Liguria
H461,Rocchetta di Vara,La Spezia,SP,Liguria
H462,Rocchetta Belbo,Cuneo,CN,Piemonte
H465,Rocchetta Ligure,Alessandria,AL,Piemonte
H466,Rocchetta Palafea,Asti,AT,Piemonte
H467,Rocchetta Sant'Antonio,Foggia,FG,Puglia
H468,Rocchetta Tanaro,Asti,AT,Piemonte
H470,Rodano,Milano,MI,Lombardia
H472,Roddi,Cuneo,CN,Piemonte
H473,Roddino,Cuneo,CN,Piemonte
H474,Rodello,Cuneo,CN,Piemonte
H475,Rodengo,Bolzano/Bozen,BZ,Trentino-Alto Adige/Südtirol
H477,Rodengo Saiano,Brescia,BS,Lombardia
H478,Rodero,Como,CO,Lombardia
H479,Rodì Milici,Messina,ME,Sicilia
H480,Rodi Garganico,Foggia,FG,Puglia
H481,Rodigo,Mantova,MN,Lombardia
H484,Roè Volciano,Brescia,BS,Lombardia
H485,Rofrano,Salerno,SA,Campania
H486,Rogeno,Lecco,LC,Lombardia
H488,Roggiano Gravina,Cosenza,CS,Calabria
H489,Roghudi,Reggio Calabria,RC,Calabria
H490,Rogliano,Cosenza,CS,Calabria
H491,Rognano,Pavia,PV,Lombardia
H492,Rogno,Bergamo,BG,Lombardia
H493,Rogolo,Sondrio,SO,Lombardia
H494,Roiate,Roma,RM,Lazio
H495,Roio del Sangro,Chieti,CH,Abruzzo
H497,Roisan,Valle d'Aosta/Vallée d'Aoste,AO,Valle d'Aosta/Vallée d'Aoste
H498,Roletto,Torino,TO,Piemonte
H500,Rolo,Reggio nell'Emilia,RE,Emilia-Romagna
H501,Roma,Roma,RM,Lazio
H502,Romagnano Sesia,Novara,NO,Piemonte
H503,Romagnano al Monte,Salerno,SA,Campania
H505,Romagnese,Pavia,PV,Lombardia
H507,Romana,Sassari,SS,Sardegna
H508,Romanengo,Cremona,CR,Lombardia
H509,Romano di Lombardia,Bergamo,BG,Lombardia
H511,Romano Canavese,Torino,TO,Piemonte
H512,Romano d'Ezzelino,Vicenza,VI,Veneto
H514,Romans d'Isonzo,Gorizia,GO,Friuli-Venezia Giulia
H516,Rombiolo,Vibo Valentia,VV,Calabria
H517,Romeno,Trento,TN,Trentino-Alto Adige/Südtirol
H518,Romentino,Novara,NO,Piemonte
H519,Rometta,Messina,ME,Sicilia
H522,Roncà,Verona,VR,Veneto
H523,Roncade,Treviso,TV,Veneto
H525,Roncadelle,Brescia,BS,Lombardia
H527,Roncaro,Pavia,PV,Lombardia
H528,Roncegno Terme,Trento,TN,Trentino-Alto Adige/Südtirol
H529,Roncello,Monza e della Brianza,MB,Lombardia
H531,Ronchi dei Legionari,Gorizia,GO,Friuli-Venezia Giulia
H532,Ronchi Valsugana,Trento,TN,Trentino-Alto Adige/Südtirol
H533,Ronchis,Udine,UD,Friuli-Venezia Giulia
H534,Ronciglione,Viterbo,VT,Lazio
H535,Roncobello,Bergamo,BG,Lombardia
H536,Ronco Scrivia,Genova,GE,Liguria
H537,Ronco Briantino,Monza e della Brianza,MB,Lombardia
H538,Ronco Biellese,Biella,BI,Piemonte
H539,Ronco Canavese,Torino,TO,Piemonte
H540,Ronco all'Adige,Verona,VR,Veneto
H541,Roncoferraro,Mantova,MN,Lombardia
H542,Roncofreddo,Forlì-Cesena,FC,Emilia-Romagna
H544,Roncola,Bergamo,BG,Lombardia
H546,Rondanina,Genova,GE,Liguria
H547,Rondissone,Torino,TO,Piemonte
H549,Ronsecco,Vercelli,VC,Piemonte
H552,Ronzone,Trento,TN,Trentino-Alto Adige/Südtirol
H553,Roppolo,Biella,BI,Piemonte
H554,Rorà,Torino,TO,Piemonte
H555,Roure,Torino,TO,Piemonte
H556,Rosà,Vicenza,VI,Veneto
H558,Rosarno,Reggio Calabria,RC,Calabria
H559,Rosasco,Pavia,PV,Lombardia
H560,Rosate,Milano,MI,Lombardia
H561,Rosazza,Biella,BI,Piemonte
H562,Rosciano,Pescara,PE,Abruzzo
H564,Roscigno,Salerno,SA,Campania
H565,Rose,Cosenza,CS,Calabria
H566,Rosello,Chieti,CH,Abruzzo
H568,Roseto Valfortore,Foggia,FG,Puglia
H569,Rosignano Monferrato,Alessandria,AL,Piemonte
H570,Rosignano Marittimo,Livorno,LI,Toscana
H572,Roseto Capo Spulico,Cosenza,CS,Calabria
H573,Rosolina,Rovigo,RO,Veneto
H574,Rosolini,Siracusa,SR,Sicilia
H575,Rosora,Ancona,AN,Marche
H577,Rossa,Vercelli,VC,Piemonte
H578,Rossana,Cuneo,CN,Piemonte
H580,Rossano Veneto,Vicenza,VI,Veneto
H581,Rossiglione,Genova,GE,Liguria
H583,Rosta,Torino,TO,Piemonte
H584,Rota d'Imagna,Bergamo,BG,Lombardia
H585,Rota Greca,Cosenza,CS,Calabria
H588,Rotella,Ascoli Piceno,AP,Marche
H589,Rotello,Campobasso,CB,Molise
H590,Rotonda,Potenza,PZ,Basilicata
H591,Rotondella,Matera,MT,Basilicata
H592,Rotondi,Avellino,AV,Campania
H593,Rottofreno,Piacenza,PC,Emilia-Romagna
H594,Rotzo,Vicenza,VI,Veneto
H598,Rovato,Brescia,BS,Lombardia
H599,Rovegno,Genova,GE,Liguria
H601,Rovellasca,Como,CO,Lombardia
H602,Rovello Porro,Como,CO,Lombardia
H604,Roverbella,Mantova,MN,Lombardia
H606,Roverchiara,Verona,VR,Veneto
H607,Roverè della Luna,Trento,TN,Trentino-Alto Adige/Südtirol
H608,Roverè Veronese,Verona,VR,Veneto
H609,Roveredo in Piano,Pordenone,PN,Friuli-Venezia Giulia
H610,Roveredo di Guà,Verona,VR,Veneto
H612,Rovereto,Trento,TN,Trentino-Alto Adige/Südtirol
H614,Rovescala,Pavia,PV,Lombardia
H615,Rovetta,Bergamo,BG,Lombardia
H618,Roviano,Roma,RM,Lazio
H620,Rovigo,Rovigo,RO,Veneto
H621,Rovito,Cosenza,CS,Calabria
H622,Rovolon,Padova,PD,Veneto
H623,Rozzano,Milano,MI,Lombardia
H625,Rubano,Padova,PD,Veneto
H627,Rubiana,Torino,TO,Piemonte
H628,Rubiera,Reggio nell'Emilia,RE,Emilia-Romagna
H629,Ruda,Udine,UD,Friuli-Venezia Giulia
H630,Rudiano,Brescia,BS,Lombardia
H631,Rueglio,Torino,TO,Piemonte
H632,Ruffano,Lecce,LE,Puglia
H633,Ruffia,Cuneo,CN,Piemonte
H634,Ruffrè-Mendola,Trento,TN,Trentino-Alto Adige/Südtirol
H635,Rufina,Firenze,FI,Toscana
H639,Rumo,Trento,TN,Trentino-Alto Adige/Südtirol
H641,Ruoti,Potenza,PZ,Basilicata
H642,Russi,Ravenna,RA,Emilia-Romagna
H643,Rutigliano,Bari,BA,Puglia
H644,Rutino,Salerno,SA,Campania
H645,Ruvo di Puglia,Bari,BA,Puglia
H646,Ruvo del Monte,Potenza,PZ,Basilicata
H647,Sabaudia,Latina,LT,Lazio
H650,Sabbio Chiese,Brescia,BS,Lombardia
H652,Sabbioneta,Mantova,MN,Lombardia
H654,Sacco,Salerno,SA,Campania
H655,Saccolongo,Padova,PD,Veneto
H657,Sacile,Pordenone,PN,Friuli-Venezia Giulia
H658,Sacrofano,Roma,RM,Lazio
H659,Sadali,Sud Sardegna,SU,Sardegna
H661,Sagama,Oristano,OR,Sardegna
H662,Sagliano Micca,Biella,BI,Piemonte
H665,Sagrado,Gorizia,GO,Friuli-Venezia Giulia
H666,Sagron Mis,Trento,TN,Trentino-Alto Adige/Südtirol
H669,Saint-Christophe,Valle d'Aosta/Vallée d'Aoste,AO,Valle d'Aosta/Vallée d'Aoste
H670,Saint-Denis,Valle d'Aosta/Vallée d'Aoste,AO,Valle d'Aosta/Vallée d'Aoste
H671,Saint-Marcel,Valle d'Aosta/Vallée d'Aoste,AO,Valle d'Aosta/Vallée d'Aoste
H672,Saint-Nicolas,Valle d'Aosta/Vallée d'Aoste,AO,Valle d'Aosta/Vallée d'Aoste
H673,Saint-Oyen,Valle d'Aosta/Vallée d'Aoste,AO,Valle d'Aosta/Vallée d'Aoste
H674,Saint-Pierre,Valle d'Aosta/Vallée d'Aoste,AO,Valle d'Aosta/Vallée d'Aoste
H675,Saint-Rhémy-en-Bosses,Valle d'Aosta/Vallée d'Aoste,AO,Valle d'Aosta/Vallée d'Aoste
H676,Saint-Vincent,Valle d'Aosta/Vallée d'Aoste,AO,Valle d'Aosta/Vallée d'Aoste
H677,Sala Monferrato,Alessandria,AL,Piemonte
H678,Sala Bolognese,Bologna,BO,Emilia-Romagna
H679,Sala Comacina,Como,CO,Lombardia
H681,Sala Biellese,Biella,BI,Piemonte
H682,Sala Baganza,Parma,PR,Emilia-Romagna
H683,Sala Consilina,Salerno,SA,Campania
H684,Salbertrand,Torino,TO,Piemonte
H686,Salento,Salerno,SA,Campania
H687,Salandra,Matera,MT,Basilicata
H688,Salaparuta,Trapani,TP,Sicilia
H689,Salara,Rovigo,RO,Veneto
H690,Salasco,Vercelli,VC,Piemonte
H691,Salassa,Torino,TO,Piemonte
H693,Salcito,Campobasso,CB,Molise
H694,Sale,Alessandria,AL,Piemonte
H695,Sale delle Langhe,Cuneo,CN,Piemonte
H699,Sale Marasino,Brescia,BS,Lombardia
H700,Salemi,Trapani,TP,Sicilia
H701,Salerano sul Lambro,Lodi,LO,Lombardia
H702,Salerano Canavese,Torino,TO,Piemonte
H703,Salerno,Salerno,SA,Campania
H704,Sale San Giovanni,Cuneo,CN,Piemonte
H706,Salgareda,Treviso,TV,Veneto
H707,Sali Vercellese,Vercelli,VC,Piemonte
H708,Salice Salentino,Lecce,LE,Puglia
H710,Saliceto,Cuneo,CN,Piemonte
H712,San Mauro di Saline,Verona,VR,Veneto
H713,Salisano,Rieti,RI,Lazio
H714,Salizzole,Verona,VR,Veneto
H715,Salle,Pescara,PE,Abruzzo
H716,Salmour,Cuneo,CN,Piemonte
H717,Salò,Brescia,BS,Lombardia
H719,Salorno sulla strada del vino,Bolzano/Bozen,BZ,Trentino-Alto Adige/Südtirol
H720,Salsomaggiore Terme,Parma,PR,Emilia-Romagna
H723,Saltrio,Varese,VA,Lombardia
H724,Saludecio,Rimini,RN,Emilia-Romagna
H725,Saluggia,Vercelli,VC,Piemonte
H726,Salussola,Biella,BI,Piemonte
H727,Saluzzo,Cuneo,CN,Piemonte
H729,Salve,Lecce,LE,Puglia
H730,Savoia di Lucania,Potenza,PZ,Basilicata
H731,Salvirola,Cremona,CR,Lombardia
H732,Salvitelle,Salerno,SA,Campania
H733,Salza Irpina,Avellino,AV,Campania
H734,Salza di Pinerolo,Torino,TO,Piemonte
H735,Salzano,Venezia,VE,Veneto
H736,Samarate,Varese,VA,Lombardia
H738,Samassi,Sud Sardegna,SU,Sardegna
H739,Samatzai,Sud Sardegna,SU,Sardegna
H743,Sambuca di Sicilia,Agrigento,AG,Sicilia
H744,Sambuca Pistoiese,Pistoia,PT,Toscana
H745,Sambuci,Roma,RM,Lazio
H746,Sambuco,Cuneo,CN,Piemonte
H749,Sammichele di Bari,Bari,BA,Puglia
H752,Samolaco,Sondrio,SO,Lombardia
H753,Samone,Torino,TO,Piemonte
H754,Samone,Trento,TN,Trentino-Alto Adige/Südtirol
H755,Sampeyre,Cuneo,CN,Piemonte
H756,Samugheo,Oristano,OR,Sardegna
H757,Sanarica,Lecce,LE,Puglia
H760,San Bartolomeo Val Cavargna,Como,CO,Lombardia
H763,San Bartolomeo al Mare,Imperia,IM,Liguria
H764,San Bartolomeo in Galdo,Benevento,BN,Campania
H765,San Basile,Cosenza,CS,Calabria
H766,San Basilio,Sud Sardegna,SU,Sardegna
H767,San Bassano,Cremona,CR,Lombardia
H768,San Bellino,Rovigo,RO,Veneto
H769,San Benedetto del Tronto,Ascoli Piceno,AP,Marche
H770,San Benedetto Belbo,Cuneo,CN,Piemonte
H771,San Benedetto Po,Mantova,MN,Lombardia
H772,San Benedetto dei Marsi,L'Aquila,AQ,Abruzzo
H773,San Benedetto in Perillis,L'Aquila,AQ,Abruzzo
H774,San Benedetto Ullano,Cosenza,CS,Calabria
H775,San Benigno Canavese,Torino,TO,Piemonte
H777,San Bernardino Verbano,Verbano-Cusio-Ossola,VB,Piemonte
H778,San Biagio Platani,Agrigento,AG,Sicilia
H779,San Biagio Saracinisco,Frosinone,FR,Lazio
H780,San Biagio della Cima,Imperia,IM,Liguria
H781,San Biagio di Callalta,Treviso,TV,Veneto
H782,San Biase,Campobasso,CB,Molise
H783,San Bonifacio,Verona,VR,Veneto
H784,San Buono,Chieti,CH,Abruzzo
H785,San Calogero,Vibo Valentia,VV,Calabria
H786,San Candido,Bolzano/Bozen,BZ,Trentino-Alto Adige/Südtirol
H787,San Canzian d'Isonzo,Gorizia,GO,Friuli-Venezia Giulia
H789,San Carlo Canavese,Torino,TO,Piemonte
H790,San Casciano dei Bagni,Siena,SI,Toscana
H791,San Casciano in Val di Pesa,Firenze,FI,Toscana
H792,San Cataldo,Caltanissetta,CL,Sicilia
H793,San Cesario di Lecce,Lecce,LE,Puglia
H794,San Cesario sul Panaro,Modena,MO,Emilia-Romagna
H795,San Chirico Nuovo,Potenza,PZ,Basilicata
H796,San Chirico Raparo,Potenza,PZ,Basilicata
H797,San Cipirello,Palermo,PA,Sicilia
H798,San Cipriano d'Aversa,Caserta,CE,Campania
H799,San Cipriano Po,Pavia,PV,Lombardia
H800,San Cipriano Picentino,Salerno,SA,Campania
H801,San Clemente,Rimini,RN,Emilia-Romagna
H802,San Colombano Certenoli,Genova,GE,Liguria
H803,San Colombano al Lambro,Milano,MI,Lombardia
H804,San Colombano Belmonte,Torino,TO,Piemonte
H805,San Cono,Catania,CT,Sicilia
H806,San Cosmo Albanese,Cosenza,CS,Calabria
H807,San Costantino Calabro,Vibo Valentia,VV,Calabria
H808,San Costantino Albanese,Potenza,PZ,Basilicata
H809,San Costanzo,Pesaro e Urbino,PU,Marche
H810,San Cristoforo,Alessandria,AL,Piemonte
H811,San Damiano d'Asti,Asti,AT,Piemonte
H812,San Damiano Macra,Cuneo,CN,Piemonte
H814,San Damiano al Colle,Pavia,PV,Lombardia
H815,San Daniele Po,Cremona,CR,Lombardia
H816,San Daniele del Friuli,Udine,UD,Friuli-Venezia Giulia
H818,San Demetrio Corone,Cosenza,CS,Calabria
H819,San Demetrio ne' Vestini,L'Aquila,AQ,Abruzzo
H820,San Didero,Torino,TO,Piemonte
H821,Sandigliano,Biella,BI,Piemonte
H822,San Donaci,Brindisi,BR,Puglia
H823,San Donà di Piave,Venezia,VE,Veneto
H824,San Donato Val di Comino,Frosinone,FR,Lazio
H825,San Donato di Ninea,Cosenza,CS,Calabria
H826,San Donato di Lecce,Lecce,LE,Puglia
H827,San Donato Milanese,Milano,MI,Lombardia
H829,Sandrigo,Vicenza,VI,Veneto
H831,San Fele,Potenza,PZ,Basilicata
H833,San Felice del Molise,Campobasso,CB,Molise
H834,San Felice a Cancello,Caserta,CE,Campania
H835,San Felice sul Panaro,Modena,MO,Emilia-Romagna
H836,San Felice Circeo,Latina,LT,Lazio
H838,San Felice del Benaco,Brescia,BS,Lombardia
H839,San Ferdinando di Puglia,Barletta-Andria-Trani,BT,Puglia
H840,San Fermo della Battaglia,Como,CO,Lombardia
H841,San Fili,Cosenza,CS,Calabria
H842,San Filippo del Mela,Messina,ME,Sicilia
H843,San Fior,Treviso,TV,Veneto
H844,San Fiorano,Lodi,LO,Lombardia
H845,San Floriano del Collio,Gorizia,GO,Friuli-Venezia Giulia
H846,San Floro,Catanzaro,CZ,Calabria
H847,San Francesco al Campo,Torino,TO,Piemonte
H848,Aglientu,Sassari,SS,Sardegna
H850,San Fratello,Messina,ME,Sicilia
H851,Sanfrè,Cuneo,CN,Piemonte
H852,Sanfront,Cuneo,CN,Piemonte
H855,Sangano,Torino,TO,Piemonte
H856,San Gavino Monreale,Sud Sardegna,SU,Sardegna
H857,San Gemini,Terni,TR,Umbria
H858,San Genesio Atesino,Bolzano/Bozen,BZ,Trentino-Alto Adige/Südtirol
H859,San Genesio ed Uniti,Pavia,PV,Lombardia
H860,San Gennaro Vesuviano,Napoli,NA,Campania
H861,San Germano Vercellese,Vercelli,VC,Piemonte
H862,San Germano Chisone,Torino,TO,Piemonte
H865,San Gervasio Bresciano,Brescia,BS,Lombardia
H867,San Giacomo degli Schiavoni,Campobasso,CB,Molise
H868,San Giacomo Filippo,Sondrio,SO,Lombardia
H870,San Giacomo delle Segnate,Mantova,MN,Lombardia
H872,Sangiano,Varese,VA,Lombardia
H873,San Gillio,Torino,TO,Piemonte
H875,San Gimignano,Siena,SI,Toscana
H876,San Ginesio,Macerata,MC,Marche
H877,Sangineto,Cosenza,CS,Calabria
H878,San Giorgio Monferrato,Alessandria,AL,Piemonte
H880,San Giorgio a Liri,Frosinone,FR,Lazio
H881,San Giorgio Albanese,Cosenza,CS,Calabria
H882,San Giorgio Ionico,Taranto,TA,Puglia
H883,San Giorgio Bigarello,Mantova,MN,Lombardia
H884,San Giorgio su Legnano,Milano,MI,Lombardia
H885,San Giorgio di Lomellina,Pavia,PV,Lombardia
H887,San Giorgio Piacentino,Piacenza,PC,Emilia-Romagna
H888,San Giorgio Lucano,Matera,MT,Basilicata
H889,San Giorgio Morgeto,Reggio Calabria,RC,Calabria
H890,San Giorgio Canavese,Torino,TO,Piemonte
H891,San Giorgio della Richinvelda,Pordenone,PN,Friuli-Venezia Giulia
H892,San Giorgio a Cremano,Napoli,NA,Campania
H893,San Giorgio delle Pertiche,Padova,PD,Veneto
H894,San Giorgio del Sannio,Benevento,BN,Campania
H895,San Giorgio di Nogaro,Udine,UD,Friuli-Venezia Giulia
H896,San Giorgio di Piano,Bologna,BO,Emilia-Romagna
H897,San Giorgio in Bosco,Padova,PD,Veneto
H898,San Giorgio La Molara,Benevento,BN,Campania
H899,San Giorgio Scarampi,Asti,AT,Piemonte
H900,San Giorio di Susa,Torino,TO,Piemonte
H901,San Giovanni Valdarno,Arezzo,AR,Toscana
H903,San Giovanni di Gerace,Reggio Calabria,RC,Calabria
H906,San Giovanni al Natisone,Udine,UD,Friuli-Venezia Giulia
H907,San Giovanni a Piro,Salerno,SA,Campania
H910,San Giovanni Bianco,Bergamo,BG,Lombardia
H912,San Giovanni del Dosso,Mantova,MN,Lombardia
H913,Villa San Giovanni in Tuscia,Viterbo,VT,Lazio
H914,San Giovanni Gemini,Agrigento,AG,Sicilia
H916,San Giovanni Ilarione,Verona,VR,Veneto
H917,San Giovanni Incarico,Frosinone,FR,Lazio
H918,San Giovanni in Croce,Cremona,CR,Lombardia
H919,San Giovanni in Fiore,Cosenza,CS,Calabria
H920,San Giovanni in Galdo,Campobasso,CB,Molise
H921,San Giovanni in Marignano,Rimini,RN,Emilia-Romagna
H922,San Giovanni la Punta,Catania,CT,Sicilia
H923,San Giovanni Lipioni,Chieti,CH,Abruzzo
H924,San Giovanni Lupatoto,Verona,VR,Veneto
H926,San Giovanni Rotondo,Foggia,FG,Puglia
H928,San Giuliano del Sannio,Campobasso,CB,Molise
H929,San Giuliano di Puglia,Campobasso,CB,Molise
H930,San Giuliano Milanese,Milano,MI,Lombardia
H931,San Giuseppe Vesuviano,Napoli,NA,Campania
H933,San Giuseppe Jato,Palermo,PA,Sicilia
H935,San Giustino,Perugia,PG,Umbria
H936,San Giusto Canavese,Torino,TO,Piemonte
H937,San Godenzo,Firenze,FI,Toscana
H938,San Gregorio nelle Alpi,Belluno,BL,Veneto
H939,San Gregorio Matese,Caserta,CE,Campania
H940,San Gregorio di Catania,Catania,CT,Sicilia
H941,San Gregorio d'Ippona,Vibo Valentia,VV,Calabria
H942,San Gregorio da Sassola,Roma,RM,Lazio
H943,San Gregorio Magno,Salerno,SA,Campania
H944,Sanguinetto,Verona,VR,Veneto
H945,San Lazzaro di Savena,Bologna,BO,Emilia-Romagna
H949,San Leo,Rimini,RN,Emilia-Romagna
H951,San Leonardo,Udine,UD,Friuli-Venezia Giulia
H952,San Leonardo in Passiria,Bolzano/Bozen,BZ,Trentino-Alto Adige/Südtirol
H953,San Leucio del Sannio,Benevento,BN,Campania
H955,San Lorenzello,Benevento,BN,Campania
H956,San Lorenzo di Sebato,Bolzano/Bozen,BZ,Trentino-Alto Adige/Südtirol
H957,San Lorenzo al Mare,Imperia,IM,Liguria
H958,San Lorenzo in Campo,Pesaro e Urbino,PU,Marche
H959,San Lorenzo,Reggio Calabria,RC,Calabria
H961,San Lorenzo Bellizzi,Cosenza,CS,Calabria
H962,San Lorenzo del Vallo,Cosenza,CS,Calabria
H964,San Lorenzo Isontino,Gorizia,GO,Friuli-Venezia Giulia
H967,San Lorenzo Maggiore,Benevento,BN,Campania
H969,San Lorenzo Nuovo,Viterbo,VT,Lazio
H970,San Luca,Reggio Calabria,RC,Calabria
H971,San Lucido,Cosenza,CS,Calabria
H973,San Lupo,Benevento,BN,Campania
H974,Sanluri,Sud Sardegna,SU,Sardegna
H975,San Mango sul Calore,Avellino,AV,Campania
H976,San Mango d'Aquino,Catanzaro,CZ,Calabria
H977,San Mango Piemonte,Salerno,SA,Campania
H978,San Marcellino,Caserta,CE,Campania
H979,San Marcello,Ancona,AN,Marche
H981,San Marco Argentano,Cosenza,CS,Calabria
H982,San Marco d'Alunzio,Messina,ME,Sicilia
H984,San Marco dei Cavoti,Benevento,BN,Campania
H985,San Marco in Lamis,Foggia,FG,Puglia
H986,San Marco la Catola,Foggia,FG,Puglia
H987,San Martino Alfieri,Asti,AT,Piemonte
H988,San Martino in Badia,Bolzano/Bozen,BZ,Trentino-Alto Adige/Südtirol
H989,San Martino in Passiria,Bolzano/Bozen,BZ,Trentino-Alto Adige/Südtirol
H990,San Martino in Pensilis,Campobasso,CB,Molise
H991,San Martino sulla Marrucina,Chieti,CH,Abruzzo
H992,San Martino di Finita,Cosenza,CS,Calabria
H994,San Martino d'Agri,Potenza,PZ,Basilicata
H996,San Martino di Venezze,Rovigo,RO,Veneto
H997,San Martino Canavese,Torino,TO,Piemonte
H999,San Martino al Tagliamento,Pordenone,PN,Friuli-Venezia Giulia
I002,San Martino Sannita,Benevento,BN,Campania
I003,San Martino Buon Albergo,Verona,VR,Veneto
I005,San Martino dall'Argine,Mantova,MN,Lombardia
I007,San Martino del Lago,Cremona,CR,Lombardia
I008,San Martino di Lupari,Padova,PD,Veneto
I011,San Martino in Rio,Reggio nell'Emilia,RE,Emilia-Romagna
I012,San Martino in Strada,Lodi,LO,Lombardia
I014,San Martino Siccomario,Pavia,PV,Lombardia
I016,San Martino Valle Caudina,Avellino,AV,Campania
I017,San Marzano Oliveto,Asti,AT,Piemonte
I018,San Marzano di San Giuseppe,Taranto,TA,Puglia
I019,San Marzano sul Sarno,Salerno,SA,Campania
I023,San Massimo,Campobasso,CB,Molise
I024,San Maurizio Canavese,Torino,TO,Piemonte
I025,San Maurizio d'Opaglio,Novara,NO,Piemonte
I026,San Mauro Marchesato,Crotone,KR,Calabria
I027,San Mauro Pascoli,Forlì-Cesena,FC,Emilia-Romagna
I028,San Mauro Castelverde,Palermo,PA,Sicilia
I029,San Mauro Forte,Matera,MT,Basilicata
I030,San Mauro Torinese,Torino,TO,Piemonte
I031,San Mauro Cilento,Salerno,SA,Campania
I032,San Mauro la Bruca,Salerno,SA,Campania
I034,San Michele di Serino,Avellino,AV,Campania
I035,San Michele di Ganzaria,Catania,CT,Sicilia
I037,San Michele Mondovì,Cuneo,CN,Piemonte
I040,San Michele al Tagliamento,Venezia,VE,Veneto
I042,San Michele all'Adige,Trento,TN,Trentino-Alto Adige/Südtirol
I045,San Michele Salentino,Brindisi,BR,Puglia
I046,San Miniato,Pisa,PI,Toscana
I048,Sannazzaro de' Burgondi,Pavia,PV,Lombardia
I049,San Nazzaro,Benevento,BN,Campania
I051,San Nazzaro Val Cavargna,Como,CO,Lombardia
I052,San Nazzaro Sesia,Novara,NO,Piemonte
I053,Sannicandro di Bari,Bari,BA,Puglia
I054,San Nicandro Garganico,Foggia,FG,Puglia
I056,San Nicola la Strada,Caserta,CE,Campania
I057,San Nicola dell'Alto,Crotone,KR,Calabria
I058,San Nicola da Crissa,Vibo Valentia,VV,Calabria
I059,Sannicola,Lecce,LE,Puglia
I060,San Nicola Arcella,Cosenza,CS,Calabria
I061,San Nicola Baronia,Avellino,AV,Campania
I062,San Nicola Manfredi,Benevento,BN,Campania
I063,San Nicolò di Comelico,Belluno,BL,Veneto
I065,San Pancrazio,Bolzano/Bozen,BZ,Trentino-Alto Adige/Südtirol
I066,San Pancrazio Salentino,Brindisi,BR,Puglia
I071,San Paolo di Jesi,Ancona,AN,Marche
I072,San Paolo di Civitate,Foggia,FG,Puglia
I073,San Paolo Bel Sito,Napoli,NA,Campania
I076,San Paolo Solbrito,Asti,AT,Piemonte
I079,San Pellegrino Terme,Bergamo,BG,Lombardia
I082,San Pier d'Isonzo,Gorizia,GO,Friuli-Venezia Giulia
I084,San Pier Niceto,Messina,ME,Sicilia
I086,San Piero Patti,Messina,ME,Sicilia
I088,San Pietro di Cadore,Belluno,BL,Veneto
I089,San Pietro al Tanagro,Salerno,SA,Campania
I090,San Pietro Val Lemina,Torino,TO,Piemonte
I092,San Pietro al Natisone,Udine,UD,Friuli-Venezia Giulia
I093,San Pietro a Maida,Catanzaro,CZ,Calabria
I095,San Pietro Apostolo,Catanzaro,CZ,Calabria
I096,San Pietro Avellana,Isernia,IS,Molise
I098,San Pietro Clarenza,Catania,CT,Sicilia
I102,San Pietro di Caridà,Reggio Calabria,RC,Calabria
I103,San Pietro di Feletto,Treviso,TV,Veneto
I105,San Pietro di Morubio,Verona,VR,Veneto
I107,San Pietro in Gu,Padova,PD,Veneto
I108,San Pietro in Amantea,Cosenza,CS,Calabria
I109,San Pietro in Cariano,Verona,VR,Veneto
I110,San Pietro in Casale,Bologna,BO,Emilia-Romagna
I113,San Pietro Infine,Caserta,CE,Campania
I114,San Pietro in Guarano,Cosenza,CS,Calabria
I115,San Pietro in Lama,Lecce,LE,Puglia
I116,San Pietro Mosezzo,Novara,NO,Piemonte
I117,San Pietro Mussolino,Vicenza,VI,Veneto
I118,Villa San Pietro,Cagliari,CA,Sardegna
I119,San Pietro Vernotico,Brindisi,BR,Puglia
I120,San Pietro Viminario,Padova,PD,Veneto
I121,San Pio delle Camere,L'Aquila,AQ,Abruzzo
I122,San Polo Matese,Campobasso,CB,Molise
I123,San Polo d'Enza,Reggio nell'Emilia,RE,Emilia-Romagna
I124,San Polo di Piave,Treviso,TV,Veneto
I125,San Polo dei Cavalieri,Roma,RM,Lazio
I126,San Ponso,Torino,TO,Piemonte
I128,San Possidonio,Modena,MO,Emilia-Romagna
I129,San Potito Ultra,Avellino,AV,Campania
I130,San Potito Sannitico,Caserta,CE,Campania
I131,San Prisco,Caserta,CE,Campania
I132,San Procopio,Reggio Calabria,RC,Calabria
I133,San Prospero,Modena,MO,Emilia-Romagna
I135,San Quirico d'Orcia,Siena,SI,Toscana
I136,San Quirino,Pordenone,PN,Friuli-Venezia Giulia
I137,San Raffaele Cimena,Torino,TO,Piemonte
I138,Sanremo,Imperia,IM,Liguria
I139,San Roberto,Reggio Calabria,RC,Calabria
I140,San Rocco al Porto,Lodi,LO,Lombardia
I142,San Romano in Garfagnana,Lucca,LU,Toscana
I143,San Rufo,Salerno,SA,Campania
I144,San Salvatore Monferrato,Alessandria,AL,Piemonte
I145,San Salvatore Telesino,Benevento,BN,Campania
I147,San Salvatore di Fitalia,Messina,ME,Sicilia
I148,San Salvo,Chieti,CH,Abruzzo
I150,San Sebastiano Curone,Alessandria,AL,Piemonte
I151,San Sebastiano al Vesuvio,Napoli,NA,Campania
I152,San Sebastiano da Po,Torino,TO,Piemonte
I153,San Secondo Parmense,Parma,PR,Emilia-Romagna
I154,San Secondo di Pinerolo,Torino,TO,Piemonte
I155,Sansepolcro,Arezzo,AR,Toscana
I156,San Severino Marche,Macerata,MC,Marche
I157,San Severino Lucano,Potenza,PZ,Basilicata
I158,San Severo,Foggia,FG,Puglia
I162,San Siro,Como,CO,Lombardia
I163,San Sossio Baronia,Avellino,AV,Campania
I164,San Sostene,Catanzaro,CZ,Calabria
I165,San Sosti,Cosenza,CS,Calabria
I166,San Sperate,Sud Sardegna,SU,Sardegna
I168,Santa Brigida,Bergamo,BG,Lombardia
I169,Santa Caterina Villarmosa,Caltanissetta,CL,Sicilia
I170,Santa Caterina dello Ionio,Catanzaro,CZ,Calabria
I171,Santa Caterina Albanese,Cosenza,CS,Calabria
I172,Santa Cesarea Terme,Lecce,LE,Puglia
I173,Santa Cristina Valgardena,Bolzano/Bozen,BZ,Trentino-Alto Adige/Südtirol
I174,Santa Cristina Gela,Palermo,PA,Sicilia
I175,Santa Cristina e Bissone,Pavia,PV,Lombardia
I176,Santa Cristina d'Aspromonte,Reggio Calabria,RC,Calabria
I177,Santa Croce sull'Arno,Pisa,PI,Toscana
I178,Santa Croce Camerina,Ragusa,RG,Sicilia
I179,Santa Croce del Sannio,Benevento,BN,Campania
I181,Santa Croce di Magliano,Campobasso,CB,Molise
I182,Santadi,Sud Sardegna,SU,Sardegna
I183,Santa Domenica Talao,Cosenza,CS,Calabria
I184,Santa Domenica Vittoria,Messina,ME,Sicilia
I185,Santa Elisabetta,Agrigento,AG,Sicilia
I187,Santa Fiora,Grosseto,GR,Toscana
I188,Santa Flavia,Palermo,PA,Sicilia
I189,Sant'Agapito,Isernia,IS,Molise
I190,Sant'Agata Fossili,Alessandria,AL,Piemonte
I191,Sant'Agata Bolognese,Bologna,BO,Emilia-Romagna
I192,Sant'Agata di Esaro,Cosenza,CS,Calabria
I193,Sant'Agata di Puglia,Foggia,FG,Puglia
I196,Sant'Agata sul Santerno,Ravenna,RA,Emilia-Romagna
I197,Sant'Agata de' Goti,Benevento,BN,Campania
I198,Sant'Agata del Bianco,Reggio Calabria,RC,Calabria
I199,Sant'Agata di Militello,Messina,ME,Sicilia
I201,Sant'Agata Feltria,Rimini,RN,Emilia-Romagna
I202,Sant'Agata li Battiati,Catania,CT,Sicilia
I203,Santa Giuletta,Pavia,PV,Lombardia
I205,Santa Giusta,Oristano,OR,Sardegna
I206,Santa Giustina,Belluno,BL,Veneto
I207,Santa Giustina in Colle,Padova,PD,Veneto
I208,Sant'Agnello,Napoli,NA,Campania
I210,Sant'Albano Stura,Cuneo,CN,Piemonte
I213,Sant'Alessio con Vialone,Pavia,PV,Lombardia
I214,Sant'Alessio in Aspromonte,Reggio Calabria,RC,Calabria
I215,Sant'Alessio Siculo,Messina,ME,Sicilia
I216,Sant'Alfio,Catania,CT,Sicilia
I217,Santa Luce,Pisa,PI,Toscana
I219,Santa Lucia di Serino,Avellino,AV,Campania
I220,Santa Lucia del Mela,Messina,ME,Sicilia
I221,Santa Lucia di Piave,Treviso,TV,Veneto
I224,Santa Margherita di Belice,Agrigento,AG,Sicilia
I225,Santa Margherita Ligure,Genova,GE,Liguria
I230,Santa Margherita di Staffora,Pavia,PV,Lombardia
I232,Santa Maria a Monte,Pisa,PI,Toscana
I233,Santa Maria a Vico,Caserta,CE,Campania
I234,Santa Maria Capua Vetere,Caserta,CE,Campania
I236,Travacò Siccomario,Pavia,PV,Lombardia
I237,Santa Maria della Versa,Pavia,PV,Lombardia
I238,Santa Maria del Molise,Isernia,IS,Molise
I240,Santa Maria di Licodia,Catania,CT,Sicilia
I242,Santa Maria di Sala,Venezia,VE,Veneto
I243,Santa Maria Hoè,Lecco,LC,Lombardia
I244,Santa Maria Imbaro,Chieti,CH,Abruzzo
I247,Santa Maria la Fossa,Caserta,CE,Campania
I248,Santa Maria la Longa,Udine,UD,Friuli-Venezia Giulia
I249,Santa Maria Maggiore,Verbano-Cusio-Ossola,VB,Piemonte
I251,Santa Maria Nuova,Ancona,AN,Marche
I253,Santa Marina,Salerno,SA,Campania
I254,Santa Marina Salina,Messina,ME,Sicilia
I255,Santa Marinella,Roma,RM,Lazio
I256,Sant'Ambrogio sul Garigliano,Frosinone,FR,Lazio
I258,Sant'Ambrogio di Torino,Torino,TO,Piemonte
I259,Sant'Ambrogio di Valpolicella,Verona,VR,Veneto
I260,Santomenna,Salerno,SA,Campania
I261,San Tammaro,Caserta,CE,Campania
I262,Sant'Anastasia,Napoli,NA,Campania
I263,Sant'Anatolia di Narco,Perugia,PG,Umbria
I264,Sant'Andrea di Conza,Avellino,AV,Campania
I265,Sant'Andrea del Garigliano,Frosinone,FR,Lazio
I266,Sant'Andrea Apostolo dello Ionio,Catanzaro,CZ,Calabria
I271,Sant'Andrea Frius,Sud Sardegna,SU,Sardegna
I273,Sant'Angelo d'Alife,Caserta,CE,Campania
I274,Sant'Angelo Lodigiano,Lodi,LO,Lombardia
I275,Sant'Angelo di Piove di Sacco,Padova,PD,Veneto
I276,Sant'Angelo Lomellina,Pavia,PV,Lombardia
I277,Sant'Angelo a Cupolo,Benevento,BN,Campania
I278,Sant'Angelo a Fasanella,Salerno,SA,Campania
I279,Sant'Angelo all'Esca,Avellino,AV,Campania
I280,Sant'Angelo a Scala,Avellino,AV,Campania
I281,Sant'Angelo dei Lombardi,Avellino,AV,Campania
I282,Sant'Angelo del Pesco,Isernia,IS,Molise
I283,Sant'Angelo di Brolo,Messina,ME,Sicilia
I284,Sant'Angelo Romano,Roma,RM,Lazio
I286,Sant'Angelo in Pontano,Macerata,MC,Marche
I287,Sant'Angelo in Vado,Pesaro e Urbino,PU,Marche
I288,Sant'Angelo Le Fratte,Potenza,PZ,Basilicata
I289,Sant'Angelo Limosano,Campobasso,CB,Molise
I290,Sant'Angelo Muxaro,Agrigento,AG,Sicilia
I291,Santa Ninfa,Trapani,TP,Sicilia
I292,Sant'Anna d'Alfaedo,Verona,VR,Veneto
I293,Sant'Antimo,Napoli,NA,Campania
I294,Sant'Antioco,Sud Sardegna,SU,Sardegna
I296,Sant'Antonino di Susa,Torino,TO,Piemonte
I298,Villa Sant'Antonio,Oristano,OR,Sardegna
I300,Sant'Antonio Abate,Napoli,NA,Campania
I301,Santa Paolina,Avellino,AV,Campania
I302,Sant'Apollinare,Frosinone,FR,Lazio
I304,Santarcangelo di Romagna,Rimini,RN,Emilia-Romagna
I305,Sant'Arcangelo,Potenza,PZ,Basilicata
I306,Sant'Arpino,Caserta,CE,Campania
I307,Sant'Arsenio,Salerno,SA,Campania
I308,Santa Severina,Crotone,KR,Calabria
I309,Santa Sofia d'Epiro,Cosenza,CS,Calabria
I310,Santa Sofia,Forlì-Cesena,FC,Emilia-Romagna
I311,Santa Teresa di Riva,Messina,ME,Sicilia
I312,Santa Teresa Gallura,Sassari,SS,Sardegna
I314,Santa Venerina,Catania,CT,Sicilia
I315,Santa Vittoria in Matenano,Fermo,FM,Marche
I316,Santa Vittoria d'Alba,Cuneo,CN,Piemonte
I317,Sant'Egidio del Monte Albino,Salerno,SA,Campania
I318,Sant'Egidio alla Vibrata,Teramo,TE,Abruzzo
I319,Sant'Elena,Padova,PD,Veneto
I320,Sant'Elia a Pianisi,Campobasso,CB,Molise
I321,Sant'Elia Fiumerapido,Frosinone,FR,Lazio
I322,Vallefiorita,Catanzaro,CZ,Calabria
I324,Sant'Elpidio a Mare,Fermo,FM,Marche
I326,Sante Marie,L'Aquila,AQ,Abruzzo
I327,Santena,Torino,TO,Piemonte
I328,San Teodoro,Messina,ME,Sicilia
I329,San Teodoro,Sassari,SS,Sardegna
I330,Santeramo in Colle,Bari,BA,Puglia
I332,Sant'Eufemia a Maiella,Pescara,PE,Abruzzo
I333,Sant'Eufemia d'Aspromonte,Reggio Calabria,RC,Calabria
I335,Sant'Eusanio del Sangro,Chieti,CH,Abruzzo
I336,Sant'Eusanio Forconese,L'Aquila,AQ,Abruzzo
I337,Santhià,Vercelli,VC,Piemonte
I339,Santi Cosma e Damiano,Latina,LT,Lazio
I341,Sant'Ilario dello Ionio,Reggio Calabria,RC,Calabria
I342,Sant'Ilario d'Enza,Reggio nell'Emilia,RE,Emilia-Romagna
I344,Sant'Ippolito,Pesaro e Urbino,PU,Marche
I346,Sant'Olcese,Genova,GE,Liguria
I347,San Tomaso Agordino,Belluno,BL,Veneto
I348,Sant'Omero,Teramo,TE,Abruzzo
I350,Sant'Onofrio,Vibo Valentia,VV,Calabria
I351,Santopadre,Frosinone,FR,Lazio
I352,Sant'Oreste,Roma,RM,Lazio
I353,Santorso,Vicenza,VI,Veneto
I354,Sant'Orsola Terme,Trento,TN,Trentino-Alto Adige/Südtirol
I356,Santo Stefano Quisquina,Agrigento,AG,Sicilia
I357,Santo Stefano del Sole,Avellino,AV,Campania
I359,Santo Stefano di Rogliano,Cosenza,CS,Calabria
I360,Santo Stefano di Sessanio,L'Aquila,AQ,Abruzzo
I361,Santo Stefano Ticino,Milano,MI,Lombardia
I362,Santo Stefano Lodigiano,Lodi,LO,Lombardia
I363,Santo Stefano di Magra,La Spezia,SP,Liguria
I364,Villa Santo Stefano,Frosinone,FR,Lazio
I365,Santo Stefano al Mare,Imperia,IM,Liguria
I367,Santo Stefano Belbo,Cuneo,CN,Piemonte
I368,Santo Stefano d'Aveto,Genova,GE,Liguria
I370,Santo Stefano di Camastra,Messina,ME,Sicilia
I371,Santo Stefano in Aspromonte,Reggio Calabria,RC,Calabria
I372,Santo Stefano Roero,Cuneo,CN,Piemonte
I373,San Stino di Livenza,Venezia,VE,Veneto
I374,Santu Lussurgiu,Oristano,OR,Sardegna
I375,Sant'Urbano,Padova,PD,Veneto
I376,San Valentino in Abruzzo Citeriore,Pescara,PE,Abruzzo
I377,San Valentino Torio,Salerno,SA,Campania
I381,San Venanzo,Terni,TR,Umbria
I382,San Vendemiano,Treviso,TV,Veneto
I384,San Vero Milis,Oristano,OR,Sardegna
I388,San Vincenzo La Costa,Cosenza,CS,Calabria
I389,San Vincenzo Valle Roveto,L'Aquila,AQ,Abruzzo
I390,San Vincenzo,Livorno,LI,Toscana
I391,San Vitaliano,Napoli,NA,Campania
I392,San Vito di Cadore,Belluno,BL,Veneto
I393,San Vito sullo Ionio,Catanzaro,CZ,Calabria
I394,San Vito Chietino,Chieti,CH,Abruzzo
I396,San Vito dei Normanni,Brindisi,BR,Puglia
I400,San Vito Romano,Roma,RM,Lazio
I401,San Vito di Leguzzano,Vicenza,VI,Veneto
I402,San Vito,Sud Sardegna,SU,Sardegna
I403,San Vito al Tagliamento,Pordenone,PN,Friuli-Venezia Giulia
I404,San Vito al Torre,Udine,UD,Friuli-Venezia Giulia
I405,San Vito di Fagagna,Udine,UD,Friuli-Venezia Giulia
I407,San Vito Lo Capo,Trapani,TP,Sicilia
I408,San Vittore del Lazio,Frosinone,FR,Lazio
I409,San Vittore Olona,Milano,MI,Lombardia
I410,Sanza,Salerno,SA,Campania
I411,Sanzeno,Trento,TN,Trentino-Alto Adige/Südtirol
I412,San Zeno Naviglio,Brescia,BS,Lombardia
I414,San Zeno di Montagna,Verona,VR,Veneto
I415,San Zenone al Lambro,Milano,MI,Lombardia
I416,San Zenone al Po,Pavia,PV,Lombardia
I417,San Zenone degli Ezzelini,Treviso,TV,Veneto
I418,Saonara,Padova,PD,Veneto
I420,Saponara,Messina,ME,Sicilia
I421,Sappada,Udine,UD,Friuli-Venezia Giulia
I422,Sapri,Salerno,SA,Campania
I423,Saracena,Cosenza,CS,Calabria
I424,Saracinesco,Roma,RM,Lazio
I425,Sarcedo,Vicenza,VI,Veneto
I426,Sarconi,Potenza,PZ,Basilicata
I428,Sardara,Sud Sardegna,SU,Sardegna
I429,Sardigliano,Alessandria,AL,Piemonte
I430,Sarego,Vicenza,VI,Veneto
I431,Sarentino,Bolzano/Bozen,BZ,Trentino-Alto Adige/Südtirol
I432,Sarezzano,Alessandria,AL,Piemonte
I433,Sarezzo,Brescia,BS,Lombardia
I434,Sarmato,Piacenza,PC,Emilia-Romagna
I435,Sarmede,Treviso,TV,Veneto
I436,Sarnano,Macerata,MC,Marche
I437,Sarnico,Bergamo,BG,Lombardia
I438,Sarno,Salerno,SA,Campania
I439,Sarnonico,Trento,TN,Trentino-Alto Adige/Südtirol
I441,Saronno,Varese,VA,Lombardia
I442,Sarre,Valle d'Aosta/Vallée d'Aoste,AO,Valle d'Aosta/Vallée d'Aoste
I443,Sarroch,Cagliari,CA,Sardegna
I444,Sarsina,Forlì-Cesena,FC,Emilia-Romagna
I445,Sarteano,Siena,SI,Toscana
I447,Sartirana Lomellina,Pavia,PV,Lombardia
I448,Sarule,Nuoro,NU,Sardegna
I449,Sarzana,La Spezia,SP,Liguria
I451,Sassano,Salerno,SA,Campania
I452,Sassari,Sassari,SS,Sardegna
I453,Sassello,Savona,SV,Liguria
I454,Sassetta,Livorno,LI,Toscana
I455,Sassinoro,Benevento,BN,Campania
I457,Sasso di Castalda,Potenza,PZ,Basilicata
I460,Sassofeltrio,Rimini,RN,Emilia-Romagna
I461,Sassoferrato,Ancona,AN,Marche
I462,Sassuolo,Modena,MO,Emilia-Romagna
I463,Satriano,Catanzaro,CZ,Calabria
I464,Sauris,Udine,UD,Friuli-Venezia Giulia
I465,Sauze di Cesana,Torino,TO,Piemonte
I466,Sauze d'Oulx,Torino,TO,Piemonte
I467,Sava,Taranto,TA,Puglia
I468,Savelli,Crotone,KR,Calabria
I469,Saviano,Napoli,NA,Campania
I470,Savigliano,Cuneo,CN,Piemonte
I471,Savignano Irpino,Avellino,AV,Campania
I472,Savignano sul Rubicone,Forlì-Cesena,FC,Emilia-Romagna
I473,Savignano sul Panaro,Modena,MO,Emilia-Romagna
I475,Savignone,Genova,GE,Liguria
I476,Saviore dell'Adamello,Brescia,BS,Lombardia
I477,Savoca,Messina,ME,Sicilia
I478,Savogna,Udine,UD,Friuli-Venezia Giulia
I479,Savogna d'Isonzo,Gorizia,GO,Friuli-Venezia Giulia
I480,Savona,Savona,SV,Liguria
I482,Scafa,Pescara,PE,Abruzzo
I483,Scafati,Salerno,SA,Campania
I484,Scagnello,Cuneo,CN,Piemonte
I485,Scala Coeli,Cosenza,CS,Calabria
I486,Scala,Salerno,SA,Campania
I487,Scaldasole,Pavia,PV,Lombardia
I489,Scalea,Cosenza,CS,Calabria
I490,Scalenghe,Torino,TO,Piemonte
I492,Scaletta Zanclea,Messina,ME,Sicilia
I493,Scampitella,Avellino,AV,Campania
I494,Scandale,Crotone,KR,Calabria
I496,Scandiano,Reggio nell'Emilia,RE,Emilia-Romagna
I497,Scandolara Ravara,Cremona,CR,Lombardia
I498,Scandolara Ripa d'Oglio,Cremona,CR,Lombardia
I499,Scandriglia,Rieti,RI,Lazio
I501,Scanno,L'Aquila,AQ,Abruzzo
I503,Scano di Montiferro,Oristano,OR,Sardegna
I504,Scansano,Grosseto,GR,Toscana
I506,Scanzorosciate,Bergamo,BG,Lombardia
I507,Scapoli,Isernia,IS,Molise
I510,Scarlino,Grosseto,GR,Toscana
I511,Scarmagno,Torino,TO,Piemonte
I512,Scarnafigi,Cuneo,CN,Piemonte
I519,Scena,Bolzano/Bozen,BZ,Trentino-Alto Adige/Südtirol
I520,Scerni,Chieti,CH,Abruzzo
I522,Scheggia e Pascelupo,Perugia,PG,Umbria
I523,Scheggino,Perugia,PG,Umbria
I526,Schiavi di Abruzzo,Chieti,CH,Abruzzo
I527,Schiavon,Vicenza,VI,Veneto
I529,Schignano,Como,CO,Lombardia
I530,Schilpario,Bergamo,BG,Lombardia
I531,Schio,Vicenza,VI,Veneto
I532,Schivenoglia,Mantova,MN,Lombardia
I533,Sciacca,Agrigento,AG,Sicilia
I534,Sciara,Palermo,PA,Sicilia
I535,Scicli,Ragusa,RG,Sicilia
I536,Scido,Reggio Calabria,RC,Calabria
I537,Scilla,Reggio Calabria,RC,Calabria
I538,Scillato,Palermo,PA,Sicilia
I539,Sciolze,Torino,TO,Piemonte
I540,Scisciano,Napoli,NA,Campania
I541,Sclafani Bagni,Palermo,PA,Sicilia
I543,Scontrone,L'Aquila,AQ,Abruzzo
I544,Scopa,Vercelli,VC,Piemonte
I545,Scopello,Vercelli,VC,Piemonte
I546,Scoppito,L'Aquila,AQ,Abruzzo
I548,Scordia,Catania,CT,Sicilia
I549,Scorrano,Lecce,LE,Puglia
I551,Scorzè,Venezia,VE,Veneto
I553,Scurcola Marsicana,L'Aquila,AQ,Abruzzo
I554,Scurelle,Trento,TN,Trentino-Alto Adige/Südtirol
I555,Scurzolengo,Asti,AT,Piemonte
I556,Seborga,Imperia,IM,Liguria
I558,Secinaro,L'Aquila,AQ,Abruzzo
I559,Seclì,Lecce,LE,Puglia
I561,Secugnago,Lodi,LO,Lombardia
I562,Sedegliano,Udine,UD,Friuli-Venezia Giulia
I563,Sedico,Belluno,BL,Veneto
I564,Sedilo,Oristano,OR,Sardegna
I565,Sedini,Sassari,SS,Sardegna
I566,Sedriano,Milano,MI,Lombardia
I567,Sedrina,Bergamo,BG,Lombardia
I569,Sefro,Macerata,MC,Marche
I570,Segariu,Sud Sardegna,SU,Sardegna
I571,Seggiano,Grosseto,GR,Toscana
I573,Segni,Roma,RM,Lazio
I576,Segonzano,Trento,TN,Trentino-Alto Adige/Südtirol
I577,Segrate,Milano,MI,Lombardia
I578,Segusino,Treviso,TV,Veneto
I580,Selargius,Cagliari,CA,Sardegna
I581,Selci,Rieti,RI,Lazio
I582,Selegas,Sud Sardegna,SU,Sardegna
I585,Sellano,Perugia,PG,Umbria
I588,Sellero,Brescia,BS,Lombardia
I589,Sellia,Catanzaro,CZ,Calabria
I590,Sellia Marina,Catanzaro,CZ,Calabria
I591,Selva di Val Gardena,Bolzano/Bozen,BZ,Trentino-Alto Adige/Südtirol
I592,Selva di Cadore,Belluno,BL,Veneto
I593,Selva dei Molini,Bolzano/Bozen,BZ,Trentino-Alto Adige/Südtirol
I594,Selva di Progno,Verona,VR,Veneto
I595,Selvazzano Dentro,Padova,PD,Veneto
I597,Selvino,Bergamo,BG,Lombardia
I598,Semestene,Sassari,SS,Sardegna
I599,Semiana,Pavia,PV,Lombardia
I600,Seminara,Reggio Calabria,RC,Calabria
I601,Semproniano,Grosseto,GR,Toscana
I602,Senago,Milano,MI,Lombardia
I603,Senale-San Felice,Bolzano/Bozen,BZ,Trentino-Alto Adige/Südtirol
I604,Senales,Bolzano/Bozen,BZ,Trentino-Alto Adige/Südtirol
I605,Seneghe,Oristano,OR,Sardegna
I606,Senerchia,Avellino,AV,Campania
I607,Seniga,Brescia,BS,Lombardia
I608,Senigallia,Ancona,AN,Marche
I609,Senis,Oristano,OR,Sardegna
I610,Senise,Potenza,PZ,Basilicata
I611,Senna Comasco,Como,CO,Lombardia
I612,Senna Lodigiana,Lodi,LO,Lombardia
I613,Sennariolo,Oristano,OR,Sardegna
I614,Sennori,Sassari,SS,Sardegna
I615,Senorbì,Sud Sardegna,SU,Sardegna
I618,Sepino,Campobasso,CB,Molise
I621,Sequals,Pordenone,PN,Friuli-Venezia Giulia
I622,Seravezza,Lucca,LU,Toscana
I624,Serdiana,Sud Sardegna,SU,Sardegna
I625,Seregno,Monza e della Brianza,MB,Lombardia
I626,Seren del Grappa,Belluno,BL,Veneto
I627,Sergnano,Cremona,CR,Lombardia
I628,Seriate,Bergamo,BG,Lombardia
I629,Serina,Bergamo,BG,Lombardia
I630,Serino,Avellino,AV,Campania
I631,Serle,Brescia,BS,Lombardia
I632,Sermide e Felonica,Mantova,MN,Lombardia
I633,Sirmione,Brescia,BS,Lombardia
I634,Sermoneta,Latina,LT,Lazio
I635,Sernaglia della Battaglia,Treviso,TV,Veneto
I636,Sernio,Sondrio,SO,Lombardia
I637,Serole,Asti,AT,Piemonte
I639,Serra San Bruno,Vibo Valentia,VV,Calabria
I640,Serra Riccò,Genova,GE,Liguria
I641,Serracapriola,Foggia,FG,Puglia
I642,Serra d'Aiello,Cosenza,CS,Calabria
I643,Serra de' Conti,Ancona,AN,Marche
I644,Serradifalco,Caltanissetta,CL,Sicilia
I645,Serralunga di Crea,Alessandria,AL,Piemonte
I646,Serralunga d'Alba,Cuneo,CN,Piemonte
I647,Serramanna,Sud Sardegna,SU,Sardegna
I648,Serramezzana,Salerno,SA,Campania
I649,Serramonacesca,Pescara,PE,Abruzzo
I651,Serrapetrona,Macerata,MC,Marche
I652,Serrara Fontana,Napoli,NA,Campania
I653,Serra San Quirico,Ancona,AN,Marche
I654,Serra Sant'Abbondio,Pesaro e Urbino,PU,Marche
I655,Serrastretta,Catanzaro,CZ,Calabria
I656,Serrata,Reggio Calabria,RC,Calabria
I657,Serravalle Scrivia,Alessandria,AL,Piemonte
I659,Serravalle Langhe,Cuneo,CN,Piemonte
I660,Serravalle Pistoiese,Pistoia,PT,Toscana
I661,Serravalle di Chienti,Macerata,MC,Marche
I662,Serravalle a Po,Mantova,MN,Lombardia
I663,Serravalle Sesia,Vercelli,VC,Piemonte
I666,Serre,Salerno,SA,Campania
I667,Serrenti,Sud Sardegna,SU,Sardegna
I668,Serri,Sud Sardegna,SU,Sardegna
I669,Serrone,Frosinone,FR,Lazio
I671,Sersale,Catanzaro,CZ,Calabria
I673,Sovramonte,Belluno,BL,Veneto
I676,Sessa Aurunca,Caserta,CE,Campania
I677,Sessa Cilento,Salerno,SA,Campania
I678,Sessame,Asti,AT,Piemonte
I679,Sessano del Molise,Isernia,IS,Molise
I681,Sestino,Arezzo,AR,Toscana
I682,Sesto Campano,Isernia,IS,Molise
I683,Sesto ed Uniti,Cremona,CR,Lombardia
I684,Sesto Fiorentino,Firenze,FI,Toscana
I686,Sesto al Reghena,Pordenone,PN,Friuli-Venezia Giulia
I687,Sesto,Bolzano/Bozen,BZ,Trentino-Alto Adige/Südtirol
I688,Sesto Calende,Varese,VA,Lombardia
I689,Sestola,Modena,MO,Emilia-Romagna
I690,Sesto San Giovanni,Milano,MI,Lombardia
I692,Sestriere,Torino,TO,Piemonte
I693,Sestri Levante,Genova,GE,Liguria
I695,Sestu,Cagliari,CA,Sardegna
I696,Settala,Milano,MI,Lombardia
I697,Settefrati,Frosinone,FR,Lazio
I698,Settime,Asti,AT,Piemonte
I699,Settimo San Pietro,Cagliari,CA,Sardegna
I700,Settimo Milanese,Milano,MI,Lombardia
I701,Settimo Rottaro,Torino,TO,Piemonte
I702,Settimo Vittone,Torino,TO,Piemonte
I703,Settimo Torinese,Torino,TO,Piemonte
I704,Settingiano,Catanzaro,CZ,Calabria
I705,Setzu,Sud Sardegna,SU,Sardegna
I706,Seui,Sud Sardegna,SU,Sardegna
I707,Seulo,Sud Sardegna,SU,Sardegna
I709,Seveso,Monza e della Brianza,MB,Lombardia
I711,Sezzadio,Alessandria,AL,Piemonte
I712,Sezze,Latina,LT,Lazio
I714,Sfruz,Trento,TN,Trentino-Alto Adige/Südtirol
I715,Sgonico,Trieste,TS,Friuli-Venezia Giulia
I716,Sgurgola,Frosinone,FR,Lazio
I717,Siamaggiore,Oristano,OR,Sardegna
I718,Siamanna,Oristano,OR,Sardegna
I720,Siano,Salerno,SA,Campania
I721,Siapiccia,Oristano,OR,Sardegna
I723,Siculiana,Agrigento,AG,Sicilia
I724,Siddi,Sud Sardegna,SU,Sardegna
I725,Siderno,Reggio Calabria,RC,Calabria
I726,Siena,Siena,SI,Toscana
I727,Sigillo,Perugia,PG,Umbria
I728,Signa,Firenze,FI,Toscana
I729,Silandro,Bolzano/Bozen,BZ,Trentino-Alto Adige/Südtirol
I730,Silanus,Nuoro,NU,Sardegna
I732,Siligo,Sassari,SS,Sardegna
I734,Siliqua,Sud Sardegna,SU,Sardegna
I735,Silius,Sud Sardegna,SU,Sardegna
I736,Sillavengo,Novara,NO,Piemonte
I738,Silvano d'Orba,Alessandria,AL,Piemonte
I739,Silvano Pietra,Pavia,PV,Lombardia
I741,Silvi,Teramo,TE,Abruzzo
I742,Simala,Oristano,OR,Sardegna
I743,Simaxis,Oristano,OR,Sardegna
I744,Simbario,Vibo Valentia,VV,Calabria
I745,Simeri Crichi,Catanzaro,CZ,Calabria
I747,Sinagra,Messina,ME,Sicilia
I748,Sindia,Nuoro,NU,Sardegna
I749,Sini,Oristano,OR,Sardegna
I750,Sinio,Cuneo,CN,Piemonte
I751,Siniscola,Nuoro,NU,Sardegna
I752,Sinnai,Cagliari,CA,Sardegna
I753,Sinopoli,Reggio Calabria,RC,Calabria
I754,Siracusa,Siracusa,SR,Sicilia
I756,Sirignano,Avellino,AV,Campania
I757,Siris,Oristano,OR,Sardegna
I758,Sirolo,Ancona,AN,Marche
I759,Sirone,Lecco,LC,Lombardia
I761,Sirtori,Lecco,LC,Lombardia
I765,Siurgus Donigala,Sud Sardegna,SU,Sardegna
I767,Sizzano,Novara,NO,Piemonte
I771,Sluderno,Bolzano/Bozen,BZ,Trentino-Alto Adige/Südtirol
I774,Smerillo,Fermo,FM,Marche
I775,Soave,Verona,VR,Veneto
I777,Socchieve,Udine,UD,Friuli-Venezia Giulia
I778,Soddì,Oristano,OR,Sardegna
I779,Sogliano al Rubicone,Forlì-Cesena,FC,Emilia-Romagna
I780,Sogliano Cavour,Lecce,LE,Puglia
I781,Soglio,Asti,AT,Piemonte
I782,Soiano del Lago,Brescia,BS,Lombardia
I783,Solagna,Vicenza,VI,Veneto
I785,Solarino,Siracusa,SR,Sicilia
I786,Solaro,Milano,MI,Lombardia
I787,Solarolo,Ravenna,RA,Emilia-Romagna
I790,Solarolo Rainerio,Cremona,CR,Lombardia
I791,Solarussa,Oristano,OR,Sardegna
I793,Solbiate Arno,Varese,VA,Lombardia
I794,Solbiate Olona,Varese,VA,Lombardia
I796,Soldano,Imperia,IM,Liguria
I797,Soleminis,Sud Sardegna,SU,Sardegna
I798,Solero,Alessandria,AL,Piemonte
I799,Solesino,Padova,PD,Veneto
I800,Soleto,Lecce,LE,Puglia
I801,Solferino,Mantova,MN,Lombardia
I802,Soliera,Modena,MO,Emilia-Romagna
I803,Solignano,Parma,PR,Emilia-Romagna
I804,Sulmona,L'Aquila,AQ,Abruzzo
I805,Solofra,Avellino,AV,Campania
I808,Solonghello,Alessandria,AL,Piemonte
I809,Solopaca,Benevento,BN,Campania
I812,Solto Collina,Bergamo,BG,Lombardia
I813,Solza,Bergamo,BG,Lombardia
I815,Somaglia,Lodi,LO,Lombardia
I817,Somano,Cuneo,CN,Piemonte
I819,Somma Lombardo,Varese,VA,Lombardia
I820,Somma Vesuviana,Napoli,NA,Campania
I821,Sommacampagna,Verona,VR,Veneto
I822,Sommariva del Bosco,Cuneo,CN,Piemonte
I823,Sommariva Perno,Cuneo,CN,Piemonte
I824,Sommatino,Caltanissetta,CL,Sicilia
I825,Sommo,Pavia,PV,Lombardia
I826,Sona,Verona,VR,Veneto
I827,Soncino,Cremona,CR,Lombardia
I828,Sondalo,Sondrio,SO,Lombardia
I829,Sondrio,Sondrio,SO,Lombardia
I830,Songavazzo,Bergamo,BG,Lombardia
I831,Sonico,Brescia,BS,Lombardia
I832,Sonnino,Latina,LT,Lazio
I838,Sora,Frosinone,FR,Lazio
I839,Soraga di Fassa,Trento,TN,Trentino-Alto Adige/Südtirol
I840,Soragna,Parma,PR,Emilia-Romagna
I841,Sorano,Grosseto,GR,Toscana
I843,Sorbo Serpico,Avellino,AV,Campania
I844,Sorbo San Basile,Catanzaro,CZ,Calabria
I847,Sordevolo,Biella,BI,Piemonte
I848,Sordio,Lodi,LO,Lombardia
I849,Soresina,Cremona,CR,Lombardia
I850,Sorgà,Verona,VR,Veneto
I851,Sorgono,Nuoro,NU,Sardegna
I852,Sori,Genova,GE,Liguria
I853,Sorianello,Vibo Valentia,VV,Calabria
I854,Soriano Calabro,Vibo Valentia,VV,Calabria
I855,Soriano nel Cimino,Viterbo,VT,Lazio
I856,Sorico,Como,CO,Lombardia
I857,Soriso,Novara,NO,Piemonte
I858,Sorisole,Bergamo,BG,Lombardia
I860,Sormano,Como,CO,Lombardia
I861,Sorradile,Oristano,OR,Sardegna
I862,Sorrento,Napoli,NA,Campania
I863,Sorso,Sassari,SS,Sardegna
I864,Sortino,Siracusa,SR,Sicilia
I865,Sospiro,Cremona,CR,Lombardia
I866,Sospirolo,Belluno,BL,Veneto
I867,Sossano,Vicenza,VI,Veneto
I868,Sostegno,Biella,BI,Piemonte
I869,Sotto il Monte Giovanni XXIII,Bergamo,BG,Lombardia
I871,Sover,Trento,TN,Trentino-Alto Adige/Südtirol
I872,Soverato,Catanzaro,CZ,Calabria
I873,Sovere,Bergamo,BG,Lombardia
I874,Soveria Mannelli,Catanzaro,CZ,Calabria
I875,Soveria Simeri,Catanzaro,CZ,Calabria
I876,Soverzene,Belluno,BL,Veneto
I877,Sovicille,Siena,SI,Toscana
I878,Sovico,Monza e della Brianza,MB,Lombardia
I880,Sozzago,Novara,NO,Piemonte
I881,Spadafora,Messina,ME,Sicilia
I884,Spadola,Vibo Valentia,VV,Calabria
I885,Sparanise,Caserta,CE,Campania
I886,Sparone,Torino,TO,Piemonte
I887,Specchia,Lecce,LE,Puglia
I888,Spello,Perugia,PG,Umbria
I891,Sperlinga,Enna,EN,Sicilia
I892,Sperlonga,Latina,LT,Lazio
I893,Sperone,Avellino,AV,Campania
I894,Spessa,Pavia,PV,Lombardia
I895,Spezzano Albanese,Cosenza,CS,Calabria
I896,Spezzano della Sila,Cosenza,CS,Calabria
I899,Spiazzo,Trento,TN,Trentino-Alto Adige/Südtirol
I901,Spigno Monferrato,Alessandria,AL,Piemonte
I902,Spigno Saturnia,Latina,LT,Lazio
I903,Spilamberto,Modena,MO,Emilia-Romagna
I904,Spilimbergo,Pordenone,PN,Friuli-Venezia Giulia
I905,Spilinga,Vibo Valentia,VV,Calabria
I906,Spinadesco,Cremona,CR,Lombardia
I907,Spinazzola,Barletta-Andria-Trani,BT,Puglia
I908,Spinea,Venezia,VE,Veneto
I909,Spineda,Cremona,CR,Lombardia
I910,Spinete,Campobasso,CB,Molise
I911,Spineto Scrivia,Alessandria,AL,Piemonte
I912,Spinetoli,Ascoli Piceno,AP,Marche
I914,Spino d'Adda,Cremona,CR,Lombardia
I916,Spinone al Lago,Bergamo,BG,Lombardia
I917,Spinoso,Potenza,PZ,Basilicata
I919,Spirano,Bergamo,BG,Lombardia
I921,Spoleto,Perugia,PG,Umbria
I922,Spoltore,Pescara,PE,Abruzzo
I923,Spongano,Lecce,LE,Puglia
I924,Spormaggiore,Trento,TN,Trentino-Alto Adige/Südtirol
I925,Sporminore,Trento,TN,Trentino-Alto Adige/Südtirol
I926,Spotorno,Savona,SV,Liguria
I927,Spresiano,Treviso,TV,Veneto
I928,Spriana,Sondrio,SO,Lombardia
I929,Squillace,Catanzaro,CZ,Calabria
I930,Squinzano,Lecce,LE,Puglia
I932,Staffolo,Ancona,AN,Marche
I935,Stagno Lombardo,Cremona,CR,Lombardia
I936,Staiti,Reggio Calabria,RC,Calabria
I937,Stalettì,Catanzaro,CZ,Calabria
I938,Stanghella,Padova,PD,Veneto
I939,Staranzano,Gorizia,GO,Friuli-Venezia Giulia
I941,Stazzano,Alessandria,AL,Piemonte
I942,Stazzema,Lucca,LU,Toscana
I943,Stazzona,Como,CO,Lombardia
I945,Stefanaconi,Vibo Valentia,VV,Calabria
I946,Stella,Savona,SV,Liguria
I947,Stellanello,Savona,SV,Liguria
I948,Stelvio,Bolzano/Bozen,BZ,Trentino-Alto Adige/Südtirol
I949,Stenico,Trento,TN,Trentino-Alto Adige/Südtirol
I950,Sternatia,Lecce,LE,Puglia
I951,Stezzano,Bergamo,BG,Lombardia
I953,Stienta,Rovigo,RO,Veneto
I954,Stigliano,Matera,MT,Basilicata
I955,Stignano,Reggio Calabria,RC,Calabria
I956,Stilo,Reggio Calabria,RC,Calabria
I959,Stimigliano,Rieti,RI,Lazio
I960,Stio,Salerno,SA,Campania
I962,Stornara,Foggia,FG,Puglia
I963,Stornarella,Foggia,FG,Puglia
I964,Storo,Trento,TN,Trentino-Alto Adige/Südtirol
I965,Stra,Venezia,VE,Veneto
I968,Stradella,Pavia,PV,Lombardia
I969,Strambinello,Torino,TO,Piemonte
I970,Strambino,Torino,TO,Piemonte
I973,Strangolagalli,Frosinone,FR,Lazio
I974,Stregna,Udine,UD,Friuli-Venezia Giulia
I975,Strembo,Trento,TN,Trentino-Alto Adige/Südtirol
I976,Stresa,Verbano-Cusio-Ossola,VB,Piemonte
I977,Strevi,Alessandria,AL,Piemonte
I978,Striano,Napoli,NA,Campania
I980,Strona,Biella,BI,Piemonte
I981,Stroncone,Terni,TR,Umbria
I982,Strongoli,Crotone,KR,Calabria
I984,Stroppiana,Vercelli,VC,Piemonte
I985,Stroppo,Cuneo,CN,Piemonte
I986,Strozza,Bergamo,BG,Lombardia
I990,Sturno,Avellino,AV,Campania
I991,Subbiano,Arezzo,AR,Toscana
I992,Subiaco,Roma,RM,Lazio
I993,Succivo,Caserta,CE,Campania
I994,Sueglio,Lecco,LC,Lombardia
I995,Suelli,Sud Sardegna,SU,Sardegna
I996,Suello,Lecco,LC,Lombardia
I997,Suisio,Bergamo,BG,Lombardia
I998,Sulbiate,Monza e della Brianza,MB,Lombardia
L002,Sulzano,Brescia,BS,Lombardia
L003,Sumirago,Varese,VA,Lombardia
L004,Summonte,Avellino,AV,Campania
L006,Suni,Oristano,OR,Sardegna
L007,Suno,Novara,NO,Piemonte
L008,Supersano,Lecce,LE,Puglia
L009,Supino,Frosinone,FR,Lazio
L010,Surano,Lecce,LE,Puglia
L011,Surbo,Lecce,LE,Puglia
L013,Susa,Torino,TO,Piemonte
L014,Susegana,Treviso,TV,Veneto
L015,Sustinente,Mantova,MN,Lombardia
L016,Sutera,Caltanissetta,CL,Sicilia
L017,Sutri,Viterbo,VT,Lazio
L018,Sutrio,Udine,UD,Friuli-Venezia Giulia
L019,Suvereto,Livorno,LI,Toscana
L020,Suzzara,Mantova,MN,Lombardia
L022,Taceno,Lecco,LC,Lombardia
L023,Tadasuni,Oristano,OR,Sardegna
L024,Taggia,Imperia,IM,Liguria
L025,Tagliacozzo,L'Aquila,AQ,Abruzzo
L026,Taglio di Po,Rovigo,RO,Veneto
L027,Tagliolo Monferrato,Alessandria,AL,Piemonte
L030,Taibon Agordino,Belluno,BL,Veneto
L032,Taino,Varese,VA,Lombardia
L034,Talamello,Rimini,RN,Emilia-Romagna
L035,Talamona,Sondrio,SO,Lombardia
L036,Talana,Nuoro,NU,Sardegna
L037,Taleggio,Bergamo,BG,Lombardia
L038,Talla,Arezzo,AR,Toscana
L039,Talmassons,Udine,UD,Friuli-Venezia Giulia
L040,Tambre,Belluno,BL,Veneto
L042,Taormina,Messina,ME,Sicilia
L046,Tarano,Rieti,RI,Lazio
L047,Taranta Peligna,Chieti,CH,Abruzzo
L048,Tarantasca,Cuneo,CN,Piemonte
L049,Taranto,Taranto,TA,Puglia
L050,Tarcento,Udine,UD,Friuli-Venezia Giulia
L055,Tarsia,Cosenza,CS,Calabria
L056,Tartano,Sondrio,SO,Lombardia
L057,Tarvisio,Udine,UD,Friuli-Venezia Giulia
L058,Tarzo,Treviso,TV,Veneto
L059,Tassarolo,Alessandria,AL,Piemonte
L061,Taurano,Avellino,AV,Campania
L062,Taurasi,Avellino,AV,Campania
L063,Taurianova,Reggio Calabria,RC,Calabria
L064,Taurisano,Lecce,LE,Puglia
L065,Tavagnacco,Udine,UD,Friuli-Venezia Giulia
L066,Tavagnasco,Torino,TO,Piemonte
L069,Tavenna,Campobasso,CB,Molise
L070,Taverna,Catanzaro,CZ,Calabria
L071,Tavernerio,Como,CO,Lombardia
L073,Tavernola Bergamasca,Bergamo,BG,Lombardia
L074,Taviano,Lecce,LE,Puglia
L075,Tavigliano,Biella,BI,Piemonte
L078,Tavoleto,Pesaro e Urbino,PU,Marche
L081,Tavullia,Pesaro e Urbino,PU,Marche
L082,Teana,Potenza,PZ,Basilicata
L083,Teano,Caserta,CE,Campania
L084,Teglio,Sondrio,SO,Lombardia
L085,Teglio Veneto,Venezia,VE,Veneto
L086,Telese Terme,Benevento,BN,Campania
L087,Telgate,Bergamo,BG,Lombardia
L088,Telti,Sassari,SS,Sardegna
L089,Telve,Trento,TN,Trentino-Alto Adige/Südtirol
L090,Telve di Sopra,Trento,TN,Trentino-Alto Adige/Südtirol
L093,Tempio Pausania,Sassari,SS,Sardegna
L094,Temù,Brescia,BS,Lombardia
L096,Tenna,Trento,TN,Trentino-Alto Adige/Südtirol
L097,Tenno,Trento,TN,Trentino-Alto Adige/Südtirol
L100,Teolo,Padova,PD,Veneto
L102,Teora,Avellino,AV,Campania
L103,Teramo,Teramo,TE,Abruzzo
L104,Terdobbiate,Novara,NO,Piemonte
L105,Terelle,Frosinone,FR,Lazio
L106,Terento,Bolzano/Bozen,BZ,Trentino-Alto Adige/Südtirol
L108,Terlano,Bolzano/Bozen,BZ,Trentino-Alto Adige/Südtirol
L109,Terlizzi,Bari,BA,Puglia
L111,Termeno sulla strada del vino,Bolzano/Bozen,BZ,Trentino-Alto Adige/Südtirol
L112,Termini Imerese,Palermo,PA,Sicilia
L113,Termoli,Campobasso,CB,Molise
L115,Ternate,Varese,VA,Lombardia
L116,Ternengo,Biella,BI,Piemonte
L117,Terni,Terni,TR,Umbria
L118,Terno d'Isola,Bergamo,BG,Lombardia
L120,Terracina,Latina,LT,Lazio
L121,Terragnolo,Trento,TN,Trentino-Alto Adige/Südtirol
L122,Terralba,Oristano,OR,Sardegna
L123,Terranuova Bracciolini,Arezzo,AR,Toscana
L124,Terranova da Sibari,Cosenza,CS,Calabria
L125,Terranova dei Passerini,Lodi,LO,Lombardia
L126,Terranova di Pollino,Potenza,PZ,Basilicata
L127,Terranova Sappo Minulio,Reggio Calabria,RC,Calabria
L131,Terrasini,Palermo,PA,Sicilia
L132,Terrassa Padovana,Padova,PD,Veneto
L134,Terravecchia,Cosenza,CS,Calabria
L136,Terrazzo,Verona,VR,Veneto
L138,Terricciola,Pisa,PI,Toscana
L139,Terruggia,Alessandria,AL,Piemonte
L140,Tertenia,Nuoro,NU,Sardegna
L142,Terzigno,Napoli,NA,Campania
L143,Terzo,Alessandria,AL,Piemonte
L144,Terzo d'Aquileia,Udine,UD,Friuli-Venezia Giulia
L145,Terzolas,Trento,TN,Trentino-Alto Adige/Südtirol
L146,Terzorio,Imperia,IM,Liguria
L147,Tesero,Trento,TN,Trentino-Alto Adige/Südtirol
L149,Tesimo,Bolzano/Bozen,BZ,Trentino-Alto Adige/Südtirol
L150,Tessennano,Viterbo,VT,Lazio
L152,Testico,Savona,SV,Liguria
L153,Teti,Nuoro,NU,Sardegna
L154,Teulada,Sud Sardegna,SU,Sardegna
L155,Teverola,Caserta,CE,Campania
L156,Tezze sul Brenta,Vicenza,VI,Veneto
L157,Thiene,Vicenza,VI,Veneto
L158,Thiesi,Sassari,SS,Sardegna
L160,Tiana,Nuoro,NU,Sardegna
L164,Ticengo,Cremona,CR,Lombardia
L165,Ticineto,Alessandria,AL,Piemonte
L166,Tiggiano,Lecce,LE,Puglia
L167,Tiglieto,Genova,GE,Liguria
L168,Tigliole,Asti,AT,Piemonte
L169,Tignale,Brescia,BS,Lombardia
L172,Tinnura,Oristano,OR,Sardegna
L173,Tione degli Abruzzi,L'Aquila,AQ,Abruzzo
L174,Tione di Trento,Trento,TN,Trentino-Alto Adige/Südtirol
L175,Tirano,Sondrio,SO,Lombardia
L176,Tires,Bolzano/Bozen,BZ,Trentino-Alto Adige/Südtirol
L177,Tiriolo,Catanzaro,CZ,Calabria
L178,Tirolo,Bolzano/Bozen,BZ,Trentino-Alto Adige/Südtirol
L180,Tissi,Sassari,SS,Sardegna
L181,Tito,Potenza,PZ,Basilicata
L182,Tivoli,Roma,RM,Lazio
L183,Tizzano Val Parma,Parma,PR,Emilia-Romagna
L184,Toano,Reggio nell'Emilia,RE,Emilia-Romagna
L185,Tocco Caudio,Benevento,BN,Campania
L186,Tocco da Casauria,Pescara,PE,Abruzzo
L187,Toceno,Verbano-Cusio-Ossola,VB,Piemonte
L188,Todi,Perugia,PG,Umbria
L189,Toffia,Rieti,RI,Lazio
L190,Toirano,Savona,SV,Liguria
L191,Tolentino,Macerata,MC,Marche
L192,Tolfa,Roma,RM,Lazio
L193,Tollegno,Biella,BI,Piemonte
L194,Tollo,Chieti,CH,Abruzzo
L195,Tolmezzo,Udine,UD,Friuli-Venezia Giulia
L197,Tolve,Potenza,PZ,Basilicata
L199,Tombolo,Padova,PD,Veneto
L200,Ton,Trento,TN,Trentino-Alto Adige/Südtirol
L202,Tonara,Nuoro,NU,Sardegna
L203,Tonco,Asti,AT,Piemonte
L205,Tora e Piccilli,Caserta,CE,Campania
L206,Torano Castello,Cosenza,CS,Calabria
L207,Torano Nuovo,Teramo,TE,Abruzzo
L210,Torbole Casaglia,Brescia,BS,Lombardia
L211,Torcegno,Trento,TN,Trentino-Alto Adige/Südtirol
L212,Torchiara,Salerno,SA,Campania
L213,Torchiarolo,Brindisi,BR,Puglia
L214,Torella dei Lombardi,Avellino,AV,Campania
L215,Torella del Sannio,Campobasso,CB,Molise
L216,Torgiano,Perugia,PG,Umbria
L217,Torgnon,Valle d'Aosta/Vallée d'Aoste,AO,Valle d'Aosta/Vallée d'Aoste
L218,Torino di Sangro,Chieti,CH,Abruzzo
L219,Torino,Torino,TO,Piemonte
L220,Toritto,Bari,BA,Puglia
L221,Torlino Vimercati,Cremona,CR,Lombardia
L223,Tornaco,Novara,NO,Piemonte
L224,Tornareccio,Chieti,CH,Abruzzo
L225,Tornata,Cremona,CR,Lombardia
L227,Tornimparte,L'Aquila,AQ,Abruzzo
L228,Torno,Como,CO,Lombardia
L229,Tornolo,Parma,PR,Emilia-Romagna
L230,Toro,Campobasso,CB,Molise
L231,Torpè,Nuoro,NU,Sardegna
L233,Torraca,Salerno,SA,Campania
L235,Torralba,Sassari,SS,Sardegna
L237,Torrazza Coste,Pavia,PV,Lombardia
L238,Torrazza Piemonte,Torino,TO,Piemonte
L239,Torrazzo,Biella,BI,Piemonte
L240,Torre di Ruggiero,Catanzaro,CZ,Calabria
L241,Torre Mondovì,Cuneo,CN,Piemonte
L243,Torre Cajetani,Frosinone,FR,Lazio
L244,Torre di Santa Maria,Sondrio,SO,Lombardia
L245,Torre Annunziata,Napoli,NA,Campania
L246,Torreano,Udine,UD,Friuli-Venezia Giulia
L247,Torre Canavese,Torino,TO,Piemonte
L248,Torrebelvicino,Vicenza,VI,Veneto
L250,Torre Beretti e Castellaro,Pavia,PV,Lombardia
L251,Torre Boldone,Bergamo,BG,Lombardia
L252,Torre Bormida,Cuneo,CN,Piemonte
L253,Torrebruna,Chieti,CH,Abruzzo
L254,Torrecuso,Benevento,BN,Campania
L256,Torre d'Arese,Pavia,PV,Lombardia
L257,Torre de' Busi,Bergamo,BG,Lombardia
L258,Torre de' Picenardi,Cremona,CR,Lombardia
L259,Torre del Greco,Napoli,NA,Campania
L262,Torre de' Negri,Pavia,PV,Lombardia
L263,Torre de' Passeri,Pescara,PE,Abruzzo
L265,Torre de' Roveri,Bergamo,BG,Lombardia
L267,Torre di Mosto,Venezia,VE,Veneto
L269,Torre d'Isola,Pavia,PV,Lombardia
L270,Torreglia,Padova,PD,Veneto
L271,Torregrotta,Messina,ME,Sicilia
L272,Torre Le Nocelle,Avellino,AV,Campania
L273,Torremaggiore,Foggia,FG,Puglia
L274,Torre Orsaia,Salerno,SA,Campania
L276,Torre Pallavicina,Bergamo,BG,Lombardia
L277,Torre Pellice,Torino,TO,Piemonte
L278,Torre San Giorgio,Cuneo,CN,Piemonte
L279,Torre San Patrizio,Fermo,FM,Marche
L280,Torre Santa Susanna,Brindisi,BR,Puglia
L281,Torresina,Cuneo,CN,Piemonte
L282,Torretta,Palermo,PA,Sicilia
L284,Torrevecchia Teatina,Chieti,CH,Abruzzo
L285,Torrevecchia Pia,Pavia,PV,Lombardia
L286,Torri in Sabina,Rieti,RI,Lazio
L287,Torri del Benaco,Verona,VR,Veneto
L290,Torrice,Frosinone,FR,Lazio
L291,Torricella Peligna,Chieti,CH,Abruzzo
L292,Torricella Verzate,Pavia,PV,Lombardia
L293,Torricella in Sabina,Rieti,RI,Lazio
L294,Torricella,Taranto,TA,Puglia
L295,Torricella Sicura,Teramo,TE,Abruzzo
L296,Torricella del Pizzo,Cremona,CR,Lombardia
L297,Torri di Quartesolo,Vicenza,VI,Veneto
L298,Torriglia,Genova,GE,Liguria
L299,Torrile,Parma,PR,Emilia-Romagna
L301,Torrioni,Avellino,AV,Campania
L302,Torrita Tiberina,Roma,RM,Lazio
L303,Torrita di Siena,Siena,SI,Toscana
L304,Tortona,Alessandria,AL,Piemonte
L305,Tortora,Cosenza,CS,Calabria
L306,Tortorella,Salerno,SA,Campania
L307,Tortoreto,Teramo,TE,Abruzzo
L308,Tortorici,Messina,ME,Sicilia
L309,Torviscosa,Udine,UD,Friuli-Venezia Giulia
L310,Tuscania,Viterbo,VT,Lazio
L312,Toscolano-Maderno,Brescia,BS,Lombardia
L314,Tossicia,Teramo,TE,Abruzzo
L315,Tovo San Giacomo,Savona,SV,Liguria
L316,Tovo di Sant'Agata,Sondrio,SO,Lombardia
L317,Trabia,Palermo,PA,Sicilia
L319,Tradate,Varese,VA,Lombardia
L321,Tramatza,Oristano,OR,Sardegna
L322,Trambileno,Trento,TN,Trentino-Alto Adige/Südtirol
L323,Tramonti,Salerno,SA,Campania
L324,Tramonti di Sopra,Pordenone,PN,Friuli-Venezia Giulia
L325,Tramonti di Sotto,Pordenone,PN,Friuli-Venezia Giulia
L326,Tramutola,Potenza,PZ,Basilicata
L327,Trana,Torino,TO,Piemonte
L328,Trani,Barletta-Andria-Trani,BT,Puglia
L330,Traona,Sondrio,SO,Lombardia
L331,Trapani,Trapani,TP,Sicilia
L332,Trappeto,Palermo,PA,Sicilia
L333,Trarego Viggiona,Verbano-Cusio-Ossola,VB,Piemonte
L334,Trasacco,L'Aquila,AQ,Abruzzo
L335,Trasaghis,Udine,UD,Friuli-Venezia Giulia
L336,Trasquera,Verbano-Cusio-Ossola,VB,Piemonte
L337,Tratalias,Sud Sardegna,SU,Sardegna
L339,Travagliato,Brescia,BS,Lombardia
L340,Traves,Torino,TO,Piemonte
L342,Travedona-Monate,Varese,VA,Lombardia
L345,Traversella,Torino,TO,Piemonte
L346,Traversetolo,Parma,PR,Emilia-Romagna
L347,Travesio,Pordenone,PN,Friuli-Venezia Giulia
L348,Travo,Piacenza,PC,Emilia-Romagna
L349,Trebaseleghe,Padova,PD,Veneto
L353,Trebisacce,Cosenza,CS,Calabria
L355,Trecastagni,Catania,CT,Sicilia
L356,Trecate,Novara,NO,Piemonte
L357,Trecchina,Potenza,PZ,Basilicata
L359,Trecenta,Rovigo,RO,Veneto
L361,Tredozio,Forlì-Cesena,FC,Emilia-Romagna
L363,Treglio,Chieti,CH,Abruzzo
L364,Tregnago,Verona,VR,Veneto
L366,Treia,Macerata,MC,Marche
L367,Treiso,Cuneo,CN,Piemonte
L369,Tremestieri Etneo,Catania,CT,Sicilia
L372,Tremosine sul Garda,Brescia,BS,Lombardia
L377,Trentinara,Salerno,SA,Campania
L378,Trento,Trento,TN,Trentino-Alto Adige/Südtirol
L379,Trentola Ducenta,Caserta,CE,Campania
L380,Trenzano,Brescia,BS,Lombardia
L382,Treppo Grande,Udine,UD,Friuli-Venezia Giulia
L383,Trepuzzi,Lecce,LE,Puglia
L384,Trequanda,Siena,SI,Toscana
L386,Tresana,Massa-Carrara,MS,Toscana
L388,Trescore Balneario,Bergamo,BG,Lombardia
L389,Trescore Cremasco,Cremona,CR,Lombardia
L392,Tresivio,Sondrio,SO,Lombardia
L393,Tresnuraghes,Oristano,OR,Sardegna
L396,Trevenzuolo,Verona,VR,Veneto
L397,Trevi,Perugia,PG,Umbria
L398,Trevi nel Lazio,Frosinone,FR,Lazio
L399,Trevico,Avellino,AV,Campania
L400,Treviglio,Bergamo,BG,Lombardia
L401,Trevignano Romano,Roma,RM,Lazio
L402,Trevignano,Treviso,TV,Veneto
L403,Treville,Alessandria,AL,Piemonte
L404,Treviolo,Bergamo,BG,Lombardia
L406,Treviso Bresciano,Brescia,BS,Lombardia
L407,Treviso,Treviso,TV,Veneto
L408,Trezzano Rosa,Milano,MI,Lombardia
L409,Trezzano sul Naviglio,Milano,MI,Lombardia
L410,Trezzo Tinella,Cuneo,CN,Piemonte
L411,Trezzo sull'Adda,Milano,MI,Lombardia
L413,Trezzone,Como,CO,Lombardia
L414,Tribano,Padova,PD,Veneto
L415,Tribiano,Milano,MI,Lombardia
L416,Tribogna,Genova,GE,Liguria
L418,Tricarico,Matera,MT,Basilicata
L419,Tricase,Lecce,LE,Puglia
L420,Tricerro,Vercelli,VC,Piemonte
L421,Tricesimo,Udine,UD,Friuli-Venezia Giulia
L423,Triei,Nuoro,NU,Sardegna
L424,Trieste,Trieste,TS,Friuli-Venezia Giulia
L425,Triggiano,Bari,BA,Puglia
L426,Trigolo,Cremona,CR,Lombardia
L427,Trinità,Cuneo,CN,Piemonte
L428,Trinità d'Agultu e Vignola,Sassari,SS,Sardegna
L429,Trino,Vercelli,VC,Piemonte
L430,Triora,Imperia,IM,Liguria
L431,Tripi,Messina,ME,Sicilia
L432,Trisobbio,Alessandria,AL,Piemonte
L433,Trissino,Vicenza,VI,Veneto
L434,Triuggio,Monza e della Brianza,MB,Lombardia
L435,Trivento,Campobasso,CB,Molise
L437,Trivigliano,Frosinone,FR,Lazio
L438,Trivignano Udinese,Udine,UD,Friuli-Venezia Giulia
L439,Trivigno,Potenza,PZ,Basilicata
L440,Trivolzio,Pavia,PV,Lombardia
L444,Trodena nel parco naturale,Bolzano/Bozen,BZ,Trentino-Alto Adige/Südtirol
L445,Trofarello,Torino,TO,Piemonte
L447,Troia,Foggia,FG,Puglia
L448,Troina,Enna,EN,Sicilia
L449,Tromello,Pavia,PV,Lombardia
L450,Trontano,Verbano-Cusio-Ossola,VB,Piemonte
L451,Tronzano Vercellese,Vercelli,VC,Piemonte
L452,Tropea,Vibo Valentia,VV,Calabria
L453,Trovo,Pavia,PV,Lombardia
L454,Truccazzano,Milano,MI,Lombardia
L455,Tubre,Bolzano/Bozen,BZ,Trentino-Alto Adige/Südtirol
L458,Tufara,Campobasso,CB,Molise
L459,Tufillo,Chieti,CH,Abruzzo
L460,Tufino,Napoli,NA,Campania
L461,Tufo,Avellino,AV,Campania
L462,Tuglie,Lecce,LE,Puglia
L463,Tuili,Sud Sardegna,SU,Sardegna
L464,Tula,Sassari,SS,Sardegna
L466,Tuoro sul Trasimeno,Perugia,PG,Umbria
L468,Valvestino,Brescia,BS,Lombardia
L469,Turano Lodigiano,Lodi,LO,Lombardia
L470,Turate,Como,CO,Lombardia
L471,Turbigo,Milano,MI,Lombardia
L472,Turi,Bari,BA,Puglia
L473,Turri,Sud Sardegna,SU,Sardegna
L474,Turriaco,Gorizia,GO,Friuli-Venezia Giulia
L475,Turrivalignani,Pescara,PE,Abruzzo
L477,Tursi,Matera,MT,Basilicata
L478,Tusa,Messina,ME,Sicilia
L480,Uboldo,Varese,VA,Lombardia
L482,Ucria,Messina,ME,Sicilia
L483,Udine,Udine,UD,Friuli-Venezia Giulia
L484,Ugento,Lecce,LE,Puglia
L485,Uggiano la Chiesa,Lecce,LE,Puglia
L488,Ulà Tirso,Oristano,OR,Sardegna
L489,Ulassai,Nuoro,NU,Sardegna
L490,Ultimo,Bolzano/Bozen,BZ,Trentino-Alto Adige/Südtirol
L492,Umbriatico,Crotone,KR,Calabria
L494,Urago d'Oglio,Brescia,BS,Lombardia
L496,Uras,Oristano,OR,Sardegna
L497,Urbana,Padova,PD,Veneto
L498,Urbania,Pesaro e Urbino,PU,Marche
L499,Urbe,Savona,SV,Liguria
L500,Urbino,Pesaro e Urbino,PU,Marche
L501,Urbisaglia,Macerata,MC,Marche
L502,Urgnano,Bergamo,BG,Lombardia
L503,Uri,Sassari,SS,Sardegna
L505,Ururi,Campobasso,CB,Molise
L506,Urzulei,Nuoro,NU,Sardegna
L507,Uscio,Genova,GE,Liguria
L508,Usellus,Oristano,OR,Sardegna
L509,Usini,Sassari,SS,Sardegna
L511,Usmate Velate,Monza e della Brianza,MB,Lombardia
L512,Ussana,Sud Sardegna,SU,Sardegna
L513,Ussaramanna,Sud Sardegna,SU,Sardegna
L514,Ussassai,Nuoro,NU,Sardegna
L515,Usseaux,Torino,TO,Piemonte
L516,Usseglio,Torino,TO,Piemonte
L517,Ussita,Macerata,MC,Marche
L519,Ustica,Palermo,PA,Sicilia
L521,Uta,Cagliari,CA,Sardegna
L522,Uzzano,Pistoia,PT,Toscana
L524,Vaccarizzo Albanese,Cosenza,CS,Calabria
L525,Vacone,Rieti,RI,Lazio
L526,Vacri,Chieti,CH,Abruzzo
L527,Vadena,Bolzano/Bozen,BZ,Trentino-Alto Adige/Südtirol
L528,Vado Ligure,Savona,SV,Liguria
L529,Vaglia,Firenze,FI,Toscana
L531,Vaglio Serra,Asti,AT,Piemonte
L532,Vaglio Basilicata,Potenza,PZ,Basilicata
L533,Vagli Sotto,Lucca,LU,Toscana
L535,Vaiano Cremasco,Cremona,CR,Lombardia
L537,Vaiano,Prato,PO,Toscana
L538,Vaie,Torino,TO,Piemonte
L539,Vailate,Cremona,CR,Lombardia
L540,Vairano Patenora,Caserta,CE,Campania
L544,Valbondione,Bergamo,BG,Lombardia
L545,Valbrembo,Bergamo,BG,Lombardia
L546,Valbrevenna,Genova,GE,Liguria
L547,Valbrona,Como,CO,Lombardia
L551,Valdagno,Vicenza,VI,Veneto
L552,Valdaora,Bolzano/Bozen,BZ,Trentino-Alto Adige/Südtirol
L554,Valdastico,Vicenza,VI,Veneto
L555,Val della Torre,Torino,TO,Piemonte
L556,Valdengo,Biella,BI,Piemonte
L557,Valdidentro,Sondrio,SO,Lombardia
L558,Valdieri,Cuneo,CN,Piemonte
L561,Valdina,Messina,ME,Sicilia
L562,Val di Nizza,Pavia,PV,Lombardia
L563,Valdisotto,Sondrio,SO,Lombardia
L564,Val di Vizze,Bolzano/Bozen,BZ,Trentino-Alto Adige/Südtirol
L565,Valdobbiadene,Treviso,TV,Veneto
L566,Valduggia,Vercelli,VC,Piemonte
L567,Valeggio sul Mincio,Verona,VR,Veneto
L568,Valeggio,Pavia,PV,Lombardia
L569,Valentano,Viterbo,VT,Lazio
L570,Valenza,Alessandria,AL,Piemonte
L571,Valenzano,Bari,BA,Puglia
L572,Valera Fratta,Lodi,LO,Lombardia
L573,Valfabbrica,Perugia,PG,Umbria
L574,Valfenera,Asti,AT,Piemonte
L575,Valfloriana,Trento,TN,Trentino-Alto Adige/Südtirol
L576,Valfurva,Sondrio,SO,Lombardia
L577,Valganna,Varese,VA,Lombardia
L578,Valgioie,Torino,TO,Piemonte
L579,Valgoglio,Bergamo,BG,Lombardia
L580,Valgrana,Cuneo,CN,Piemonte
L581,Valgreghentino,Lecco,LC,Lombardia
L582,Valgrisenche,Valle d'Aosta/Vallée d'Aoste,AO,Valle d'Aosta/Vallée d'Aoste
L583,Valguarnera Caropepe,Enna,EN,Sicilia
L584,Vallada Agordina,Belluno,BL,Veneto
L586,Vallanzengo,Biella,BI,Piemonte
L588,Vallarsa,Trento,TN,Trentino-Alto Adige/Südtirol
L589,Vallata,Avellino,AV,Campania
L590,Valle di Cadore,Belluno,BL,Veneto
L591,Valle di Maddaloni,Caserta,CE,Campania
L593,Valle Lomellina,Pavia,PV,Lombardia
L594,Valle Agricola,Caserta,CE,Campania
L595,Valle Aurina,Bolzano/Bozen,BZ,Trentino-Alto Adige/Südtirol
L596,Vallebona,Imperia,IM,Liguria
L597,Valle Castellana,Teramo,TE,Abruzzo
L598,Vallecorsa,Frosinone,FR,Lazio
L599,Vallecrosia,Imperia,IM,Liguria
L601,Valle di Casies,Bolzano/Bozen,BZ,Trentino-Alto Adige/Südtirol
L603,Valledolmo,Palermo,PA,Sicilia
L604,Valledoria,Sassari,SS,Sardegna
L605,Vallemaio,Frosinone,FR,Lazio
L607,Vallelonga,Vibo Valentia,VV,Calabria
L609,Vallelunga Pratameno,Caltanissetta,CL,Sicilia
L611,Vallepietra,Roma,RM,Lazio
L612,Vallerano,Viterbo,VT,Lazio
L613,Vallermosa,Sud Sardegna,SU,Sardegna
L614,Vallerotonda,Frosinone,FR,Lazio
L616,Vallesaccarda,Avellino,AV,Campania
L617,Valle Salimbene,Pavia,PV,Lombardia
L620,Valle San Nicolao,Biella,BI,Piemonte
L623,Valleve,Bergamo,BG,Lombardia
L624,Valli del Pasubio,Vicenza,VI,Veneto
L625,Vallinfreda,Roma,RM,Lazio
L626,Vallio Terme,Brescia,BS,Lombardia
L627,Vallo di Nera,Perugia,PG,Umbria
L628,Vallo della Lucania,Salerno,SA,Campania
L629,Vallo Torinese,Torino,TO,Piemonte
L631,Valloriate,Cuneo,CN,Piemonte
L633,Valmacca,Alessandria,AL,Piemonte
L634,Valmadrera,Lecco,LC,Lombardia
L638,Val Masino,Sondrio,SO,Lombardia
L639,Valmontone,Roma,RM,Lazio
L640,Valmorea,Como,CO,Lombardia
L641,Valmozzola,Parma,PR,Emilia-Romagna
L642,Valnegra,Bergamo,BG,Lombardia
L643,Valpelline,Valle d'Aosta/Vallée d'Aoste,AO,Valle d'Aosta/Vallée d'Aoste
L644,Valperga,Torino,TO,Piemonte
L647,Valsavarenche,Valle d'Aosta/Vallée d'Aoste,AO,Valle d'Aosta/Vallée d'Aoste
L651,Valstrona,Verbano-Cusio-Ossola,VB,Piemonte
L653,Valtopina,Perugia,PG,Umbria
L654,Valtournenche,Valle d'Aosta/Vallée d'Aoste,AO,Valle d'Aosta/Vallée d'Aoste
L655,Valtorta,Bergamo,BG,Lombardia
L656,Valva,Salerno,SA,Campania
L658,Valverde,Catania,CT,Sicilia
L660,Vandoies,Bolzano/Bozen,BZ,Trentino-Alto Adige/Südtirol
L664,Vanzaghello,Milano,MI,Lombardia
L665,Vanzago,Milano,MI,Lombardia
L666,Vanzone con San Carlo,Verbano-Cusio-Ossola,VB,Piemonte
L667,Vaprio d'Adda,Milano,MI,Lombardia
L668,Vaprio d'Agogna,Novara,NO,Piemonte
L669,Varallo,Vercelli,VC,Piemonte
L670,Varallo Pombia,Novara,NO,Piemonte
L671,Varano Borghi,Varese,VA,Lombardia
L672,Varano de' Melegari,Parma,PR,Emilia-Romagna
L673,Varapodio,Reggio Calabria,RC,Calabria
L675,Varazze,Savona,SV,Liguria
L676,Varco Sabino,Rieti,RI,Lazio
L677,Varedo,Monza e della Brianza,MB,Lombardia
L680,Varenna,Lecco,LC,Lombardia
L681,Varese Ligure,La Spezia,SP,Liguria
L682,Varese,Varese,VA,Lombardia
L685,Varisella,Torino,TO,Piemonte
L686,Varmo,Udine,UD,Friuli-Venezia Giulia
L687,Varna,Bolzano/Bozen,BZ,Trentino-Alto Adige/Südtirol
L689,Varsi,Parma,PR,Emilia-Romagna
L690,Varzi,Pavia,PV,Lombardia
L691,Varzo,Verbano-Cusio-Ossola,VB,Piemonte
L693,Vasia,Imperia,IM,Liguria
L696,Vastogirardi,Isernia,IS,Molise
L698,Vauda Canavese,Torino,TO,Piemonte
L699,Vazzano,Vibo Valentia,VV,Calabria
L700,Vazzola,Treviso,TV,Veneto
L702,Vecchiano,Pisa,PI,Toscana
L703,Vedano Olona,Varese,VA,Lombardia
L704,Vedano al Lambro,Monza e della Brianza,MB,Lombardia
L706,Vedelago,Treviso,TV,Veneto
L707,Vedeseta,Bergamo,BG,Lombardia
L709,Veduggio con Colzano,Monza e della Brianza,MB,Lombardia
L710,Veggiano,Padova,PD,Veneto
L711,Veglie,Lecce,LE,Puglia
L712,Veglio,Biella,BI,Piemonte
L713,Vejano,Viterbo,VT,Lazio
L715,Veleso,Como,CO,Lombardia
L716,Velezzo Lomellina,Pavia,PV,Lombardia
L719,Velletri,Roma,RM,Lazio
L720,Vellezzo Bellini,Pavia,PV,Lombardia
L722,Velo Veronese,Verona,VR,Veneto
L723,Velo d'Astico,Vicenza,VI,Veneto
L724,Velturno,Bolzano/Bozen,BZ,Trentino-Alto Adige/Südtirol
L725,Venafro,Isernia,IS,Molise
L726,Venaus,Torino,TO,Piemonte
L727,Venaria Reale,Torino,TO,Piemonte
L728,Venarotta,Ascoli Piceno,AP,Marche
L729,Venasca,Cuneo,CN,Piemonte
L730,Vendone,Savona,SV,Liguria
L733,Venegono Inferiore,Varese,VA,Lombardia
L734,Venegono Superiore,Varese,VA,Lombardia
L735,Venetico,Messina,ME,Sicilia
L736,Venezia,Venezia,VE,Veneto
L737,Veniano,Como,CO,Lombardia
L738,Venosa,Potenza,PZ,Basilicata
L739,Venticano,Avellino,AV,Campania
L740,Ventimiglia di Sicilia,Palermo,PA,Sicilia
L741,Ventimiglia,Imperia,IM,Liguria
L742,Ventotene,Latina,LT,Lazio
L743,Venzone,Udine,UD,Friuli-Venezia Giulia
L744,Verano Brianza,Monza e della Brianza,MB,Lombardia
L745,Verano,Bolzano/Bozen,BZ,Trentino-Alto Adige/Südtirol
L746,Verbania,Verbano-Cusio-Ossola,VB,Piemonte
L747,Verbicaro,Cosenza,CS,Calabria
L748,Vercana,Como,CO,Lombardia
L749,Verceia,Sondrio,SO,Lombardia
L750,Vercelli,Vercelli,VC,Piemonte
L751,Vercurago,Lecco,LC,Lombardia
L752,Verdellino,Bergamo,BG,Lombardia
L753,Verdello,Bergamo,BG,Lombardia
L758,Verduno,Cuneo,CN,Piemonte
L762,Vergato,Bologna,BO,Emilia-Romagna
L764,Verghereto,Forlì-Cesena,FC,Emilia-Romagna
L765,Vergiate,Varese,VA,Lombardia
L769,Vermiglio,Trento,TN,Trentino-Alto Adige/Südtirol
L771,Vernante,Cuneo,CN,Piemonte
L772,Vernasca,Piacenza,PC,Emilia-Romagna
L773,Vernate,Milano,MI,Lombardia
L774,Vernazza,La Spezia,SP,Liguria
L775,Vernio,Prato,PO,Toscana
L776,Vernole,Lecce,LE,Puglia
L777,Verolanuova,Brescia,BS,Lombardia
L778,Verolavecchia,Brescia,BS,Lombardia
L779,Verolengo,Torino,TO,Piemonte
L780,Veroli,Frosinone,FR,Lazio
L781,Verona,Verona,VR,Veneto
L783,Verrayes,Valle d'Aosta/Vallée d'Aoste,AO,Valle d'Aosta/Vallée d'Aoste
L784,Verretto,Pavia,PV,Lombardia
L785,Verrone,Biella,BI,Piemonte
L787,Verrua Savoia,Torino,TO,Piemonte
L788,Verrua Po,Pavia,PV,Lombardia
L792,Vertemate con Minoprio,Como,CO,Lombardia
L795,Vertova,Bergamo,BG,Lombardia
L797,Verucchio,Rimini,RN,Emilia-Romagna
L799,Vervio,Sondrio,SO,Lombardia
L801,Verzegnis,Udine,UD,Friuli-Venezia Giulia
L802,Verzino,Crotone,KR,Calabria
L804,Verzuolo,Cuneo,CN,Piemonte
L805,Vescovana,Padova,PD,Veneto
L806,Vescovato,Cremona,CR,Lombardia
L807,Vesime,Asti,AT,Piemonte
L808,Vespolate,Novara,NO,Piemonte
L809,Vessalico,Imperia,IM,Liguria
L810,Vestenanova,Verona,VR,Veneto
L811,Vestignè,Torino,TO,Piemonte
L812,Vestone,Brescia,BS,Lombardia
L814,Vetralla,Viterbo,VT,Lazio
L815,Vetto,Reggio nell'Emilia,RE,Emilia-Romagna
L816,Vezza d'Oglio,Brescia,BS,Lombardia
L817,Vezza d'Alba,Cuneo,CN,Piemonte
L819,Vezzano Ligure,La Spezia,SP,Liguria
L820,Vezzano sul Crostolo,Reggio nell'Emilia,RE,Emilia-Romagna
L823,Vezzi Portio,Savona,SV,Liguria
L826,Viadana,Mantova,MN,Lombardia
L827,Viadanica,Bergamo,BG,Lombardia
L828,Viagrande,Catania,CT,Sicilia
L829,Viale,Asti,AT,Piemonte
L830,Vialfrè,Torino,TO,Piemonte
L831,Viano,Reggio nell'Emilia,RE,Emilia-Romagna
L833,Viareggio,Lucca,LU,Toscana
L834,Viarigi,Asti,AT,Piemonte
L835,Vibonati,Salerno,SA,Campania
L836,Vicalvi,Frosinone,FR,Lazio
L837,Vicari,Palermo,PA,Sicilia
L838,Vicchio,Firenze,FI,Toscana
L840,Vicenza,Vicenza,VI,Veneto
L841,Vicoforte,Cuneo,CN,Piemonte
L842,Vico del Gargano,Foggia,FG,Puglia
L843,Vico nel Lazio,Frosinone,FR,Lazio
L844,Villa Literno,Caserta,CE,Campania
L845,Vico Equense,Napoli,NA,Campania
L846,Vicoli,Pescara,PE,Abruzzo
L847,Vicolungo,Novara,NO,Piemonte
L848,Ziano Piacentino,Piacenza,PC,Emilia-Romagna
L850,Vicopisano,Pisa,PI,Toscana
L851,Vicovaro,Roma,RM,Lazio
L854,Vidigulfo,Pavia,PV,Lombardia
L856,Vidor,Treviso,TV,Veneto
L857,Vidracco,Torino,TO,Piemonte
L858,Vieste,Foggia,FG,Puglia
L859,Vietri di Potenza,Potenza,PZ,Basilicata
L860,Vietri sul Mare,Salerno,SA,Campania
L865,Vigano San Martino,Bergamo,BG,Lombardia
L866,Viganò,Lecco,LC,Lombardia
L868,Vigarano Mainarda,Ferrara,FE,Emilia-Romagna
L869,Vigasio,Verona,VR,Veneto
L872,Vigevano,Pavia,PV,Lombardia
L873,Viggianello,Potenza,PZ,Basilicata
L874,Viggiano,Potenza,PZ,Basilicata
L876,Viggiù,Varese,VA,Lombardia
L879,Vigliano d'Asti,Asti,AT,Piemonte
L880,Vigliano Biellese,Biella,BI,Piemonte
L881,Vignale Monferrato,Alessandria,AL,Piemonte
L882,Vignanello,Viterbo,VT,Lazio
L883,Vignate,Milano,MI,Lombardia
L885,Vignola,Modena,MO,Emilia-Romagna
L886,Vignola-Falesina,Trento,TN,Trentino-Alto Adige/Südtirol
L887,Vignole Borbera,Alessandria,AL,Piemonte
L888,Vignolo,Cuneo,CN,Piemonte
L889,Vignone,Verbano-Cusio-Ossola,VB,Piemonte
L890,Vigo di Cadore,Belluno,BL,Veneto
L892,Vigodarzere,Padova,PD,Veneto
L894,Vigolo,Bergamo,BG,Lombardia
L897,Vigolzone,Piacenza,PC,Emilia-Romagna
L898,Vigone,Torino,TO,Piemonte
L899,Vigonovo,Venezia,VE,Veneto
L900,Vigonza,Padova,PD,Veneto
L904,Viguzzolo,Alessandria,AL,Piemonte
L905,Villa Santa Lucia,Frosinone,FR,Lazio
L906,Villadossola,Verbano-Cusio-Ossola,VB,Piemonte
L907,Villa di Chiavenna,Sondrio,SO,Lombardia
L908,Villa di Tirano,Sondrio,SO,Lombardia
L909,Villa Santina,Udine,UD,Friuli-Venezia Giulia
L912,Villa Bartolomea,Verona,VR,Veneto
L913,Villa Basilica,Lucca,LU,Toscana
L915,Villabassa,Bolzano/Bozen,BZ,Trentino-Alto Adige/Südtirol
L916,Villabate,Palermo,PA,Sicilia
L917,Villa Biscossi,Pavia,PV,Lombardia
L919,Villa Carcina,Brescia,BS,Lombardia
L920,Villa Castelli,Brindisi,BR,Puglia
L922,Villa Celiera,Pescara,PE,Abruzzo
L923,Villachiara,Brescia,BS,Lombardia
L924,Villacidro,Sud Sardegna,SU,Sardegna
L926,Villa Collemandina,Lucca,LU,Toscana
L928,Villa Cortese,Milano,MI,Lombardia
L929,Villa d'Adda,Bergamo,BG,Lombardia
L931,Villadeati,Alessandria,AL,Piemonte
L933,Villa del Bosco,Biella,BI,Piemonte
L934,Villa del Conte,Padova,PD,Veneto
L936,Villa di Serio,Bergamo,BG,Lombardia
L937,Villa Estense,Padova,PD,Veneto
L938,Villa d'Ogna,Bergamo,BG,Lombardia
L939,Villadose,Rovigo,RO,Veneto
L942,Villafalletto,Cuneo,CN,Piemonte
L943,Villa Faraldi,Imperia,IM,Liguria
L944,Villafranca Sicula,Agrigento,AG,Sicilia
L945,Villafranca d'Asti,Asti,AT,Piemonte
L946,Villafranca in Lunigiana,Massa-Carrara,MS,Toscana
L947,Villafranca Padovana,Padova,PD,Veneto
L948,Villafranca Piemonte,Torino,TO,Piemonte
L949,Villafranca di Verona,Verona,VR,Veneto
L950,Villafranca Tirrena,Messina,ME,Sicilia
L951,Villafrati,Palermo,PA,Sicilia
L952,Villaga,Vicenza,VI,Veneto
L953,Villagrande Strisaili,Nuoro,NU,Sardegna
L956,Villa Guardia,Como,CO,Lombardia
L957,Villa Lagarina,Trento,TN,Trentino-Alto Adige/Südtirol
L958,Villalago,L'Aquila,AQ,Abruzzo
L959,Villalba,Caltanissetta,CL,Sicilia
L961,Villalfonsina,Chieti,CH,Abruzzo
L963,Villalvernia,Alessandria,AL,Piemonte
L964,Villamagna,Chieti,CH,Abruzzo
L965,Villamaina,Avellino,AV,Campania
L966,Villamar,Sud Sardegna,SU,Sardegna
L967,Villamarzana,Rovigo,RO,Veneto
L968,Villamassargia,Sud Sardegna,SU,Sardegna
L969,Villa Minozzo,Reggio nell'Emilia,RE,Emilia-Romagna
L970,Villamiroglio,Alessandria,AL,Piemonte
L971,Villandro,Bolzano/Bozen,BZ,Trentino-Alto Adige/Südtirol
L972,Villanova Monferrato,Alessandria,AL,Piemonte
L973,Villanova del Battista,Avellino,AV,Campania
L974,Villanova Mondovì,Cuneo,CN,Piemonte
L975,Villanova d'Albenga,Savona,SV,Liguria
L977,Villanova del Sillaro,Lodi,LO,Lombardia
L978,Villanova Biellese,Biella,BI,Piemonte
L979,Villanova di Camposampiero,Padova,PD,Veneto
L980,Villanova sull'Arda,Piacenza,PC,Emilia-Romagna
L981,Villeneuve,Valle d'Aosta/Vallée d'Aoste,AO,Valle d'Aosta/Vallée d'Aoste
L982,Villanova Canavese,Torino,TO,Piemonte
L983,Villanova d'Ardenghi,Pavia,PV,Lombardia
L984,Villanova d'Asti,Asti,AT,Piemonte
L985,Villanova del Ghebbo,Rovigo,RO,Veneto
L986,Villanovaforru,Sud Sardegna,SU,Sardegna
L987,Villanovafranca,Sud Sardegna,SU,Sardegna
L988,Villanova Marchesana,Rovigo,RO,Veneto
L989,Villanova Monteleone,Sassari,SS,Sardegna
L990,Villanova Solaro,Cuneo,CN,Piemonte
L991,Villanova Truschedu,Oristano,OR,Sardegna
L992,Villanova Tulo,Sud Sardegna,SU,Sardegna
L994,Villanterio,Pavia,PV,Lombardia
L995,Villanuova sul Clisi,Brescia,BS,Lombardia
L998,Villaputzu,Sud Sardegna,SU,Sardegna
L999,Villar Dora,Torino,TO,Piemonte
M002,Villarbasse,Torino,TO,Piemonte
M003,Villarboit,Vercelli,VC,Piemonte
M004,Villareggia,Torino,TO,Piemonte
M007,Villar Focchiardo,Torino,TO,Piemonte
M009,Villaromagnano,Alessandria,AL,Piemonte
M011,Villarosa,Enna,EN,Sicilia
M013,Villar Pellice,Torino,TO,Piemonte
M014,Villar Perosa,Torino,TO,Piemonte
M015,Villar San Costanzo,Cuneo,CN,Piemonte
M016,Villasalto,Sud Sardegna,SU,Sardegna
M017,Villasanta,Monza e della Brianza,MB,Lombardia
M018,Villa San Giovanni,Reggio Calabria,RC,Calabria
M019,Villa San Secondo,Asti,AT,Piemonte
M021,Villa Santa Lucia degli Abruzzi,L'Aquila,AQ,Abruzzo
M022,Villa Santa Maria,Chieti,CH,Abruzzo
M023,Villa Sant'Angelo,L'Aquila,AQ,Abruzzo
M025,Villasor,Sud Sardegna,SU,Sardegna
M026,Villaspeciosa,Sud Sardegna,SU,Sardegna
M027,Villastellone,Torino,TO,Piemonte
M028,Villata,Vercelli,VC,Piemonte
M030,Villaurbana,Oristano,OR,Sardegna
M031,Villavallelonga,L'Aquila,AQ,Abruzzo
M032,Villaverla,Vicenza,VI,Veneto
M041,Villetta Barrea,L'Aquila,AQ,Abruzzo
M042,Villette,Verbano-Cusio-Ossola,VB,Piemonte
M043,Villesse,Gorizia,GO,Friuli-Venezia Giulia
M044,Villimpenta,Mantova,MN,Lombardia
M045,Villongo,Bergamo,BG,Lombardia
M048,Villorba,Treviso,TV,Veneto
M050,Vilminore di Scalve,Bergamo,BG,Lombardia
M052,Vimercate,Monza e della Brianza,MB,Lombardia
M053,Vimodrone,Milano,MI,Lombardia
M055,Vinadio,Cuneo,CN,Piemonte
M057,Vinchiaturo,Campobasso,CB,Molise
M058,Vinchio,Asti,AT,Piemonte
M059,Vinci,Firenze,FI,Toscana
M060,Vinovo,Torino,TO,Piemonte
M062,Vinzaglio,Novara,NO,Piemonte
M063,Viola,Cuneo,CN,Piemonte
M065,Vione,Brescia,BS,Lombardia
M067,Vipiteno,Bolzano/Bozen,BZ,Trentino-Alto Adige/Südtirol
M069,Virle Piemonte,Torino,TO,Piemonte
M070,Visano,Brescia,BS,Lombardia
M071,Vische,Torino,TO,Piemonte
M072,Visciano,Napoli,NA,Campania
M073,Visco,Udine,UD,Friuli-Venezia Giulia
M077,Visone,Alessandria,AL,Piemonte
M078,Visso,Macerata,MC,Marche
M079,Vistarino,Pavia,PV,Lombardia
M080,Vistrorio,Torino,TO,Piemonte
M081,Vita,Trapani,TP,Sicilia
M082,Viterbo,Viterbo,VT,Lazio
M083,Viticuso,Frosinone,FR,Lazio
M085,Vito d'Asio,Pordenone,PN,Friuli-Venezia Giulia
M086,Vitorchiano,Viterbo,VT,Lazio
M088,Vittoria,Ragusa,RG,Sicilia
M089,Vittorio Veneto,Treviso,TV,Veneto
M090,Vittorito,L'Aquila,AQ,Abruzzo
M091,Vittuone,Milano,MI,Lombardia
M092,Vitulazio,Caserta,CE,Campania
M093,Vitulano,Benevento,BN,Campania
M094,Viù,Torino,TO,Piemonte
M095,Vivaro Romano,Roma,RM,Lazio
M096,Vivaro,Pordenone,PN,Friuli-Venezia Giulia
M098,Viverone,Biella,BI,Piemonte
M100,Vizzini,Catania,CT,Sicilia
M101,Vizzola Ticino,Varese,VA,Lombardia
M102,Vizzolo Predabissi,Milano,MI,Lombardia
M103,Vo',Padova,PD,Veneto
M104,Vobarno,Brescia,BS,Lombardia
M105,Vobbia,Genova,GE,Liguria
M106,Vocca,Vercelli,VC,Piemonte
M108,Vodo Cadore,Belluno,BL,Veneto
M109,Voghera,Pavia,PV,Lombardia
M110,Voghiera,Ferrara,FE,Emilia-Romagna
M111,Vogogna,Verbano-Cusio-Ossola,VB,Piemonte
M113,Volano,Trento,TN,Trentino-Alto Adige/Südtirol
M115,Volla,Napoli,NA,Campania
M116,Volongo,Cremona,CR,Lombardia
M118,Volpago del Montello,Treviso,TV,Veneto
M119,Volpara,Pavia,PV,Lombardia
M120,Volpedo,Alessandria,AL,Piemonte
M121,Volpeglino,Alessandria,AL,Piemonte
M122,Volpiano,Torino,TO,Piemonte
M123,Voltaggio,Alessandria,AL,Piemonte
M124,Voltago Agordino,Belluno,BL,Veneto
M125,Volta Mantovana,Mantova,MN,Lombardia
M126,Volterra,Pisa,PI,Toscana
M127,Voltido,Cremona,CR,Lombardia
M130,Volturara Irpina,Avellino,AV,Campania
M131,Volturara Appula,Foggia,FG,Puglia
M132,Volturino,Foggia,FG,Puglia
M133,Volvera,Torino,TO,Piemonte
M136,Vottignasco,Cuneo,CN,Piemonte
M138,Zaccanopoli,Vibo Valentia,VV,Calabria
M139,Zafferana Etnea,Catania,CT,Sicilia
M140,Zagarise,Catanzaro,CZ,Calabria
M141,Zagarolo,Roma,RM,Lazio
M143,Zambrone,Vibo Valentia,VV,Calabria
M144,Zandobbio,Bergamo,BG,Lombardia
M145,Zanè,Vicenza,VI,Veneto
M147,Zanica,Bergamo,BG,Lombardia
M150,Zavattarello,Pavia,PV,Lombardia
M152,Zeccone,Pavia,PV,Lombardia
M153,Zeddiani,Oristano,OR,Sardegna
M156,Zelbio,Como,CO,Lombardia
M158,Zelo Buon Persico,Lodi,LO,Lombardia
M161,Zeme,Pavia,PV,Lombardia
M162,Zenevredo,Pavia,PV,Lombardia
M163,Zenson di Piave,Treviso,TV,Veneto
M165,Zerba,Piacenza,PC,Emilia-Romagna
M166,Zerbo,Pavia,PV,Lombardia
M167,Zerbolò,Pavia,PV,Lombardia
M168,Zerfaliu,Oristano,OR,Sardegna
M169,Zeri,Massa-Carrara,MS,Toscana
M170,Zermeghedo,Vicenza,VI,Veneto
M171,Zero Branco,Treviso,TV,Veneto
M172,Zevio,Verona,VR,Veneto
M173,Ziano di Fiemme,Trento,TN,Trentino-Alto Adige/Südtirol
M176,Zibido San Giacomo,Milano,MI,Lombardia
M177,Zignago,La Spezia,SP,Liguria
M178,Zimella,Verona,VR,Veneto
M179,Zimone,Biella,BI,Piemonte
M180,Zinasco,Pavia,PV,Lombardia
M182,Zoagli,Genova,GE,Liguria
M183,Zocca,Modena,MO,Emilia-Romagna
M184,Zogno,Bergamo,BG,Lombardia
M185,Zola Predosa,Bologna,BO,Emilia-Romagna
M187,Zollino,Lecce,LE,Puglia
M188,Zone,Brescia,BS,Lombardia
M189,Zoppè di Cadore,Belluno,BL,Veneto
M190,Zoppola,Pordenone,PN,Friuli-Venezia Giulia
M194,Zovencedo,Vicenza,VI,Veneto
M196,Zubiena,Biella,BI,Piemonte
M197,Zuccarello,Savona,SV,Liguria
M199,Zugliano,Vicenza,VI,Veneto
M200,Zuglio,Udine,UD,Friuli-Venezia Giulia
M201,Zumaglia,Biella,BI,Piemonte
M202,Zumpano,Cosenza,CS,Calabria
M203,Zungoli,Avellino,AV,Campania
M204,Zungri,Vibo Valentia,VV,Calabria
M207,Lariano,Roma,RM,Lazio
M208,Lamezia Terme,Catanzaro,CZ,Calabria
M209,Sant'Anna Arresi,Sud Sardegna,SU,Sardegna
M210,Terme Vigliatore,Messina,ME,Sicilia
M211,Acquedolci,Messina,ME,Sicilia
M212,Ladispoli,Roma,RM,Lazio
M213,Ardea,Roma,RM,Lazio
M214,Badesi,Sassari,SS,Sardegna
M253,Sicignano degli Alburni,Salerno,SA,Campania
M255,Molina Aterno,L'Aquila,AQ,Abruzzo
M256,Scanzano Jonico,Matera,MT,Basilicata
M257,Portopalo di Capo Passero,Siracusa,SR,Sicilia
M258,Avigliano Umbro,Terni,TR,Umbria
M259,Viddalba,Sassari,SS,Sardegna
M260,Casapesenna,Caserta,CE,Campania
M261,Castro,Lecce,LE,Puglia
M262,Cellole,Caserta,CE,Campania
M263,Porto Cesareo,Lecce,LE,Puglia
M264,San Cassiano,Lecce,LE,Puglia
M265,Vajont,Pordenone,PN,Friuli-Venezia Giulia
M266,Ordona,Foggia,FG,Puglia
M267,Zapponeta,Foggia,FG,Puglia
M268,Blufi,Palermo,PA,Sicilia
M269,Paterno,Potenza,PZ,Basilicata
M270,Masainas,Sud Sardegna,SU,Sardegna
M271,Mazzarrone,Catania,CT,Sicilia
M272,Ciampino,Roma,RM,Lazio
M273,Santa Maria la Carità,Napoli,NA,Campania
M274,Golfo Aranci,Sassari,SS,Sardegna
M275,Loiri Porto San Paolo,Sassari,SS,Sardegna
M276,Sant'Antonio di Gallura,Sassari,SS,Sardegna
M277,San Ferdinando,Reggio Calabria,RC,Calabria
M278,Villaperuccio,Sud Sardegna,SU,Sardegna
M279,Priolo Gargallo,Siracusa,SR,Sicilia
M280,Trecase,Napoli,NA,Campania
M281,Petrosino,Trapani,TP,Sicilia
M282,Tergu,Sassari,SS,Sardegna
M283,Maniace,Catania,CT,Sicilia
M284,Santa Maria Coghinas,Sassari,SS,Sardegna
M285,Cardedu,Nuoro,NU,Sardegna
M286,Torrenova,Messina,ME,Sicilia
M287,Ragalna,Catania,CT,Sicilia
M288,Castiadas,Sud Sardegna,SU,Sardegna
M289,Massa di Somma,Napoli,NA,Campania
M290,Stintino,Sassari,SS,Sardegna
M291,Piscinas,Sud Sardegna,SU,Sardegna
M292,Erula,Sassari,SS,Sardegna
M294,Bellizzi,Salerno,SA,Campania
M295,San Cesareo,Roma,RM,Lazio
M297,Fiumicino,Roma,RM,Lazio
M298,Statte,Taranto,TA,Puglia
M300,Due Carrare,Padova,PD,Veneto
M301,Padru,Sassari,SS,Sardegna
M302,Montiglio Monferrato,Asti,AT,Piemonte
M303,Ronzo-Chienis,Trento,TN,Trentino-Alto Adige/Südtirol
M308,Cavallino-Treporti,Venezia,VE,Veneto
M309,Fonte Nuova,Roma,RM,Lazio
M311,Campolongo Tapogliano,Udine,UD,Friuli-Venezia Giulia
M312,Lonato del Garda,Brescia,BS,Lombardia
M313,Ledro,Trento,TN,Trentino-Alto Adige/Südtirol
M314,Comano Terme,Trento,TN,Trentino-Alto Adige/Südtirol
M315,Gravedona ed Uniti,Como,CO,Lombardia
M316,Mappano,Torino,TO,Piemonte
M317,Rivignano Teor,Udine,UD,Friuli-Venezia Giulia
M318,Trecastelli,Ancona,AN,Marche
M319,Fabbriche di Vergemoli,Lucca,LU,Toscana
M320,Valsamoggia,Bologna,BO,Emilia-Romagna
M321,Figline e Incisa Valdarno,Firenze,FI,Toscana
M322,Castelfranco Piandiscò,Arezzo,AR,Toscana
M323,Fiscaglia,Ferrara,FE,Emilia-Romagna
M324,Poggio Torriana,Rimini,RN,Emilia-Romagna
M325,Sissa Trecasali,Parma,PR,Emilia-Romagna
M326,Scarperia e San Piero,Firenze,FI,Toscana
M327,Casciana Terme Lari,Pisa,PI,Toscana
M328,Crespina Lorenzana,Pisa,PI,Toscana
M329,Pratovecchio Stia,Arezzo,AR,Toscana
M330,Montoro,Avellino,AV,Campania
M331,Vallefoglia,Pesaro e Urbino,PU,Marche
M333,Sant'Omobono Terme,Bergamo,BG,Lombardia
M334,Val Brembilla,Bergamo,BG,Lombardia
M335,Bellagio,Como,CO,Lombardia
M336,Colverde,Como,CO,Lombardia
M337,Verderio,Lecco,LC,Lombardia
M338,Cornale e Bastida,Pavia,PV,Lombardia
M339,Maccagno con Pino e Veddasca,Varese,VA,Lombardia
M340,Borgo Virgilio,Mantova,MN,Lombardia
M341,Tremezzina,Como,CO,Lombardia
M342,Longarone,Belluno,BL,Veneto
M343,Valdaone,Trento,TN,Trentino-Alto Adige/Südtirol
M344,Predaia,Trento,TN,Trentino-Alto Adige/Südtirol
M345,San Lorenzo Dorsino,Trento,TN,Trentino-Alto Adige/Südtirol
M346,Valvasone Arzene,Pordenone,PN,Friuli-Venezia Giulia
M347,Sillano Giuncugnano,Lucca,LU,Toscana
M348,La Valletta Brianza,Lecco,LC,Lombardia
M349,Altavalle,Trento,TN,Trentino-Alto Adige/Südtirol
M350,Altopiano della Vigolana,Trento,TN,Trentino-Alto Adige/Südtirol
M351,Amblar-Don,Trento,TN,Trentino-Alto Adige/Südtirol
M352,Borgo Chiese,Trento,TN,Trentino-Alto Adige/Südtirol
M353,Borgo Lares,Trento,TN,Trentino-Alto Adige/Südtirol
M354,Castel Ivano,Trento,TN,Trentino-Alto Adige/Südtirol
M355,Cembra Lisignago,Trento,TN,Trentino-Alto Adige/Südtirol
M356,Contà,Trento,TN,Trentino-Alto Adige/Südtirol
M357,Madruzzo,Trento,TN,Trentino-Alto Adige/Südtirol
M358,Porte di Rendena,Trento,TN,Trentino-Alto Adige/Südtirol
M359,Primiero San Martino di Castrozza,Trento,TN,Trentino-Alto Adige/Südtirol
M360,Sella Giudicarie,Trento,TN,Trentino-Alto Adige/Südtirol
M361,Tre Ville,Trento,TN,Trentino-Alto Adige/Südtirol
M362,Vallelaghi,Trento,TN,Trentino-Alto Adige/Südtirol
M363,Ville d'Anaunia,Trento,TN,Trentino-Alto Adige/Südtirol
M364,Ventasso,Reggio nell'Emilia,RE,Emilia-Romagna
M365,Pieve di Bono-Prezzo,Trento,TN,Trentino-Alto Adige/Südtirol
M366,Dimaro Folgarida,Trento,TN,Trentino-Alto Adige/Südtirol
M367,Polesine Zibello,Parma,PR,Emilia-Romagna
M368,Montescudo-Monte Colombo,Rimini,RN,Emilia-Romagna
M369,Alto Reno Terme,Bologna,BO,Emilia-Romagna
M370,Borgomezzavalle,Verbano-Cusio-Ossola,VB,Piemonte
M371,Lessona,Biella,BI,Piemonte
M372,Corteolona e Genzone,Pavia,PV,Lombardia
M373,Campiglia Cervo,Biella,BI,Piemonte
M374,Val di Zoldo,Belluno,BL,Veneto
M375,Alpago,Belluno,BL,Veneto
M376,Abetone Cutigliano,Pistoia,PT,Toscana
M377,San Marcello Piteglio,Pistoia,PT,Toscana
M378,Montalcino,Siena,SI,Toscana
M379,Terre Roveresche,Pesaro e Urbino,PU,Marche
M380,Colli al Metauro,Pesaro e Urbino,PU,Marche
M381,Terre del Reno,Ferrara,FE,Emilia-Romagna
M382,Valfornace,Macerata,MC,Marche
M383,Alta Valle Intelvi,Como,CO,Lombardia
M384,Val Liona,Vicenza,VI,Veneto
M385,Casali del Manco,Cosenza,CS,Calabria
M386,Alta Val Tidone,Piacenza,PC,Emilia-Romagna
M387,Montalto Carpasio,Imperia,IM,Liguria
M388,Cassano Spinola,Alessandria,AL,Piemonte
M389,Alto Sermenza,Vercelli,VC,Piemonte
M390,San Giovanni di Fassa,Trento,TN,Trentino-Alto Adige/Südtirol
M391,Rio,Livorno,LI,Toscana
M392,Laterina Pergine Valdarno,Arezzo,AR,Toscana
M393,Castelgerundo,Lodi,LO,Lombardia
M394,Centro Valle Intelvi,Como,CO,Lombardia
M395,Valvarrone,Lecco,LC,Lombardia
M396,Borgo Mantovano,Mantova,MN,Lombardia
M397,Alluvioni Piovera,Alessandria,AL,Piemonte
M398,Cellio con Breia,Vercelli,VC,Piemonte
M399,Treppo Ligosullo,Udine,UD,Friuli-Venezia Giulia
M400,Fiumicello Villa Vicentina,Udine,UD,Friuli-Venezia Giulia
M401,Barbarano Mossano,Vicenza,VI,Veneto
M402,Borgo Veneto,Padova,PD,Veneto
M403,Corigliano-Rossano,Cosenza,CS,Calabria
M404,Valle Cannobina,Verbano-Cusio-Ossola,VB,Piemonte
M405,Val di Chy,Torino,TO,Piemonte
M406,Borgocarbonara,Mantova,MN,Lombardia
M407,Terre d'Adige,Trento,TN,Trentino-Alto Adige/Südtirol
M408,Barberino Tavarnelle,Firenze,FI,Toscana
M409,Tresignana,Ferrara,FE,Emilia-Romagna
M410,Riva del Po,Ferrara,FE,Emilia-Romagna
M411,Sorbolo Mezzani,Parma,PR,Emilia-Romagna
M412,Solbiate con Cagno,Como,CO,Lombardia
M413,Sassocorvaro Auditore,Pesaro e Urbino,PU,Marche
M414,Quaregna Cerreto,Biella,BI,Piemonte
M415,Valchiusa,Torino,TO,Piemonte
M416,Gattico-Veruno,Novara,NO,Piemonte
M417,Valdilana,Biella,BI,Piemonte
M418,Piadena Drizzona,Cremona,CR,Lombardia
M419,Colli Verdi,Pavia,PV,Lombardia
M420,Lu e Cuccaro Monferrato,Alessandria,AL,Piemonte
M421,Borgo Valbelluna,Belluno,BL,Veneto
M422,Pieve del Grappa,Treviso,TV,Veneto
M423,Valbrenta,Vicenza,VI,Veneto
M424,Vermezzo con Zelo,Milano,MI,Lombardia
M425,Cadrezzate con Osmate,Varese,VA,Lombardia
M426,Colceresa,Vicenza,VI,Veneto
M427,Lusiana Conco,Vicenza,VI,Veneto
M428,Presicce-Acquarica,Lecce,LE,Puglia
M429,Borgo d'Anaunia,Trento,TN,Trentino-Alto Adige/Südtirol
M430,Novella,Trento,TN,Trentino-Alto Adige/Südtirol
M431,Ville di Fiemme,Trento,TN,Trentino-Alto Adige/Südtirol
M432,Misiliscemi,Trapani,TP,Sicilia
M433,Bardello con Malgesso e Bregano,Varese,VA,Lombardia
M434,Moransengo-Tonengo,Asti,AT,Piemonte
M435,Uggiate con Ronago,Como,CO,Lombardia
M436,Sovizzo,Vicenza,VI,Veneto
M437,Setteville,Belluno,BL,Veneto
M438,Santa Caterina d'Este,Padova,PD,Veneto
